,placename,a_load_of,a_lot_of,a_rake_of,bare,loads_of,lots_of,longitude,latitude
0,Dingle,0.9814071792472994,0.5411332831931922,0.01,0.04913719213693984,0.3010772806299895,0.3381722725489284,-10.2640135,52.14094
1,Tralee,0.9814071792472994,0.5411332831931922,0.01,0.04913719213693984,0.3010772806299895,0.3381722725489284,-9.6999325,52.27131
2,Killarney,0.8993049996039315,0.5574513856530884,0.01,0.05689158062206873,0.3367125345016585,0.306310204548795,-9.5044265,52.05994000000001
3,Bantry,0.9175341534018234,0.5730441317022965,0.01,0.05804478579985632,0.3226862421107847,0.2921206946169614,-9.4539805,51.68035
4,Mayo,0.6181061402694515,0.6132368038946906,0.01,0.01,0.3737173994077702,0.25954719550810296,-9.4289369,54.01526
5,Ballycastle,0.6508169323925971,0.6895564788731486,0.01,0.01,0.2938171149342724,0.20546731513392644,-9.3724643,54.27967
6,Abbeyfeale,0.9143422287138468,0.5517058926266283,0.01,0.05669366385320863,0.3342202633736584,0.3130819747318443,-9.2970823,52.38618
7,Ennistymon,0.9774889267259022,0.5380378706294134,0.01,0.01,0.2346588583914608,0.38912934912699415,-9.2934951,52.94037
8,Galway,0.9095045113196444,0.5584048861503007,0.01,0.01,0.2424671564504141,0.36787740329292135,-9.0567905,53.27067
9,Claremorris,0.6354053837563731,0.6107584759717234,0.01,0.01,0.3642229515875373,0.26600853799672025,-9.0017356,53.72388
10,Clare,0.9792766649473612,0.5511645337772476,0.01,0.01,0.2409323172739578,0.36834180971111696,-8.9811351,52.90453
11,Adare,0.8978071888701223,0.5461653425931476,0.01,0.05566841164792916,0.3378405422280282,0.3204243719500171,-8.7925892,52.56363
12,Charleville,0.8945716774104261,0.5466296867014554,0.01,0.055467795202485085,0.3352546189664219,0.3218612322332637,-8.681017599999999,52.36206
13,Mallow,0.9000669247804467,0.5837314576538153,0.01,0.05811784637459307,0.3063117904402561,0.2907196529138415,-8.6539164,52.13898
14,Limerick,1.0,0.4972925612782773,0.01,0.01,0.21882952247078727,0.4475613928404834,-8.6267343,52.66384
15,Loughrea,0.9023142326906884,0.5805558079748605,0.01,0.01,0.2549701276431961,0.3330683307347708,-8.5660931,53.19891
16,Sligo,0.4084127558980699,0.7552912993965782,0.01,0.01,0.3052044190917895,0.14836961645711416,-8.476088800000001,54.27661
17,Cork,0.8719215288973047,0.5928749441723689,0.01,0.05406337542188642,0.2915650759264448,0.29235083928697125,-8.4756035,51.89851
18,Nenagh,0.9715067384764402,0.528783534441701,0.01,0.01,0.32713910625835524,0.3462499799292439,-8.19834,52.8635
19,Roscommon,0.5232107844740073,0.7089632269112063,0.01,0.01,0.3018395239838932,0.19360889486505653,-8.1890955,53.62759000000001
20,Tipperary,0.9145100658959197,0.5394167245082819,0.01,0.01995877670813978,0.3522583087645028,0.3228410968390309,-8.161851400000002,52.47379
21,Donegal,0.5055320431274092,0.5829287642646447,0.01,0.01,0.4479966362018424,0.269327726421802,-8.1096143,54.653830000000006
22,Leitrim,0.35240742345750103,0.8069617459080681,0.01,0.01,0.3714731076115805,0.050350219254998274,-8.0020132,54.12469
23,Athlone,0.5322483965438679,0.7409994257729352,0.01,0.01,0.2897314549064634,0.15869154315089035,-7.9406898,53.42393000000001
24,Longford,0.280811164912844,0.7227694887574588,0.01,0.01,0.33597168167900315,0.18919909243128685,-7.7932573,53.72763000000001
25,Offaly,0.6012695142903803,0.580554519025219,0.01,0.01,0.4468626638081056,0.25972175962274385,-7.7122229,53.23569000000001
26,Fermanagh,0.257806670444976,0.8273203832562867,0.01,0.01,0.27734160671547503,0.09402830161879393,-7.6318728,54.34383
27,Enniskillen,0.257806670444976,0.8273203832562867,0.01,0.01,0.27734160671547503,0.09402830161879393,-7.631533599999999,54.34382
28,Doon,0.3995113783814998,0.7615175706392742,0.01,0.01,0.3793147940959117,0.09714904687581688,-7.60964,54.185930000000006
29,Westmeath,0.3223656035331266,0.7230140669519115,0.01,0.01,0.3438478535390326,0.17837529390791815,-7.4653217,53.53453
30,Strabane,0.6863770210776219,0.5666757537616387,0.01,0.01,0.3845115962389139,0.30305524254325084,-7.4633103,54.82739
31,Cavan,0.4278141068275971,0.7862828045739672,0.01,0.01,0.2645794810094932,0.13046938396570967,-7.3633319,53.98972
32,Mullingar,0.2236408258264021,0.6676311232358307,0.01,0.01,0.4768739905057578,0.182987656587922,-7.3401868000000015,53.52582
33,Laois,0.7826862690158388,0.5410585241139924,0.01,0.01,0.4784020423021066,0.2660031857950922,-7.3323006999999985,52.99429
34,Omagh,0.5284013682991368,0.42289761035181256,0.01,0.01,0.4364696765566565,0.4775328985424309,-7.309959700000001,54.59771
35,Derry,0.6774094496653718,0.586688630368556,0.01,0.01,0.3574841800909961,0.2949639488049562,-7.308574799999999,54.99661
36,Kilkenny,0.6532113937419161,0.6021415253816741,0.01,0.01,0.3901852289743247,0.25894980746483914,-7.2447879,52.65415
37,Tyrone,0.6128205118341636,0.6304977730172572,0.01,0.01,0.3437435061398023,0.2562292422064737,-7.1312320000000025,54.49121
38,Waterford,0.8394461290138261,0.6252134017250013,0.01,0.01,0.3022541712050129,0.2563638706628125,-7.110070200000001,52.25932
39,Monaghan,0.456995761193848,0.8533175308107299,0.01,0.01,0.2026441576117417,0.0779552284216728,-6.9683132,54.2492
40,Carlow,0.8040016503200492,0.5672954163017329,0.01,0.01,0.441792010951952,0.25150036621410365,-6.9341358999999985,52.83651
41,Kildare,0.2655785498873387,0.6139537821327089,0.3944208418506373,0.3584204006992969,0.5561699239120979,0.1381942577463855,-6.8194708,53.21204
42,Dungannon,0.5583108892035804,0.6006776008264748,0.01,0.01,0.4323631059133644,0.2486962242687759,-6.7669352,54.50827
43,Cookstown,0.6674543552846239,0.4730847980634823,0.01,0.01,0.4880181144891164,0.3631081799344314,-6.7443895000000005,54.64182
44,Coleraine,0.4635583666376612,0.7058375240308549,0.01,0.01,0.08570267175276818,0.3356954383185523,-6.6646103000000005,55.13258
45,Meath,0.26526648872335057,0.4773508991390461,0.01,0.11038309251104884,0.8264523810780732,0.19561885243033186,-6.656416900000001,53.60555
46,Armagh,0.22938353835045586,0.8498454227142573,0.01,0.01,0.17832799129953855,0.1286623983544861,-6.652792,54.35028000000001
47,Magherafelt,0.5727189064235805,0.4982773188042928,0.01,0.01,0.34274020795298576,0.4313433984915849,-6.607980499999999,54.75536999999999
48,Louth,0.5882596766701907,0.7719077936984543,0.5573265254521838,0.01,0.3834282206787064,0.038208132299836786,-6.4889423,53.925230000000006
49,Wexford,0.6843311059496772,0.5475039167957226,0.01,0.01,0.41116118156084097,0.3118316180899475,-6.4633381,52.33692
50,Craigavon,0.01,0.8185874271985132,0.01,0.01,0.09690253452428316,0.2494113607478589,-6.4175653,54.44293
51,Drogheda,0.4517091266823629,0.5987038966881086,0.3878354065284441,0.0881090091356717,0.5634379739382429,0.16376913566472487,-6.3560985,53.71786
52,Rosslare,0.6298217792238578,0.5476266892490644,0.01,0.01,0.4099656428303704,0.31997684555234096,-6.3414908,52.25131
53,Newry,0.01,1.0,1.0,0.01,0.07566242258873011,0.01,-6.34023,54.1751
54,Ballymena,0.1486958722498648,0.6426022990994757,0.01,0.01,0.2289376454359017,0.3742819301027169,-6.2802213,54.86529
55,Banbridge,0.01,0.9643895437827196,0.01,0.01,0.11760843165379035,0.05069317186701668,-6.2704803,54.34873
56,Dublin,0.63590661683591,0.526149565849537,0.1386632437560924,0.11813144443314327,0.4204749068157842,0.3202473375884708,-6.2603097000000005,53.34981
57,Antrim,0.5579060027151629,0.5134408446229209,0.01,0.01,0.3998449734959663,0.3797382938086968,-6.2072498,54.719530000000006
58,Wicklow,0.11001881155355417,0.5542634909525405,0.01,0.22890597773563484,0.480066870091533,0.311108659162331,-6.044589,52.98082
59,Kilkeel,0.333841263724026,0.9526078995856674,0.833846110486155,0.01,0.01,0.06458625217021469,-6.007004,54.06312
60,Belfast,0.5221632520193946,0.5173463620363083,0.01,0.01,0.3802587884060305,0.3914830827199231,-5.93012,54.59728000000001
61,Down,0.2858983300229974,0.9136822648907518,0.01,0.01,0.02877232131073495,0.12904775687171216,-5.7156922,54.32875
62,Balivanich,0.2778086192737509,0.2830984544849325,0.01,0.01,0.3846400765451934,0.7221379822282206,-7.3743509,57.47227
63,Western Isles,0.3016673907949413,0.294811462113581,0.01,0.01,0.3864383209173412,0.7027733050297933,-7.0194034,57.75989000000001
64,Dunvegan,0.3023787754377859,0.2930707356228943,0.01,0.01,0.3810594250211489,0.7081288003204734,-6.5813982000000015,57.4366
65,Stornoway,0.34096022930488684,0.2506423802775237,0.01,0.01,0.3594864572227425,0.7699240851955222,-6.3848692000000025,58.20943000000001
66,Scilly Isles,0.28768518053016484,0.07950821415382686,0.01,0.2025202992360928,0.5078498793320367,0.8798064314525013,-6.327496599999999,49.92773
67,Portree,0.3030935333949387,0.27693405282502304,0.01,0.01,0.3828577379526916,0.7275663498026069,-6.1960231,57.41246999999999
68,Islay,0.2291231717487176,0.4424767554044048,0.01,0.051692034304411716,0.5017567316584592,0.4480381504932054,-6.177067,55.73625
69,Mull,0.2404983722722797,0.40001005380720256,0.01,0.05425837087594811,0.4904680844703852,0.5071486886900156,-6.0008870000000005,56.4392
70,Broadford,0.3030935333949387,0.27185623571279866,0.01,0.01,0.3990635335114552,0.7243225039081364,-5.9096592,57.24139
71,Kyle of Lochalsh,0.30297416541318944,0.2813209929294665,0.01,0.01,0.4014567363136422,0.7108094299205362,-5.7143293,57.28261
72,Campbeltown,0.22386038716120124,0.4351877451823898,0.01,0.050504706076529016,0.5240035011911852,0.4448828217795082,-5.6053739999999985,55.42412
73,Penzance,0.2884442650209469,0.07935418467168176,0.01,0.20305465357951705,0.5041619323547759,0.8820411814861582,-5.537592,50.1188
74,Oban,0.2315459215934637,0.4057220341429872,0.01,0.07854720410826624,0.4834138026379325,0.5020842708263429,-5.471047,56.41516
75,Lochgilphead,0.22464814482360326,0.4273937889383629,0.01,0.06096582662879532,0.4763712444620291,0.4819357019433019,-5.4323449,56.03829
76,Helston,0.2881907930002071,0.07798983147627904,0.01,0.20287622250367468,0.4973607032493658,0.8879273681536595,-5.274996,50.10159
77,Redruth,0.2884442650209469,0.07935418467168176,0.01,0.20305465357951705,0.5041619323547759,0.8820411814861582,-5.226666000000002,50.23302
78,Ullapool,0.3412410725162857,0.26931571596963505,0.01,0.01,0.3516242714792985,0.7507483818853502,-5.161313,57.89542
79,Ballachulish,0.13964358330371576,0.2978530610298325,0.01,0.05810870379824825,0.5175873016482433,0.6349020361833534,-5.1337199999999985,56.67393000000001
80,Fort William,0.198625540126062,0.24272887395425896,0.01,0.01,0.42125998044823176,0.7627430774418288,-5.1052179,56.81981999999999
81,Achnasheen,0.3264512789699271,0.2902837042608163,0.01,0.01,0.34694036217048896,0.7288290576790303,-5.078765799999998,57.57859000000001
82,Newquay,0.29100366368565306,0.08383811823663931,0.01,0.2048563783293149,0.5180879909101213,0.8673522699716377,-5.0737190000000005,50.4155
83,Falmouth,0.26300086430822484,0.06371116958645967,0.01,0.19172026614920126,0.4978502173298544,0.9108739033647648,-5.0662699999999985,50.15257
84,Rothesay,0.21664779731304865,0.436510529751858,0.01,0.06614398793706927,0.5053549343876306,0.4533030700640248,-5.055793,55.83596
85,Truro,0.2881907930002071,0.07798983147627904,0.01,0.20287622250367468,0.4973607032493658,0.8879273681536595,-5.0510410000000014,50.2632
86,Milford Haven,0.6139520516512418,0.20697663327642624,0.01,0.18846787003308724,0.7023122273007214,0.5566536717955852,-5.0426971,51.71431
87,Stranraer,0.11800430464496207,0.502608834074157,0.01,0.01,0.5954454074220893,0.3373229193213243,-5.0240550000000015,54.90337
88,Fishguard,0.5503530336171187,0.19197744853707435,0.01,0.1444712838403113,0.7261983890873188,0.5762064994666326,-4.975989,51.99393
89,Inchnadamph,0.3429359854133155,0.28197223473577504,0.01,0.01,0.3410681128676866,0.7406813023306368,-4.974295,58.15221
90,Haverfordwest,0.6044055425684599,0.22420956774429293,0.01,0.15851228328373154,0.6982199170115947,0.5424275198679901,-4.971319,51.80048
91,Dunoon,0.2199294995063865,0.4366729374066721,0.01,0.08206722836829268,0.4866369854763092,0.4617496676488641,-4.926214,55.95097
92,Pembroke,0.6574270009605365,0.2033823972014326,0.01,0.2344881670389455,0.7837361072098911,0.5001455387135035,-4.9086370000000015,51.67404000000001
93,Girvan,0.048278134617552114,0.5030989571752928,0.01,0.01,0.5841261827438334,0.3531959025191166,-4.8542179,55.24016
94,Wadebridge,0.2942674932312525,0.07600323784149883,0.01,0.20715400627064376,0.5235438790069281,0.8733249152808237,-4.836456,50.51665
95,Invergarry,0.2884350327923139,0.2792718852370797,0.01,0.01,0.39481394797013797,0.7194388257763675,-4.800261,57.07095
96,St Austell,0.2881907930002071,0.07940574265733727,0.01,0.20287622250367468,0.4973607032493658,0.8861187357111654,-4.7834252,50.34038
97,Greenock,0.2198051899150804,0.4407969317842736,0.01,0.08202084441530819,0.4927900540611398,0.4528090206829657,-4.7719830000000005,55.956480000000006
98,Helensburgh,0.2228824810975297,0.43145043569720254,0.01,0.08316914584760175,0.4803075821274708,0.4716648270189017,-4.734014,56.00232
99,Bodmin,0.2884442650209469,0.07793730677839265,0.01,0.20305465357951705,0.5041619323547759,0.8838514607599219,-4.7188629,50.4715
100,Tenby,0.6528682625777206,0.21003821091211866,0.01,0.194051807815645,0.8059216532028585,0.4843618961121194,-4.703579,51.67274000000001
101,Camelford,0.2733823870442005,0.0470350613636701,0.01,0.19211176542850625,0.5418783752218668,0.904243760670952,-4.682364,50.62206
102,Irvine,0.19774247153921404,0.4404234586256829,0.01,0.0645840797141293,0.5153809231975033,0.4451216123136868,-4.6696364,55.61156999999999
103,Cardigan,0.5277282441422619,0.1857189535533441,0.01,0.1512544690613939,0.7219778727294928,0.5889776759670091,-4.660864,52.0837
104,Holyhead,0.4519129754742,0.22173027310909446,0.01,0.2861641387294288,0.4184768118071345,0.7177290032100859,-4.633038,53.30944
105,Ayr,0.21717492205942496,0.4331882620511959,0.01,0.0663049249855151,0.5315736924712118,0.4417081427983864,-4.629179,55.45856
106,Dumbarton,0.2256065507633352,0.4328966371948332,0.01,0.08152714529268736,0.4968921683437553,0.4596985393018342,-4.564554,55.94529
107,Bude,0.25590136926082724,0.01723519012973899,0.01,0.18791658499272806,0.5392944401827163,0.946862518820194,-4.543678,50.82664000000001
108,Isle of Man,0.382624152687805,0.29160294421877075,0.01,0.25929813020122744,0.4568045302402809,0.6186733374311985,-4.5126331,54.27697
109,Kilmarnock,0.2289764029858329,0.4327258513673502,0.01,0.06367857063249885,0.5293573729081931,0.4423388791748717,-4.498792,55.61472
110,Newton Stewart,0.1321109724534266,0.4794489869178057,0.01,0.01,0.630394450308939,0.34396294300275804,-4.483164,54.9603
111,Liskeard,0.2629649414698897,0.051827376130328034,0.01,0.18357546194937144,0.5341978718752428,0.9053240819842012,-4.4647190000000005,50.45552
112,Altnaharra,0.2655353773822885,0.3439829575078418,0.01,0.0736633260174971,0.33532023030746216,0.6658217049891165,-4.442655,58.28023
113,Pwllheli,0.500166165320157,0.1941502953950341,0.01,0.10070802112114907,0.4109249944449749,0.7755916550119044,-4.417633900000001,52.88882
114,Lairg,0.26338196005362624,0.3515536032264984,0.01,0.07306593715023009,0.3417263516193352,0.6526812265763983,-4.402414,58.02206
115,Launceston,0.2429716626506965,0.048719718544956325,0.01,0.17332411581043675,0.5274418234111549,0.9175044577663946,-4.360451599999998,50.63683
116,Carmarthen,0.5736121837247823,0.17938988857674815,0.01,0.13889426917364567,0.7488124998585964,0.5762184389933415,-4.312131,51.85762
117,Llangefni,0.4759665706919293,0.20770005626265176,0.01,0.3656491218276834,0.4253206162968561,0.7175676137456065,-4.311401999999998,53.25578
118,Caernarfon,0.5313836148714277,0.22431300595301376,0.01,0.09476578361682148,0.3994503456181943,0.7403959888130754,-4.273911,53.13955
119,Cumnock,0.2214434666403035,0.4375813246664359,0.01,0.06412317996893414,0.5473413249363615,0.4263246801956601,-4.265828900000002,55.45355
120,Aberaeron,0.5515151699867823,0.1759226140414307,0.01,0.05269071147212049,0.6738427328378179,0.6402727646632828,-4.2581619,52.24279
121,Alness,0.2844858286326149,0.35812209059898104,0.01,0.07398792133913241,0.35288960367390604,0.6345261469459307,-4.256825,57.69595
122,Glasgow,0.2421885802835637,0.41544554800016265,0.01,0.0799455780909049,0.5109110563199663,0.4714807936244576,-4.251806,55.86424
123,Dalwhinnie,0.18941272284550786,0.3373187656244862,0.01,0.01,0.4290392778830888,0.6385003625087334,-4.242783,56.9366
124,Inverness,0.33680217556284114,0.3016641628819883,0.01,0.01,0.33096307507534845,0.7224430577210241,-4.224721,57.47776999999999
125,Saltash,0.263057234165744,0.05236261246891191,0.01,0.16203518884054546,0.5200833435429699,0.9159844325040032,-4.21643,50.40921
126,Bideford,0.331903531377756,0.09900132181785727,0.01,0.2257603312028493,0.6318184289436375,0.7711958506439317,-4.206666,51.01668
127,Invergordon,0.2858599511751222,0.35334878783953344,0.01,0.07434530064665074,0.36470732371339903,0.6332889649541954,-4.172882,57.68811
128,Llanelli,0.6372026205207527,0.1603949599491124,0.01,0.1704559695570308,0.8126236768636654,0.5490992450513749,-4.160248,51.68089000000001
129,Plymouth,0.2616797974898813,0.057872549948409686,0.01,0.16118673928589405,0.5201583475211288,0.9092048398724202,-4.1426565,50.37546
130,Tavistock,0.19498833794939835,0.05753967870352271,0.01,0.17386896102934352,0.5256834806069124,0.9138950153299408,-4.141654,50.55112
131,Porthmadog,0.5024950837642767,0.19838385049215296,0.01,0.10117694293838284,0.3977059889305372,0.7777341824944306,-4.133384,52.92784
132,Bangor,0.4929218248908401,0.21348872910209835,0.01,0.3313402311681036,0.4250070941834003,0.7125892428158018,-4.129263,53.22739
133,Tywyn,0.5018218116550199,0.21063531683348904,0.01,0.01,0.4085519481049257,0.7691937155271897,-4.087249,52.58701
134,Aberystwyth,0.4623511935629352,0.1911799109464694,0.01,0.01,0.4669784702246204,0.7644566053784687,-4.08292,52.4153
135,Lampeter,0.5343406503578362,0.16316072364210776,0.01,0.05104989298768304,0.7041994617676135,0.6409574347638669,-4.078509,52.1129
136,Barnstaple,0.4368058536590562,0.1075728369330473,0.01,0.2336969771013278,0.6776413346786516,0.7170702707020071,-4.058338,51.07816
137,Tain,0.2864942230364995,0.3639014185535278,0.01,0.07451025796604142,0.35391292120407025,0.626178359237303,-4.05523,57.8115
138,Okehampton,0.1953035357038836,0.058711978402359526,0.01,0.17414999828522826,0.5437696546930655,0.9014548519148736,-4.004263,50.73831
139,Llandeilo,0.5992225930862385,0.17088926569183385,0.01,0.13495715873378294,0.8182866828928473,0.5423225343745149,-3.99143,51.88469
140,Motherwell,0.2602450144707786,0.4140760390061942,0.01,0.07976980051701854,0.5183742949437515,0.4662599267901159,-3.9810968,55.78321
141,Golspie,0.26633204177808345,0.35620220010814313,0.01,0.07388433010035929,0.33129469686909124,0.6524864887786976,-3.976086,57.97341
142,Airdrie,0.2594504214083309,0.42042250480294896,0.01,0.07952625090245616,0.5124118900364893,0.4618748268253993,-3.962566,55.86626999999999
143,Swansea,0.6415923381024402,0.20941178138640687,0.01,0.1297821311435962,0.7943711776851785,0.5022625403113417,-3.943646,51.62144
144,Stirling,0.2488069045944156,0.4087001522894001,0.01,0.08213025981382692,0.4956168950368688,0.4880701484247853,-3.9369029,56.11652
145,Tregaron,0.5358436394250132,0.145882998174203,0.01,0.016892125728943844,0.7150797691989104,0.6608581555407433,-3.934385,52.22
146,Castle Douglas,0.3078812428840453,0.39974775255518197,0.01,0.01,0.5836453757065132,0.4494116077725495,-3.931414,54.94042
147,Dolgellau,0.511809721874082,0.16707977502672966,0.01,0.049148086270840295,0.44307208341649024,0.7961498731734068,-3.8844,52.74215
148,Aberfeldy,0.09166392782148963,0.3652960620655032,0.01,0.01,0.5429592826438532,0.5479448163309671,-3.866969,56.62175
149,Machynlleth,0.4474019369393215,0.15441616703756186,0.01,0.0644447000603444,0.3251771420508844,0.8900423112124095,-3.853485,52.59027
150,Brora,0.2669728235442662,0.35285125327796,0.01,0.07406209010494129,0.3412528118778878,0.6506753860892984,-3.852548000000001,58.01216
151,Llandudno,0.8073048351992447,0.21486403836945275,0.01,0.7443252605810491,0.7657374149117919,0.4072432579757068,-3.827609,53.32406
152,Aviemore,0.2876164714439919,0.369297928464584,0.01,0.01,0.4041908164279006,0.598899834369945,-3.823812,57.19449
153,Dalbeattie,0.320710519417315,0.4004853539874624,0.01,0.01,0.5372172276322059,0.4745648968857185,-3.822527,54.93422
154,Falkirk,0.17312807761297888,0.3704518606310313,0.01,0.04502645278254727,0.6448331960202917,0.4628242250526679,-3.7839131,56.00188000000001
155,Kingsbridge,0.17399022573302048,0.05772979877562647,0.01,0.16416523058699584,0.5315366703978975,0.9143565397934132,-3.777493,50.28395
156,Pitlochry,0.1371231552964127,0.33664400048722337,0.01,0.01,0.6051759737987932,0.5408655004082082,-3.729711,56.70436
157,Colwyn Bay,0.7952958658524039,0.22138999040377,0.01,0.7142379222264548,0.7624782383910262,0.40655735275166976,-3.72764,53.29318000000001
158,Totnes,0.1731379016511397,0.05483417340626194,0.01,0.16336104710905774,0.5522612842422471,0.9058370699248676,-3.685797,50.43374
159,Grantown-on-Spey,0.28016493849900603,0.3630407224304951,0.01,0.07286416326077738,0.3559622300808048,0.627148342855449,-3.609628,57.33041
160,Dumfries,0.3179337787035389,0.3785477533285518,0.01,0.01,0.5750496729956814,0.4802608745415117,-3.60512,55.07086
161,Whitehaven,0.3637802863334284,0.30527902215124425,0.01,0.2284087878111369,0.4398531512606049,0.6181327650667563,-3.589233,54.5497
162,Dartmouth,0.1727852423535472,0.06484898988238963,0.01,0.16302829119149986,0.5363978057428503,0.9026611558202928,-3.578807,50.35252
163,Bridgend,0.6042563473865116,0.16788859092669686,0.01,0.3673114115141428,0.7078841178939129,0.5806776463652167,-3.576945,51.50429000000001
164,Paignton,0.19008040235472728,0.05723967567449119,0.01,0.16949260366651112,0.5262626703760955,0.9151988939881192,-3.564235,50.43508
165,Workington,0.3677935242840311,0.3085471539669682,0.01,0.2037605374310512,0.4458692381741728,0.6130827569766978,-3.542752,54.64357
166,Llanidloes,0.3190608503586824,0.14516440874913225,0.01,0.15841646477400578,0.2587254685057679,0.9470564332022592,-3.540195,52.44779000000001
167,Exeter,0.1134604206812929,0.058848929301756364,0.01,0.16996795607027154,0.5193398169039084,0.9278967864969716,-3.533899,50.71841
168,Torquay,0.18993100003944413,0.05603676342167138,0.01,0.1451651899933412,0.5255506124993513,0.9204378759664328,-3.525315,50.46192
169,Thurso,0.2642705916500351,0.3564313109068984,0.01,0.07331245425421885,0.33191440524073496,0.652184706948434,-3.5220800000000003,58.59356999999999
170,Livingston,0.1058938695545867,0.34848686979224064,0.01,0.01836030035758217,0.4498189449216445,0.6209175567446592,-3.518068,55.90071
171,Rhyl,0.8418071531248268,0.21912272798457896,0.01,0.7585007174629091,0.7655682788842617,0.3952069799296555,-3.4916339999999995,53.31914
172,Tiverton,0.2388410984612153,0.056382201925561676,0.01,0.13430665365276845,0.4787744569358901,0.9427330894101752,-3.491207,50.90205
173,Minehead,0.4964207803618187,0.13551823187044004,0.01,0.3809717934989245,0.5716971185788899,0.7169949281713955,-3.481152,51.20428
174,Dunfermline,0.1161206045085766,0.3311698313602737,0.01,0.017257240825807117,0.4608371938557344,0.6351507077051529,-3.452151,56.07174000000001
175,Perth,0.1517307898701265,0.3841556509807942,0.01,0.037140260360934686,0.5391449807015588,0.5128141999673105,-3.4308381000000003,56.39499
176,Prestatyn,0.8380400487568198,0.2104809651139336,0.01,0.7704125986524392,0.7632838798419815,0.4065511771344066,-3.407613,53.33651
177,Builth Wells,0.4275172847589487,0.03508102015208327,0.01,0.1809143873544045,0.6813313384377631,0.8158253897740837,-3.404592,52.15002
178,Braemar,0.19136554633473574,0.3666571928868027,0.01,0.06924462959909339,0.4826336652819269,0.5592988945233389,-3.3979439,57.00646999999999
179,Brecon,0.3043908094702663,0.020903540809112255,0.01,0.17272304836447205,0.9891234633354296,0.6673330843873395,-3.391463,51.94895
180,Merthyr Tydfil,0.5025983249363946,0.07732892254766037,0.01,0.16806051912712086,1.0,0.5617555550706551,-3.381646,51.74873
181,Llandrindod Wells,0.4956315727660737,0.026795007382458803,0.01,0.2379726583835685,0.6944346156933965,0.8014353781351036,-3.377742,52.2417
182,Corwen,0.3901458150618306,0.2216613143032808,0.01,0.14185753516074018,0.43208160103738585,0.7375416185140065,-3.369242,52.98005
183,Cockermouth,0.38867475411867625,0.32363140938265084,0.01,0.05881306696536685,0.4235650158684147,0.6236850566942251,-3.367985,54.66326
184,Lockerbie,0.470148787129279,0.29327696756551563,0.01,0.01,0.5095009266830628,0.6073917198147151,-3.349008,55.12224000000001
185,Blairgowrie,0.16708528806787418,0.3698280090046023,0.01,0.01,0.5767173117203039,0.5113884557951373,-3.3378318,56.58941
186,Elgin,0.284371905298521,0.3660984332172633,0.01,0.0739582926194964,0.3752450398477488,0.6109303485065506,-3.318485,57.64945
187,Newtown,0.39350051696041777,0.1281190164540865,0.01,0.1964928449166292,0.2949573947923517,0.9316268593239676,-3.313106,52.51211
188,Ruthin,0.7222396427932378,0.2199350884960599,0.01,0.6519913930370268,0.7332260013151063,0.4444723490854116,-3.3103108,53.11487
189,Sidmouth,0.26838884620133885,0.013380586227186223,0.01,0.10564549564179697,0.5155136541862744,0.9753341729428092,-3.23756,50.67865
190,Barrow-in-Furness,0.2972705714989207,0.2153293491899918,0.01,0.328516581864551,0.4888447351149498,0.6995018747115471,-3.218894,54.10896999999999
191,Peebles,0.1162911048335244,0.31858194916253696,0.01,0.0191018033171588,0.435814111621414,0.6659900934864942,-3.193642,55.65306999999999
192,Edinburgh,0.12253188425614142,0.3304019396114203,0.01,0.0182100542746736,0.4389749739697117,0.6482409577641302,-3.188267,55.95325
193,Cardiff,0.508305321755448,0.1881818140806149,0.01,0.3664576487989624,0.6424630291748336,0.6075008223863658,-3.17909,51.48158
194,Llangollen,0.3556547711077524,0.211943922956902,0.01,0.2137714245771913,0.3826678284284685,0.7748114686976486,-3.17166,52.96921
195,Kirkcaldy,0.1201275988686614,0.3373709680849626,0.01,0.017852742689943038,0.4321884851342321,0.6437945133345988,-3.158137,56.11682
196,Welshpool,0.4188247864152017,0.0811670923422856,0.01,0.2778408788272883,0.2948732038552593,0.9772626123602098,-3.146407,52.66035
197,Mold,0.7805119608108465,0.23101103276445506,0.01,0.7011664976218666,0.7467174618653792,0.407534335402714,-3.141903,53.1672
198,Taunton,0.3115836624706681,0.02527436904303868,0.01,0.18670559688545607,0.5914145263509064,0.8977074873595408,-3.106849,51.01534
199,Wick,0.26532374629516137,0.365007015108423,0.01,0.0736046134388355,0.3716347021056578,0.6171899541645687,-3.093716,58.43894
200,John o' Groats,0.2656413408782341,0.3614218016809193,0.01,0.07369271770737602,0.3438118598566437,0.6384225497312167,-3.0688997,58.63734
201,Dalkeith,0.12222458715885175,0.329206116581628,0.01,0.018164387567577454,0.4490584155526165,0.6437624001248299,-3.066606,55.89312
202,Oswestry,0.3288025678141962,0.19527941528088466,0.01,0.16418618463318413,0.4196855139414501,0.7842412245507958,-3.056412,52.85715
203,Blackpool,0.26616544739601883,0.177688475050124,0.01,0.526486580835811,0.583364693543275,0.6686843094445362,-3.0356748,53.81751
204,Birkenhead,0.7993657695652897,0.23866417126016065,0.01,0.7110718449599318,0.7955396354546137,0.3644902830779441,-3.023009,53.38999
205,Cupar,0.13211623955822366,0.3382825777188299,0.01,0.016659516422909932,0.4171914602691793,0.6501274029841406,-3.010137,56.32023
206,Southport,0.678008331316989,0.21188302008634646,0.01,0.7399882655494359,0.7763920248146616,0.42322369691387934,-3.010113,53.64571
207,Bridgwater,0.5293245911624432,0.11441619281655464,0.01,0.355366758651964,0.5605965298113732,0.7494683822805898,-3.003632,51.12789
208,Langholm,0.5293780019723237,0.3195808851346081,0.01,0.01,0.5513074173792445,0.5404381476935922,-2.998913,55.15306
209,Newport,0.4635446958375698,0.18047260627550896,0.01,0.3460501716823461,0.6327420611134333,0.6321452406370437,-2.997664,51.58415
210,Axminster,0.280668479635701,0.01,0.01,0.1324953461285054,0.4940826043355727,1.0,-2.994937,50.78273
211,Wrexham,0.3779261911135835,0.21786761327128312,0.01,0.27163648333331264,0.4598325244810174,0.7100667090176775,-2.992494,53.04304000000001
212,Liverpool,0.8310248569766517,0.23384865539995825,0.01,0.7387072490013328,0.8148792124006394,0.35092821586005546,-2.9915726,53.40837
213,Weston-super-Mare,0.4628482247948248,0.13400436051663686,0.01,0.4666300934881994,0.5288178104693351,0.7378932169901936,-2.977255,51.34741
214,Dundee,0.13165311901227464,0.34424171414834903,0.01,0.01,0.4350415843582563,0.6340868547046058,-2.970721,56.46202
215,Kirkwall,0.26659865197033955,0.3602917150828379,0.01,0.0739582926194964,0.3464193107682882,0.6381318840120268,-2.9622491,58.98467
216,Ambleside,0.4330173553766206,0.2736423976783437,0.01,0.2837211899988452,0.4214103997609197,0.6525976498894359,-2.961333,54.42874000000001
217,Orkney Islands,0.26659865197033955,0.3602917150828379,0.01,0.0739582926194964,0.3464193107682882,0.6381318840120268,-2.9605206,58.98094
218,Lyme Regis,0.2756041583733192,0.03422225745351215,0.01,0.12587358740692545,0.4929832544363241,0.9585262012913628,-2.936639,50.72516
219,Carlisle,0.4394320972099229,0.34183395621824764,0.01,0.03836164083781622,0.4604285113019821,0.5739643386922596,-2.932931,54.89247
220,Chester,0.7990443578107628,0.22982262119510136,0.01,0.6288809547812269,0.7307348271374267,0.42574005509474,-2.893075,53.19339
221,Forfar,0.16615960919502748,0.3965160335668266,0.01,0.06585008335151407,0.5283551716716968,0.4976542947095133,-2.889062,56.64356
222,Morecambe,0.2795759400665023,0.23441966009109005,0.01,0.434713322528696,0.4958471860447626,0.6591648012871631,-2.864968,54.07417
223,Selkirk,0.1395193624838388,0.2965148090646673,0.01,0.01852883467148893,0.4361121393115937,0.6908498349257504,-2.838524,55.55066
224,Galashiels,0.13095546435047412,0.30924576467259723,0.01,0.018577290326116533,0.4485893321718458,0.6682763069973449,-2.814449,55.62373
225,Lancaster,0.2817357489380644,0.2305792346345921,0.01,0.4380716370848348,0.5165493124075434,0.6508898858622418,-2.8007399,54.04657
226,St Andrews,0.13165311901227464,0.3393179265182699,0.01,0.01,0.4190196650969536,0.6499989501450649,-2.7967214,56.33978000000001
227,Hawick,0.1915556947360052,0.3090327657443587,0.01,0.016606341721300304,0.4260516651260228,0.6739150572664987,-2.780914,55.42706
228,Bridport,0.3306570325599103,0.013950946443497876,0.01,0.1385169578183722,0.4624964683341638,0.9933826202485316,-2.758301,50.73358
229,Shrewsbury,0.3802205478812821,0.2189284188261406,0.01,0.4397922945794001,0.3904445891657096,0.7275704668807823,-2.7553268,52.7073
230,Penrith,0.3783838670118771,0.3458973699627042,0.01,0.09640020845443464,0.4252935353358208,0.5906035101385109,-2.752708,54.6641
231,Kendal,0.3678277012842593,0.27515691350696786,0.01,0.35451634205815963,0.4050320402048746,0.6600993780329998,-2.74629,54.32801
232,Street,0.4857414886619503,0.07779101099409587,0.01,0.4238990707346879,0.4532805773359232,0.85760508739116,-2.742919,51.12468
233,Glastonbury,0.4807760883621337,0.07238032263698467,0.01,0.4349158105857286,0.4806619656403623,0.8472930416850049,-2.718454,51.14743
234,Hereford,0.4898162452129636,0.06528723276045957,0.01,0.3877609875782647,0.5403658864081892,0.8255515752558662,-2.715974,52.0564
235,Ludlow,0.4249078190081941,0.1424746930849785,0.01,0.5408406596486424,0.5021546503871926,0.7384366713093584,-2.7139129,52.36775
236,Preston,0.284026909934313,0.20627286677223147,0.01,0.4678342816119207,0.6059345149453654,0.6239687233805165,-2.70309,53.7632
237,Whitchurch,0.3216277650043911,0.2500056391546809,0.01,0.22493486122140136,0.40367799215310296,0.716806365990958,-2.682045,52.96872
238,Wells,0.4864767528192401,0.08596488514491975,0.01,0.4374840372387046,0.4833685534372151,0.8271745274726451,-2.6445979,51.20935
239,Yeovil,0.4322728589906977,0.02938418497458492,0.01,0.11646779413431202,0.4647594768451955,0.9611158434637472,-2.633308,50.94206
240,Wigan,0.4847144919979511,0.2801306479356507,0.01,0.2857763734383752,0.644411075825114,0.5029249781897785,-2.6325074,53.54506
241,Warrington,0.5327738050426137,0.25414671211503104,0.01,0.3548583698410208,0.5708373837652587,0.5643797806997137,-2.5969501,53.39004
242,Arbroath,0.131161887513757,0.3406345885769412,0.01,0.033078355293119366,0.41972308448992457,0.6435388427799007,-2.591543,56.55911
243,Bristol,0.4548987729036576,0.09184023984774928,0.01,0.4445521506976584,0.4794346839099944,0.8254782912643422,-2.58791,51.45451
244,Guernsey,0.2943199571458885,0.12524594770344608,0.01,0.22206619781216166,0.4749370504774716,0.8375969108739032,-2.585278,49.46569
245,Ross-on-Wye,0.4075369665684135,0.13707399408758794,0.01,0.4008370358022705,0.4683848976541924,0.7867575827316567,-2.582446,51.91445
246,Jedburgh,0.21032931329943666,0.29526968371109225,0.01,0.01727418999259319,0.42415181573044586,0.689938725525514,-2.5549369,55.47772
247,Sedbergh,0.3721622918084359,0.3082581070098884,0.01,0.1968619556579691,0.3144933944051283,0.6926592907838793,-2.5281740000000004,54.32363
248,Nantwich,0.4082313070968585,0.2558220244114173,0.01,0.24695315870579496,0.5011333896388791,0.6358571983200676,-2.524102,53.06718000000001
249,Banff,0.251185742172202,0.3847185997366677,0.01,0.05972787869538587,0.41067413561857335,0.5723850275041407,-2.524038,57.66651
250,Dunbar,0.12309327477417513,0.3436330076802062,0.01,0.016523147354870888,0.4361216005081073,0.6331967424030644,-2.516737,56.00209
251,Cinderford,0.2806093282734013,0.2007394059617787,0.01,0.30025949494493565,0.3670362178030512,0.7973878785807775,-2.5009579,51.8253
252,Banchory,0.15864963505917518,0.4035437092490517,0.01,0.06949213484012144,0.4895853137000252,0.5125148883839521,-2.4909599,57.05386
253,Blackburn,0.31864409808923344,0.2588945581190615,0.01,0.3794006863895393,0.6240854091004232,0.5528478447301606,-2.487529,53.74858
254,Market Drayton,0.3540801139067635,0.19862520631250208,0.01,0.27814644712387737,0.3892608426511836,0.7794781768095691,-2.483485,52.90355
255,Telford,0.4595843952492253,0.2486873659089577,0.01,0.5052008253548528,0.3863560496433095,0.6722134688565681,-2.4672611,52.67759
256,Montrose,0.1882947650570917,0.3852747815069239,0.01,0.06813348027249197,0.4422403893954247,0.5603446323799139,-2.4661150000000003,56.70692
257,Turriff,0.2519189349961445,0.3885741703514517,0.01,0.059902218699187035,0.4029752583540823,0.5719568513738895,-2.4623,57.53893000000001
258,Weymouth,0.41064529816059386,0.1088975549269778,0.01,0.25481859409296537,0.4209435102807898,0.8703429155583149,-2.457621,50.61443
259,Crewe,0.32862209549870564,0.2271403169913853,0.01,0.2309044094790391,0.5077508110062235,0.6817515038657306,-2.4438209,53.1004
260,Fortuneswell,0.40269984098373895,0.12999733831899038,0.01,0.2414173995300969,0.4041386427282855,0.8563740810166879,-2.442219,50.55919
261,Dorchester,0.4373842882914894,0.11195623242597738,0.01,0.2332225143287336,0.4253996652793216,0.8629272343486184,-2.4411810000000003,50.71116
262,Alston,0.4466669686867957,0.2756144906296584,0.01,0.1350596048417816,0.7601100597680238,0.464667852659653,-2.438685,54.81217
263,Kelso,0.19461366333737312,0.2948452970416673,0.01,0.01813050770385651,0.4205928289752297,0.6946902454478496,-2.432207,55.60003
264,Wincanton,0.5805833152856086,0.03600487480754354,0.01,0.1303199886021317,0.3715763580604903,0.9861266816720444,-2.416007,51.05569000000001
265,Clitheroe,0.3060894211768446,0.20837353245027387,0.01,0.4055057524397743,0.6158171460602379,0.6206165983300308,-2.3930830000000003,53.8711
266,Sark,0.3016580402044028,0.13030571952069114,0.01,0.24264123957549666,0.4831331890340894,0.8224378290317413,-2.3666256000000003,49.43007
267,Bath,0.5139752417075871,0.09020649617729733,0.01,0.4304943129065593,0.44227850841905947,0.8435390898045912,-2.3590167,51.38106
268,Kidderminster,0.505535771527434,0.28344195956436075,0.01,0.8834915229401077,0.5066440566923123,0.4985868129162624,-2.2496839,52.3886
269,Manchester,0.5716471097783298,0.3016709298676055,0.01,0.7475169893925828,0.565509221821386,0.4489348501198275,-2.2426305,53.48076
270,Burnley,0.4161128784351917,0.2900481487138536,0.01,0.4514739213689243,0.5712647144744584,0.5215629910902312,-2.2405035,53.78929
271,Gloucester,0.3797092836302496,0.17296866370079356,0.01,0.4165591857285356,0.3816822185655688,0.7947315397419499,-2.238156,51.86424
272,Newcastle-under-Lyme,0.3488088368525238,0.24852334706709195,0.01,0.2504047059924912,0.4450890322587723,0.686643827861668,-2.2273002,53.01321
273,Worcester,0.3766717620480658,0.1042766704626234,0.01,0.3555349820567088,0.5534649815407258,0.7879227158553209,-2.221575,52.19364
274,Trowbridge,0.5073343398632512,0.09824341942872472,0.01,0.4384219516742685,0.43316004032115135,0.8386101238128921,-2.208853,51.31966
275,Shaftesbury,0.5491139324183701,0.11636798481101746,0.01,0.21939131700342165,0.4131470044377811,0.8509523007673824,-2.198083,51.0046
276,Alderney,0.3118649199487363,0.1561552823411966,0.01,0.2433256891647113,0.4772788337333889,0.7914148215637734,-2.1973557,49.715
277,Stoke-on-Trent,0.35000763582243194,0.24336625955192245,0.01,0.25126530255261625,0.4508690691752642,0.6894800830167646,-2.179404,53.00267
278,Colne,0.44631185337966295,0.2056000350594304,0.01,0.4239260213258997,0.5823164889527163,0.6223046003819824,-2.176991,53.85564
279,Blandford Forum,0.4219675909123741,0.1468152310023323,0.01,0.2194872401756376,0.460620546167451,0.8012208783621605,-2.165353,50.85691
280,Rochdale,0.5770458921953254,0.3180409125505669,0.01,0.75002651885844,0.5514343208194384,0.4353851341364653,-2.1561,53.60971
281,Jersey,0.28161939918490664,0.2001274771195327,0.01,0.2409912261834693,0.4422203700520769,0.7608072272837122,-2.13125,49.21444
282,Wolverhampton,0.4555836740701349,0.3316473872024055,0.01,0.8447813375402647,0.4173145243832517,0.5027681175112921,-2.12882,52.58697
283,Stafford,0.4441682304986849,0.3023891970552657,0.01,0.508737549438674,0.4863550006845656,0.5452226042413316,-2.12066,52.80669
284,Macclesfield,0.3343808460609617,0.19436683893478648,0.01,0.532222245367682,0.5081393370978383,0.6822904293989023,-2.119287,53.25866
285,Hexham,0.4067856051919687,0.2692248450199172,0.01,0.13117037749115926,0.8837906599205136,0.4046289133342693,-2.1121439,54.97266
286,Aberdeen,0.15847076062940954,0.4105104820607213,0.01,0.06941378573132394,0.4886051885887274,0.5042379144199426,-2.094278,57.14972
287,Dudley,0.4212671843362695,0.3272185562346174,0.01,0.8638316746170501,0.4372311657572148,0.4986930335331899,-2.081112,52.51225
288,Cheltenham,0.4151371916572493,0.1427205602290722,0.01,0.42401664980743775,0.4468931727388923,0.7882916060598449,-2.0782533,51.89939
289,Bromsgrove,0.4620853231325887,0.2703865108842129,0.01,0.7905793458851097,0.4780796760266924,0.5508926443046192,-2.061906,52.33559
290,Skipton,0.4064625955517169,0.17301635483752464,0.01,0.3744467059785342,0.5308337994800867,0.7070130721349152,-2.0162787,53.96285
291,Fraserburgh,0.2328785582880749,0.3905887986409317,0.01,0.05873078069995484,0.4072897010830944,0.5695977655793326,-2.007631,57.69335
292,Berwick,0.18133064643916927,0.30101904358647663,0.01,0.01796561502894501,0.4369883283800314,0.6788267315298608,-2.005395,55.77024
293,Poole,0.5068959569555626,0.19127368203287995,0.01,0.31497983398540474,0.4762935666674642,0.7104183074938646,-1.987248,50.71505
294,Walsall,0.4528108688897183,0.3443818874218492,0.01,0.8530194545066742,0.4141749154474121,0.4876670864714047,-1.982919,52.58621
295,Cirencester,0.37114905471595705,0.17605312019262062,0.01,0.3243305255352665,0.3615465299244962,0.8164083680437333,-1.968243,51.71849
296,Evesham,0.4014912475661463,0.06923431879978148,0.01,0.2375390817049176,0.4720435012103818,0.8939173051911828,-1.94677,52.09215
297,Buxton,0.2457788223741996,0.20659929326891133,0.01,0.5113692877533155,0.5069379708187904,0.6824995769702176,-1.91483,53.25908
298,Keighley,0.39504079002784376,0.25175119920652245,0.01,0.4259898732822604,0.5948615556140443,0.5626633708083514,-1.912358,53.8678
299,Birmingham,0.4534647888274173,0.3274022315585142,0.01,0.8448472071862669,0.4329705421532983,0.4990763335113283,-1.890401,52.48624
300,Bournemouth,0.5001679999296931,0.20043585832123345,0.01,0.310799158539437,0.462598621832753,0.7084318172741895,-1.880769,50.71916
301,Halifax,0.4346534128161148,0.2536952575031371,0.01,0.4814391709287669,0.5569193466591316,0.5700370578206576,-1.85754,53.72702
302,Salisbury,0.5235199753617857,0.20603183318929325,0.01,0.2619690369136507,0.3952789177872072,0.7449894129334715,-1.794472,51.06878
303,Ringwood,0.48874086812007,0.19535965239606065,0.01,0.25743746815624496,0.43445608712473066,0.7405437919195753,-1.788817,50.84495
304,Huddersfield,0.5117527897975115,0.2565786378509081,0.01,0.4317104602589337,0.4507083659533221,0.6260577288467613,-1.7850351000000002,53.64579000000001
305,Peterhead,0.21876472958432447,0.3829040808790117,0.01,0.05873078069995484,0.4105597785476693,0.5794161736122463,-1.784066,57.50812
306,Swindon,0.5702798522263446,0.1086188195670288,0.01,0.43994881733340857,0.323250280253667,0.8823944267936153,-1.7797176,51.55577
307,Bradford,0.41320013989193616,0.2528545400995457,0.01,0.4527903015254616,0.5756176190240803,0.5666989308359687,-1.759398,53.79598000000001
308,Ashbourne,0.29242507180942834,0.2306581828001268,0.01,0.6882984353139344,0.5996792928619455,0.5659150391513548,-1.732179,53.016630000000006
309,Marlborough,0.6606130075532355,0.11349330487332525,0.01,0.44086979799372905,0.31699889749636856,0.8672287576263727,-1.727062,51.42007
310,Stratford-upon-Avon,0.3065929327230633,0.1765986681283357,0.01,0.3986872467065769,0.4169092012398555,0.7815029558562762,-1.708298,52.19173
311,Alnwick,0.4104802424833014,0.2835292859025645,0.01,0.12738347619450274,0.8995408097399317,0.3768872171721683,-1.7062990000000002,55.41274
312,Otley,0.3786936201187071,0.2515391669905151,0.01,0.38810989230239,0.5730543203628328,0.5833706271998065,-1.691786,53.90583
313,Bishop Auckland,0.4033848605121218,0.3188332943426069,0.01,0.17713566204521336,0.8517292016333865,0.3548254420609764,-1.6787880000000002,54.66382
314,Burton upon Trent,0.5743881051966291,0.2558690710733277,0.01,0.967809570490167,0.4717561002264312,0.5339096968307143,-1.6371359,52.81403
315,Newcastle,0.4057839675662339,0.2857408012497657,0.01,0.1217973682044288,0.938076331699403,0.3523210234068245,-1.61778,54.97825
316,Durham,0.4545953521587746,0.3062322004110457,0.01,0.15216896372563396,0.9124534918773914,0.33067342636008706,-1.584852,54.77525
317,Ashington,0.43380431409616027,0.278417956099664,0.01,0.12769572134230125,0.9020302013733408,0.3786357402732998,-1.5659829,55.18298000000001
318,Darlington,0.5057202385572371,0.2887843335904787,0.01,0.1562681317182487,0.8343550168645829,0.3922035714006341,-1.559458,54.52361
319,Leeds,0.3993412035517922,0.2763514475871181,0.01,0.3874132926293932,0.6137007175357725,0.5244807643932022,-1.5490774,53.80076
320,Harrogate,0.35730917464260703,0.2431925735877465,0.01,0.3819701474442373,0.5841551148085347,0.5911646678938304,-1.5418120000000002,53.99211999999999
321,Leamington Spa,0.34117336950630983,0.212181734165737,0.01,0.4555001149794413,0.3779083666663399,0.7470504222681231,-1.5200789,52.28519
322,Coventry,0.4341942278035253,0.2775247139981867,0.01,0.6923960826221335,0.389064762781408,0.6122391676585395,-1.519693,52.40682
323,Blyth,0.4334365636556097,0.2790575973592001,0.01,0.12758746338779114,0.9132140898058144,0.3711681838785921,-1.510277,55.12696
324,Wakefield,0.4302283050246671,0.3037380828549718,0.01,0.3996862686448415,0.559746736110021,0.5159514135370354,-1.505924,53.6833
325,Andover,0.6503401410465567,0.1419958482932049,0.01,0.4043755052870303,0.3745523157204019,0.8025609873082831,-1.4919233,51.2112
326,Witney,0.3770867684794079,0.1730901472044939,0.01,0.3922848143897084,0.35589147678513755,0.8136754515508416,-1.4850544,51.78594
327,Barnsley,0.5325293877076486,0.1993901979246621,0.01,0.5490585767544541,0.6335206901627484,0.5707579582091863,-1.479726,53.55263000000001
328,Derby,0.4811695233361889,0.2305708564619233,0.01,0.912923455546502,0.503764699219993,0.5673210213482853,-1.4746186,52.92253
329,Sheffield,0.4539978908500241,0.18433365492626888,0.01,0.5169518987848952,0.6552032844338018,0.5921947608533386,-1.470085,53.38113000000001
330,Nuneaton,0.4213367515462578,0.27628377773094576,0.01,0.8393027363974187,0.4171111772176033,0.5791234493539688,-1.465382,52.52049
331,Northallerton,0.4057310893849285,0.2927069295866147,0.01,0.22159389601215806,0.5967686723054942,0.535040658205522,-1.429959,54.33796
332,South Shields,0.3851610329999799,0.28088983927442435,0.01,0.12285795939167415,0.9420888388527188,0.3588371230351758,-1.427406,54.99941999999999
333,Chesterfield,0.4062469993407538,0.15460499816002402,0.01,0.535479111187787,0.7117565582031898,0.6003828059287571,-1.421629,53.23505
334,Southampton,0.4001036317664062,0.20149505268903886,0.01,0.3381863277806876,0.5317319961143278,0.6758224995852042,-1.4043508999999998,50.9097
335,Wetherby,0.3458989981759543,0.24672526231736425,0.01,0.35134811305397146,0.5827883147092879,0.5931552751916809,-1.384816,53.92706
336,Sunderland,0.4077375899983243,0.27903761863975884,0.01,0.13335140834016046,0.9340253627254772,0.3615008726147193,-1.383801,54.90687
337,Rotherham,0.475528217374717,0.174664921428852,0.01,0.5214133775352991,0.6784172213521655,0.5870154765085693,-1.3635008999999998,53.4326
338,Castleford,0.4139550225350712,0.34253643377280063,0.01,0.33216926583083345,0.5925478817100881,0.4579767772088434,-1.345968,53.72346999999999
339,Thirsk,0.40960895090605604,0.2173201319111063,0.01,0.18822378787114846,0.5985834394918432,0.6341922519058985,-1.341377,54.23385
340,Banbury,0.2592065662924172,0.1843185097679824,0.01,0.25546128950523017,0.3704196925069998,0.8253057856887894,-1.339775,52.0629
341,Stockton,0.4471245854041365,0.30795552608157395,0.01,0.16101187596964214,0.8509886230483111,0.3652387678902486,-1.3289821000000002,54.57046
342,Newbury,0.5746287053601402,0.16984586095713514,0.01,0.7427068460261194,0.3707011288235832,0.7345748519807468,-1.3231138999999998,51.40141
343,Isle of Wight,0.4230590652244229,0.2074106870681614,0.01,0.3879916698631565,0.5318107022998182,0.6583619710429423,-1.304734,50.69385
344,Abingdon,0.5125095958216117,0.16366824756340165,0.01,0.4091736647983725,0.35301033676854754,0.8063425236124727,-1.2879528999999998,51.67078
345,Shetland Islands,0.2586747662507715,0.3446058424220395,0.01,0.07176009096549475,0.355469699386935,0.6541349668801647,-1.2659409,60.52965
346,Rugby,0.3712412882308585,0.2415327286870568,0.01,0.583812190647885,0.3908575909613488,0.68042951006358,-1.265032,52.37088
347,Oxford,0.43591228045309055,0.14609277472833768,0.01,0.40228172601510587,0.34953766629166955,0.8424628855695175,-1.2577263,51.75202
348,Middlesbrough,0.4761022430261682,0.31711222433395125,0.01,0.16209523124849354,0.8392129299179695,0.35643439621195866,-1.234956,54.57423000000001
349,Hartlepool,0.4366916936011513,0.2713909248922603,0.01,0.12372208369337873,0.8981543330943126,0.39007133661354665,-1.212926,54.69174
350,Loughborough,0.4635135666564096,0.26362274764106114,0.01,0.9740634959684484,0.4152403970055175,0.5725315954871882,-1.206166,52.7721
351,Mansfield,0.3884211933265072,0.2304461505841197,0.01,0.7285884455929299,0.5358982819906879,0.5857420642288899,-1.198674,53.1472
352,Nottingham,0.5088568290543679,0.21749446235010306,0.01,1.0,0.5318536890404998,0.5516617145078013,-1.1581086,52.95478000000001
353,Bicester,0.3720401127314297,0.1828845532919452,0.01,0.28435206162803234,0.43478380103295705,0.7689232234910601,-1.1535898999999998,51.8996
354,Leicester,0.5166973879924274,0.28012259200039163,0.01,0.9534395521957486,0.3340845157715061,0.5955444156569188,-1.1397592,52.63688000000001
355,Doncaster,0.5178415333524468,0.19980620642141847,0.01,0.5410345438333234,0.6710381051060776,0.5508135964036498,-1.128462,53.52282
356,Worksop,0.4575535416737622,0.1708618755119546,0.01,0.5994838747840501,0.728750101210807,0.5537087257766559,-1.122745,53.3093
357,Basingstoke,0.5105695258277071,0.18559908123669536,0.01,0.5759429720195268,0.3994244301668742,0.7284157030302106,-1.0923964,51.26654
358,Portsmouth,0.3862035942545593,0.1797243710086867,0.01,0.3918895072427474,0.5415017099055918,0.6925221920806356,-1.0879769,50.81977
359,York,0.34596930514785224,0.23068492850518565,0.01,0.28789501313001714,0.5824721187794261,0.6223157164930564,-1.0872979,53.95997
360,Selby,0.38379572841943627,0.2421295123710163,0.01,0.2113751399256688,0.5083114211793546,0.6571993081661834,-1.067189,53.78352
361,Helmsley,0.4119684954932373,0.2249455579895221,0.01,0.1794024022387159,0.5685501052283874,0.6433366942414839,-1.0562636,54.24651
362,Towcester,0.3291362300259476,0.2751043888090813,0.01,0.5885487839885549,0.4398244248740889,0.6133561309675504,-0.989688,52.13511
363,Reading,0.5071462036143761,0.22190202564880884,0.01,0.7516295695754786,0.4256366065485329,0.6432716444063111,-0.9781303,51.45426
364,Retford,0.4118726519402165,0.241102219506835,0.01,0.41508292438337946,0.7071106993586201,0.5079791033580124,-0.945503,53.32136
365,Petersfield,0.3118069226150157,0.1372889264402885,0.01,0.4865608852934601,0.6046085762455545,0.7065330208196527,-0.93899,51.00759
366,Northampton,0.3638373959528573,0.3019361312563198,0.01,0.6223437140987458,0.4700850335320573,0.5515546704752384,-0.902656,52.24048
367,Melton Mowbray,0.4956239088326892,0.2420798878098231,0.01,0.8850624145678957,0.3835039788102106,0.6265497196887324,-0.887126,52.7664
368,Aylesbury,0.5076976813228197,0.232419854722486,0.01,0.6297290410954712,0.3922370059892802,0.6661168994942993,-0.8084,51.81561
369,Newark-on-Trent,0.4956116287849882,0.2382146500727288,0.01,0.6476857228730517,0.5287057844178619,0.5760422280474303,-0.80657,53.07004000000001
370,Malton,0.4607678367618882,0.17070107904419238,0.01,0.11352755081674035,0.5457830384468061,0.7283345965901534,-0.7978970000000001,54.13684
371,Chichester,0.21803283874134305,0.12035083920288765,0.01,0.40027128271180334,0.6578644859111471,0.7207814049693957,-0.774936,50.83761
372,Gainsborough,0.3895455130673468,0.2395371124047868,0.01,0.4208320534367765,0.6748089403919253,0.5317140590397244,-0.774465,53.40057
373,Milton Keynes,0.3422642520088309,0.28649129217846003,0.01,0.6481070663535898,0.4827920374844379,0.5632130007447795,-0.7594171,52.04062
374,Aldershot,0.3320564845502057,0.26122530130809035,0.01,0.5714038798760649,0.36997398787993296,0.6749216828804067,-0.7557509,51.24837
375,High Wycombe,0.314195436278581,0.21715095727067488,0.01,0.6109144747475839,0.4401219040891085,0.6863091094060003,-0.748229,51.62861
376,Midhurst,0.20114818741909413,0.14168392247999045,0.01,0.41851045778520496,0.6181785373031327,0.7172666553309781,-0.737274,50.9869
377,Kettering,0.24876627687033484,0.3333919805420161,0.01,0.5950338658112425,0.4396249855939571,0.5493195087337637,-0.7302489999999999,52.39632
378,Wellingborough,0.28341278918735585,0.3049438952444849,0.01,0.6463699491432955,0.4628198630005032,0.5600506729981839,-0.693964,52.30242
379,Corby,0.2942283450309912,0.29837991919574697,0.01,0.9413950821010588,0.40240306164319184,0.5637556316483092,-0.6842333,52.4923
380,Bognor Regis,0.2897915490013702,0.16700404923529866,0.01,0.396219351363637,0.5868258460417884,0.6943917572801266,-0.673061,50.783
381,Scunthorpe,0.4727496716418812,0.29222421794591685,0.01,0.17730246634972424,0.5926100650813771,0.5347532861488729,-0.654413,53.58865
382,Grantham,0.462565162297697,0.2064149734701938,0.01,0.5785580135886821,0.4700369733961438,0.66574553904287,-0.643582,52.91252
383,Whitby,0.5392184036665915,0.2152130214848568,0.01,0.1297829992266027,0.6981209172451766,0.5668936686336693,-0.613347,54.48634000000001
384,Slough,0.22166607579417066,0.3731773446477332,0.01,0.6553896455680805,0.3573291672988414,0.5436058276418161,-0.5950406,51.51054
385,Guildford,0.30775722919750303,0.2315446579159875,0.01,0.2910554755617749,0.3869682850408953,0.7435138521153755,-0.570409,51.23622
386,Woking,0.34781557333160684,0.24030693757810234,0.01,0.4189655456838887,0.3558684408284086,0.7283135994914587,-0.5600349,51.31677
387,Lincoln,0.4429537485762912,0.20086668973886507,0.01,0.300130535365537,0.6238526499543087,0.6204329766434038,-0.540579,53.23069
388,Bedford,0.3170681093168071,0.2598151904004187,0.01,0.6616813449703779,0.4704193291422061,0.6064159722871235,-0.4667782,52.13864
389,Heathrow,0.34027562404317346,0.3475156462374593,0.01,0.9505287836823864,0.1984453745821391,0.6158276129962985,-0.4542955,51.47002
390,Driffield,0.4859197712821882,0.2678395463928419,0.01,0.1743535360454707,0.5491442999067659,0.5905722203443768,-0.443377,54.006
391,Beverley,0.5103127692640881,0.2598516032277879,0.01,0.17939635336244733,0.5784605714576406,0.5791053342099965,-0.435093,53.84196
392,Luton,0.4506901786279411,0.22473868157208005,0.01,0.6503468744257319,0.3439439738108595,0.7101058212603449,-0.4200255,51.87867
393,Scarborough,0.5104074883790062,0.2461658581730037,0.01,0.2053194267338666,0.6294841186617783,0.5624698681341032,-0.399752,54.28311
394,Worthing,0.3406238151788314,0.16927872311492725,0.01,0.2733574425021142,0.5293758153854551,0.7353451573073814,-0.372882,50.81787
395,Dorking,0.26598180889955475,0.2430221099976733,0.01,0.3365293266282889,0.37521007455628536,0.7356411752281993,-0.332378,51.2322
396,Hull,0.5064241959905081,0.244552093221994,0.01,0.18213246788453807,0.6011872567555515,0.5851800830579352,-0.3274198,53.76762
397,Horsham,0.3194553209994113,0.13563327062593314,0.01,0.21640130359347853,0.524542857951858,0.7917968864184591,-0.325858,51.06288
398,Biggleswade,0.2789383540717694,0.22104229623800686,0.01,0.33951132104450193,0.3407312120005268,0.782227149907345,-0.26421999999999995,52.08694000000001
399,Peterborough,0.2634467631969161,0.2410960969960385,0.01,0.4005560693474821,0.4145768106210569,0.7062510009646314,-0.2405299,52.5695
400,Welwyn Garden City,0.43903990503587603,0.3161103882251871,0.01,0.7104764846979883,0.29514291651529323,0.6162492018014687,-0.208661,51.80317
401,Bridlington,0.4869540472033789,0.26125752504912514,0.01,0.17472464768735746,0.5608499253353909,0.5917591739823715,-0.198802,54.08535
402,Stevenage,0.4574705995684466,0.22751797923630995,0.01,0.5680196952150097,0.2881578111124221,0.7501225860026755,-0.196612,51.90376
403,Crawley,0.2869128690964374,0.18157143584478727,0.01,0.4184825683098905,0.4584325416345781,0.750304560858032,-0.1872275,51.10914
404,Huntingdon,0.2025580256666017,0.21686094360136385,0.01,0.2353317528661137,0.3989383440561369,0.7771763184016517,-0.182552,52.33146
405,Hove,0.3578579892081757,0.16875669851016756,0.01,0.2921699186785072,0.5494783898387299,0.719025882835366,-0.168749,50.82793
406,Spalding,0.3531490791576905,0.2393421587715277,0.01,0.3022016090337175,0.4266346256619324,0.7019251869256418,-0.1537024,52.7901
407,Brighton,0.3414110698031349,0.1852674989414501,0.01,0.2936082183228269,0.5624902774207928,0.6922134112174735,-0.137163,50.82253
408,London,0.3585593426795248,0.440085431582231,0.01,0.5571518962440594,0.2671452478089617,0.5063689140835775,-0.12775830000000002,51.50735
409,Grimsby,0.5301936042730069,0.2745475625640044,0.01,0.16342590706986102,0.6550974972872762,0.5136771395528935,-0.08078400000000001,53.56746999999999
410,Boston,0.3712066969639609,0.16574990123423367,0.01,0.2407279415328981,0.5110670975030464,0.7509567060410299,-0.026577,52.97894
411,Royston,0.22672453814222765,0.1660801945798378,0.01,0.21912376889553128,0.3189452301617734,0.8888981751874405,-0.024066,52.04814
412,Louth_Lincs,0.4924315698780432,0.26856844741504365,0.01,0.15178620376425606,0.5907854253421441,0.5667475123584392,-0.007711,53.36596
413,Lewes,0.38964188924894255,0.1597082720276659,0.01,0.2691992171602821,0.546839195927188,0.7308213118081508,0.00878,50.87387
414,Chatteris,0.2585409877070213,0.2288929662662545,0.01,0.2703264691188228,0.32695262470388337,0.7925618395434656,0.054012,52.4561
415,Uckfield,0.410044848213728,0.1573053476587193,0.01,0.2866558584996625,0.5266339195001636,0.7408517493671023,0.095913,50.96641
416,Cambridge,0.2922209271128273,0.2474425627927932,0.01,0.2037436960050638,0.26979458851096744,0.8074051414895672,0.121817,52.20534
417,Bishop's Stortford,0.3586362187371809,0.2588339774859165,0.01,0.35443609055468833,0.36882397258776,0.7039878430915635,0.1536502,51.87216
418,Wisbech,0.20365352428343925,0.18779094010186584,0.01,0.1539614843329164,0.3528311910693435,0.8527358190330055,0.158797,52.66631999999999
419,Sevenoaks,0.3284202588592629,0.2346945286021149,0.01,0.9273542581212252,0.4995740747583984,0.5838914375890062,0.190898,51.27241
420,Tunbridge Wells,0.3809698971053324,0.1798171753828664,0.01,0.4889717087961871,0.5265859279236452,0.6891050171949769,0.263695,51.13238
421,Eastbourne,0.3995860351534268,0.15960096697002116,0.01,0.2823560617483696,0.5237444152373805,0.7416842225741868,0.29047199999999995,50.76803
422,Brentwood,0.3998087330787231,0.41958307634899866,0.01,0.7933039875512956,0.3620683354800423,0.4382382693120816,0.30717490000000003,51.62047000000001
423,Skegness,0.4432220454257015,0.10952495116492046,0.01,0.08434492426186632,0.4649902477688545,0.8613582158559384,0.337881,53.1464
424,Downham Market,0.2489416300334103,0.2125081606624169,0.01,0.19513459976403472,0.3085362000118882,0.8359471976489838,0.385472,52.60661
425,King's Lynn,0.2849318458832117,0.1346246675315517,0.01,0.2648821110801047,0.442690139026798,0.8405587369133524,0.4022963,52.75168000000001
426,Bexhill,0.3799164169649658,0.2056586822681132,0.01,0.2881874493624018,0.5103720423562685,0.6928252090343519,0.4662071,50.84991
427,Chelmsford,0.4422677525621875,0.3721535963950656,0.01,0.5858994531406438,0.3880171066660094,0.5050856208162766,0.4685497,51.73559
428,Mildenhall,0.26848211538291394,0.16267543410212704,0.01,0.11691752577614725,0.30049884501415164,0.9121856044714762,0.5156095,52.34757000000001
429,Medway,0.3514633688988173,0.3304554310215378,0.01,0.5571484577734274,0.4667561321065498,0.5275566334981125,0.5417860999999999,51.40474
430,Braintree,0.5133587833129953,0.3021488079471479,0.01,0.5278632096469682,0.4094075007954603,0.5795528606076724,0.5509269,51.88009
431,Gillingham,0.3521151583222165,0.3430961601545709,0.01,0.5581816797195003,0.4457227953063964,0.5238080338193271,0.551438,51.38632
432,Hastings,0.3746561771584189,0.20785763035631075,0.01,0.2871888152910125,0.5279992112927197,0.6802957050228766,0.573453,50.85426
433,Maldon,0.4730522342629488,0.349816099109916,0.01,0.4921180417917754,0.419955158042089,0.5227054802839304,0.6714479999999999,51.7318
434,Southend,0.3978190102654393,0.3673048900815972,0.01,0.4414428158923354,0.4460857487436663,0.5019142354976952,0.7077123000000001,51.54593
435,Bury St Edmunds,0.3687218662997527,0.21817309433629048,0.01,0.24512982115178256,0.3092925472578196,0.8049031930823205,0.7104931999999999,52.24292
436,Thetford,0.353112890005068,0.1852613764306536,0.01,0.13176494047119244,0.3801800822205401,0.8217181637666655,0.751657,52.41286
437,Ashford,0.3977989479224482,0.21692700227048456,0.01,0.4558146904067996,0.42771087104505706,0.7031603103782895,0.8750190000000001,51.14647
438,Faversham,0.3798569401074259,0.28198286857031657,0.01,0.4623449587204521,0.4407213874392196,0.6138510037642446,0.889358,51.31599
439,Colchester,0.5175470489314332,0.2703926333950095,0.01,0.24743772140868805,0.3935100853955257,0.6665957156861091,0.891874,51.89593
440,New Romney,0.3819444890356484,0.2096889055593041,0.01,0.4924756396591996,0.4609406499828293,0.6897555155467047,0.939473,50.98512
441,Canterbury,0.3920358771506395,0.2524478764876894,0.01,0.4771686150302348,0.4515846235811548,0.6413860226019359,1.0789089,51.28023
442,Ipswich,0.4837040364102527,0.2313426150597009,0.01,0.2784694263335325,0.34403536348442976,0.746756462886393,1.14822,52.05674000000001
443,Clacton,0.5119087316080765,0.2402444235204953,0.01,0.24165708894575805,0.4737198469781726,0.6585052453634496,1.153035,51.78953
444,Folkestone,0.3677389298550952,0.2638583031880235,0.01,0.4893663510285046,0.4218861334030079,0.646390742832064,1.169456,51.0814
445,Sheringham,0.33164639013794395,0.10656810068759012,0.01,0.15385714814347812,0.44320680262771706,0.8844443200171931,1.2109589,52.94442
446,Harwich,0.5123891921731888,0.26141606585501503,0.01,0.24601866427101204,0.3784426500317808,0.6880201670957349,1.260297,51.93473
447,Norwich,0.327593086682312,0.08041176785243569,0.01,0.1441830679689262,0.4673654194501496,0.9052133325812804,1.297355,52.63089
448,Cromer,0.3372727233183636,0.08475971723022764,0.01,0.14294544633622133,0.4600943528106232,0.9028431306756496,1.301866,52.93145
449,Dover,0.3659289100049159,0.26404874549753793,0.01,0.4796533394859281,0.4288673994797577,0.6435063178623139,1.3134027,51.12788
450,Felixstowe,0.4796948227644387,0.20210988166797794,0.01,0.2959354103393125,0.3752366756015556,0.7635907838381627,1.351255,51.96173
451,Margate,0.4384379755651907,0.253209323488336,0.01,0.4522433722916776,0.4646920829598846,0.6294193231770506,1.3868339,51.38965
452,Ramsgate,0.3813254858600872,0.2450280378770742,0.01,0.4641323970403454,0.4603853874425103,0.6488148784617938,1.419895,51.33555
453,Great Yarmouth,0.4003866054921049,0.12775198804370294,0.01,0.15470880529562156,0.4591671555522861,0.8381164861396504,1.728047,52.59823000000001
454,Lowestoft,0.4000772666519444,0.1294195666422411,0.01,0.1545892776535699,0.4514564860718503,0.8406752502257189,1.7534490000000005,52.48114
455,Swaffham,0.3814113870130417,0.16490112789538355,0.01,0.16820179809727098,0.3791224164334676,0.8395558166698026,0.687481,52.64747
456,Dereham,0.3939751186112053,0.13602092223057882,0.01,0.1608771968929881,0.3957544457511104,0.8656984396685422,0.937827,52.68162
457,Ely,0.20276939043944134,0.2350976476024572,0.01,0.2830026142812269,0.3098197004461777,0.8009878517374276,0.262363,52.39954
458,March,0.2183688681912055,0.20543859411684715,0.01,0.23806166767481785,0.33831648154830146,0.8256092143503232,0.088622,52.55172
459,St Neots,0.146227848976245,0.21668049065157047,0.01,0.2232216009022424,0.33858201208523875,0.8231085010665291,-0.26510300000000003,52.23008
460,Banham,0.33754705662495704,0.1690579904888405,0.01,0.1934916326202408,0.3987718818450128,0.8251658050308225,1.0402849,52.45125
461,Holt,0.3337186999708268,0.1139843946866916,0.01,0.15481853468161072,0.4358104094140824,0.8789937202206591,1.086747,52.90936
462,Hunstanton,0.3065751784372305,0.14724767360701588,0.01,0.19881432974909352,0.4897324421617517,0.8020064168780443,0.491032,52.93891
463,Horncastle,0.4435763913804481,0.17899514774907482,0.01,0.15771220319106882,0.5474210595127772,0.7132368592128067,-0.11245,53.20731
464,Market Weighton,0.4243167492423433,0.2741019082254964,0.01,0.18030703400241427,0.5940332895627303,0.563389623398508,-0.6677465,53.86484
465,Hawes,0.3906403311032273,0.2777915265739522,0.01,0.2306507260727841,0.42447171386763904,0.6584521350549856,-2.1968695,54.30383000000001
466,Reeth,0.3075948070726092,0.32023148246609595,0.01,0.17577028445174647,0.6090031649073526,0.512309446182995,-1.9428115,54.38946
467,Aysgarth,0.3020288680544975,0.2672137613419512,0.01,0.2406652056049829,0.4542194982508098,0.6650921587364194,-1.9967434,54.29159
468,Stanhope,0.4475974412168172,0.29456462825725643,0.01,0.14223103557004904,0.862492066821003,0.3778856086297253,-2.011302,54.74946
469,Keswick,0.3413242809358888,0.3414198811459534,0.01,0.09065896910580927,0.42782872464510746,0.6007257585407756,-3.134706,54.60128
470,Oxenholme,0.3656220863552485,0.27345582221775355,0.01,0.3523905452991771,0.38537722716051737,0.6746672474491613,-2.7243328,54.30134
