,placename,goal_theme_ditransitive,prepositional_dative,theme_goal_ditransitive,longitude,latitude
0,Dingle,0.027184918631193072,0.989078655759066,0.055037453267292,-10.264013499999999,52.14094
1,Tralee,0.027184918631193072,0.989078655759066,0.055037453267292,-9.6999325,52.27131
2,Killarney,0.027184918631193072,0.989078655759066,0.055037453267292,-9.5044265,52.059940000000005
3,Bantry,0.027184918631193072,0.989078655759066,0.055037453267292,-9.4539805,51.68035
4,Mayo,0.09620584847784833,0.8696608048762537,0.1254619765504716,-9.4289369,54.01526
5,Ballycastle,0.09719624350718921,0.8674946638716169,0.12705520632386966,-9.3724643,54.279669999999996
6,Abbeyfeale,0.027184918631193072,0.989078655759066,0.055037453267292,-9.2970823,52.386179999999996
7,Ennistymon,0.027184918631193072,0.989078655759066,0.055037453267292,-9.2934951,52.940369999999994
8,Galway,0.027184918631193072,0.9654155160710831,0.08549354379684618,-9.0567905,53.270669999999996
9,Claremorris,0.06682289337041285,0.9339298029925936,0.07819414983640098,-9.0017356,53.72388
10,Clare,0.027184918631193072,0.989078655759066,0.055037453267292,-8.9811351,52.90453
11,Adare,0.027184918631193072,0.989078655759066,0.055037453267292,-8.7925892,52.56363
12,Charleville,0.027184918631193072,0.989078655759066,0.055037453267292,-8.681017599999999,52.36206
13,Mallow,0.01,1.0,0.07377965607674097,-8.6539164,52.13898
14,Limerick,0.027184918631193072,0.989078655759066,0.055037453267292,-8.6267343,52.66384
15,Loughrea,0.02649332148562162,0.96768456325527,0.08340751710787922,-8.5660931,53.19891
16,Sligo,0.23480591859720568,0.7278041252429539,0.1408191581582285,-8.476088800000001,54.27661
17,Cork,0.01,0.9965511096148447,0.07747877966879521,-8.4756035,51.898509999999995
18,Nenagh,0.01,1.0,0.07377965607674097,-8.19834,52.8635
19,Roscommon,0.147089783129806,0.8382262041386004,0.10452862230621676,-8.1890955,53.627590000000005
20,Tipperary,0.01,0.9965511096148447,0.07747877966879521,-8.161851400000002,52.47379
21,Donegal,0.34100930072025915,0.5998229127764497,0.17740452133769202,-8.1096143,54.653830000000006
22,Leitrim,0.20254252644515758,0.7580481491880634,0.1408191581582285,-8.0020132,54.12469
23,Athlone,0.1065204641109027,0.8492349504823642,0.13930697574833073,-7.9406898,53.423930000000006
24,Longford,0.11198223134044473,0.8443429883409344,0.1390135079816303,-7.7932573000000005,53.727630000000005
25,Offaly,0.09029274013835213,0.8844627684079392,0.11354522920922422,-7.7122229,53.235690000000005
26,Fermanagh,0.34100930072025915,0.5998229127764497,0.17740452133769202,-7.6318728,54.343830000000004
27,Enniskillen,0.34100930072025915,0.5998229127764497,0.17740452133769202,-7.631533599999999,54.343819999999994
28,Doon,0.35273424599971603,0.590558971374363,0.1751815517956245,-7.60964,54.185930000000006
29,Westmeath,0.11109165370633872,0.8311023364473242,0.15712976463547412,-7.4653217000000005,53.534530000000004
30,Strabane,0.32367695150550324,0.5889567698636186,0.2123017267035537,-7.4633103,54.82739
31,Balivanich,0.7844788130672092,0.245380466635227,0.0985461822174541,-7.3743509000000005,57.472269999999995
32,Cavan,0.09786568526223056,0.8441107679390689,0.1563440920199836,-7.3633319,53.98972
33,Mullingar,0.11109165370633872,0.8311023364473242,0.15712976463547412,-7.340186800000001,53.525819999999996
34,Laois,0.08587741980393841,0.878204743770428,0.1269267716896647,-7.332300699999999,52.9943
35,Omagh,0.32367695150550324,0.5889567698636186,0.2123017267035537,-7.309959700000001,54.59771
36,Derry,0.32367695150550324,0.5889567698636186,0.2123017267035537,-7.308574799999999,54.99661
37,Derry,0.32367695150550324,0.5889567698636186,0.2123017267035537,-7.308574799999999,54.99661
38,Kilkenny,0.08361073614965484,0.8952449167073293,0.10772968616689037,-7.2447879,52.65415
39,Tyrone,0.3484611091108454,0.5657238257110069,0.2123017267035537,-7.131232000000001,54.491209999999995
40,Waterford,0.061894218642625176,0.9074408323542481,0.11823387181587583,-7.110070200000001,52.25932
41,Western Isles,0.7373286524088215,0.27543230817879233,0.11675466971839812,-7.0194034,57.759890000000006
42,Monaghan,0.3705598661734441,0.5464767922712689,0.2104117399035729,-6.9683132,54.2492
43,Carlow,0.10136509193760065,0.8727278860753627,0.11528996229280185,-6.934135899999999,52.83651
44,Kildare,0.11109165370633872,0.8431004473352072,0.1416872157695715,-6.8194707999999995,53.21204
45,Dungannon,0.3484611091108454,0.5657238257110069,0.2123017267035537,-6.7669352,54.508269999999996
46,Cookstown,0.3732452848912413,0.5657238257110069,0.18239935018258904,-6.7443895000000005,54.641819999999996
47,Coleraine,0.38152583938305135,0.5539187490970154,0.18760278388922266,-6.6646103000000005,55.132580000000004
48,Meath,0.11109165370633872,0.8431004473352072,0.1416872157695715,-6.656416900000001,53.60555
49,Armagh,0.37872749905626024,0.5814623377012804,0.15552857485316088,-6.652792,54.350280000000005
50,Armagh,0.37872749905626024,0.5814623377012804,0.15552857485316088,-6.652792,54.350280000000005
51,Magherafelt,0.3732452848912413,0.5657238257110069,0.18239935018258904,-6.607980499999999,54.75536999999999
52,Dunvegan,0.7453669334340473,0.25561537213873115,0.13256208521884674,-6.581398200000001,57.4366
53,Louth,0.1845658352245991,0.7813149978600967,0.13256208521884674,-6.4889423,53.925230000000006
54,Wexford,0.07701551804264847,0.8876652973102642,0.12544248220356904,-6.4633381,52.33692
55,Craigavon,0.37872749905626024,0.5814623377012804,0.15552857485316088,-6.4175653,54.442930000000004
56,Stornoway,0.6258077221077899,0.30960891562783666,0.20731799362865974,-6.384869200000001,58.209430000000005
57,Drogheda,0.12389099911360263,0.8431004473352072,0.12624468883206802,-6.3560985,53.717859999999995
58,Rosslare,0.08824230327367248,0.8850292635188736,0.11528996229280185,-6.3414908,52.25131
59,Newry,0.31254204117122225,0.668083273588686,0.12389473193014382,-6.34023,54.1751
60,Scilly Isles,0.2410630807043269,0.7283540940303513,0.13256208521884674,-6.327496599999999,49.92773
61,Ballymena,0.3732452848912413,0.5657238257110069,0.18239935018258904,-6.2802213,54.86529
62,Banbridge,0.37872749905626024,0.5814623377012804,0.15552857485316088,-6.2704803,54.34873
63,Dublin,0.11109165370633872,0.855098728597559,0.12624468883206802,-6.2603097000000005,53.34981
64,Antrim,0.3732452848912413,0.5657238257110069,0.18239935018258904,-6.2072498,54.719530000000006
65,Antrim,0.3732452848912413,0.5657238257110069,0.18239935018258904,-6.2072498,54.719530000000006
66,Portree,0.7533419289220902,0.27543230817879233,0.09743450009082742,-6.1960231,57.41246999999999
67,Islay,0.7681929289226354,0.21048556042296487,0.16310751204680465,-6.177067,55.73625
68,Wicklow,0.11109165370633872,0.8670968394854419,0.11080216189456457,-6.044589,52.980819999999994
69,Kilkeel,0.21139154209333358,0.7524474292537054,0.13735124760750203,-6.007004,54.06312
70,Mull,0.8592732850155586,0.19855508819945533,0.06857350324860463,-6.0008870000000005,56.4392
71,Belfast,0.37872749905626024,0.5579082376737479,0.18584432362773612,-5.93012,54.597280000000005
72,Broadford,0.7533419289220902,0.27543230817879233,0.09743450009082742,-5.9096592,57.24139
73,Down,0.32847389344365824,0.6547415896346899,0.12184440467509962,-5.7156921999999994,54.32875
74,Kyle of Lochalsh,0.7533419289220902,0.27543230817879233,0.09743450009082742,-5.7143293,57.28261
75,Campbeltown,0.6529797182757616,0.3122032076742112,0.17119562667023133,-5.605373999999999,55.424119999999995
76,Penzance,0.2410630807043269,0.6973767783687123,0.17243190596120025,-5.537592,50.1188
77,Oban,0.8556561766920565,0.17444658964831983,0.10396692636031289,-5.471047,56.41516
78,Lochgilphead,0.8263454674233062,0.2376303023942383,0.058008773289385314,-5.4323449,56.03829
79,Helston,0.2410630807043269,0.6973767783687123,0.17243190596120025,-5.274996,50.10159
80,Redruth,0.2410630807043269,0.6973767783687123,0.17243190596120025,-5.226666000000001,50.23302
81,Ullapool,0.6136022465820448,0.33015164690777166,0.19560410590855454,-5.161313,57.895419999999994
82,Ballachulish,0.8307072076992434,0.1868132205136313,0.11815131139282965,-5.133719999999999,56.673930000000006
83,Fort William,0.7977338979474364,0.22327063098525507,0.11101083254149884,-5.1052179,56.81981999999999
84,Achnasheen,0.5825337733392679,0.3592754587162216,0.19560410590855454,-5.078765799999999,57.578590000000005
85,Newquay,0.2410630807043269,0.6973767783687123,0.17243190596120025,-5.0737190000000005,50.4155
86,Falmouth,0.2410630807043269,0.6663996330815426,0.2123017267035537,-5.066269999999999,50.152570000000004
87,Rothesay,0.8411219497034466,0.22377868765316675,0.058008773289385314,-5.055793,55.83596
88,Truro,0.2410630807043269,0.6973767783687123,0.17243190596120025,-5.051041000000001,50.2632
89,Milford Haven,0.2828048179159501,0.7006375753395905,0.11787321543397926,-5.0426971,51.71431
90,Stranraer,0.5328010465922954,0.4317590618772813,0.1623156775511346,-5.024055000000001,54.903369999999995
91,Fishguard,0.19052281814386532,0.7702643393968471,0.13959794367752057,-4.975989,51.99393
92,Inchnadamph,0.671192576144842,0.28611069842628506,0.1828045431432922,-4.974295,58.15221
93,Haverfordwest,0.19052281814386532,0.7702643393968471,0.13959794367752057,-4.971319,51.800470000000004
94,Dunoon,0.8194934903318709,0.24483526833297434,0.057002347478992806,-4.926214,55.95097
95,Pembroke,0.2828048179159501,0.7006375753395905,0.11787321543397926,-4.908637000000001,51.674040000000005
96,Girvan,0.8743237562310898,0.19225924042972517,0.05851814807476109,-4.8542179,55.240159999999996
97,Wadebridge,0.2410630807043269,0.6973767783687123,0.17243190596120025,-4.836456,50.51665
98,Invergarry,0.8000130496885975,0.15540860568260184,0.19560410590855454,-4.800261,57.07095
99,St Austell,0.2410630807043269,0.6973767783687123,0.17243190596120025,-4.7834252,50.340379999999996
100,Greenock,0.8453056471527778,0.22102509547785276,0.056505208740379245,-4.7719830000000005,55.956480000000006
101,Helensburgh,0.8421774114252385,0.21833692709880906,0.06373919028596475,-4.734014,56.00232
102,Bodmin,0.2410630807043269,0.6973767783687123,0.17243190596120025,-4.7188629,50.4715
103,Tenby,0.2503016059295749,0.728021011942569,0.12184440467509962,-4.703579,51.672740000000005
104,Camelford,0.2410630807043269,0.6973767783687123,0.17243190596120025,-4.682364,50.62206
105,Irvine,0.8634653975147794,0.20361572106564466,0.057002347478992806,-4.6696364,55.61156999999999
106,Cardigan,0.19052281814386532,0.7702643393968471,0.13959794367752057,-4.660864,52.0837
107,Holyhead,0.25631485881527355,0.7233236174452553,0.12063522888556102,-4.633038,53.30944
108,Ayr,0.8634653975147794,0.20361572106564466,0.057002347478992806,-4.629179,55.45856
109,Dumbarton,0.8418312130012701,0.22466514601773535,0.05601203904202367,-4.564554,55.94529
110,Bude,0.2410630807043269,0.6973767783687123,0.17243190596120025,-4.543678,50.826640000000005
111,Isle of Man,0.32538073556987057,0.46508515997481176,0.3696775499066245,-4.5126330999999995,54.27697
112,Kilmarnock,0.8563712560070823,0.22466514601773535,0.038469319669660065,-4.498792,55.61472
113,Newton Stewart,0.7123555832947264,0.279184976242984,0.14205491116761623,-4.483164,54.9603
114,Liskeard,0.2410630807043269,0.6663996330815426,0.2123017267035537,-4.4647190000000005,50.45552
115,Altnaharra,0.7234256632122552,0.27258126180695064,0.13719812159578046,-4.442655,58.28023
116,Pwllheli,0.2137645679871509,0.464374698437189,0.5052582108478738,-4.417633900000001,52.888819999999996
117,Lairg,0.7234256632122552,0.27258126180695064,0.13719812159578046,-4.402414,58.022059999999996
118,Launceston,0.2410630807043269,0.6973767783687123,0.17243190596120025,-4.360451599999999,50.636829999999996
119,Carmarthen,0.19052281814386532,0.7702643393968471,0.13959794367752057,-4.312131,51.857620000000004
120,Llangefni,0.4549895338952938,0.3576468491627117,0.3515837698619765,-4.311401999999999,53.255790000000005
121,Caernarfon,0.4043469821322863,0.359361157074357,0.4104781654104764,-4.273911,53.13955
122,Cumnock,0.8488080890621252,0.23109541924386454,0.03931816800329031,-4.265828900000001,55.45355
123,Aberaeron,0.15187989124774834,0.7615704709695534,0.1974105893643229,-4.2581619,52.24279
124,Alness,0.7234256632122552,0.27258126180695064,0.13719812159578046,-4.256825,57.69595
125,Glasgow,0.8435089158634957,0.2333148874574405,0.04285499951275097,-4.251806,55.86424
126,Dalwhinnie,0.8924959383298613,0.08767879096824496,0.17119562667023133,-4.242783,56.9366
127,Inverness,0.671192576144842,0.3138139279084286,0.14714861516457572,-4.224721,57.47776999999999
128,Saltash,0.2410630807043269,0.6663996330815426,0.2123017267035537,-4.21643,50.409209999999995
129,Bideford,0.30444552727375823,0.6562432702084566,0.14890218539303718,-4.206666,51.01668
130,Invergordon,0.7397734334148726,0.2336650069921683,0.1675623102042227,-4.1728819999999995,57.688109999999995
131,Llanelli,0.1562053541163861,0.7524474292537054,0.2039339811333316,-4.160248,51.680890000000005
132,Plymouth,0.2410630807043269,0.6663996330815426,0.2123017267035537,-4.1426565,50.37546
133,Tavistock,0.2410630807043269,0.6663996330815426,0.2123017267035537,-4.141654,50.551120000000004
134,Porthmadog,0.2860612786477469,0.4423095008982141,0.44643085041577557,-4.1333839999999995,52.92784
135,Bangor,0.4094380327903414,0.30960891562783666,0.4683703673296323,-4.129263,53.22739
136,Tywyn,0.20676262852716445,0.5271984099291515,0.43284741316375835,-4.087249,52.58701
137,Aberystwyth,0.14382557982510868,0.7393918040339224,0.2356736724393616,-4.08292,52.4153
138,Lampeter,0.19052281814386532,0.8103524298125336,0.08800171409910987,-4.0785089999999995,52.1129
139,Barnstaple,0.31962420531849317,0.6488653741832247,0.14008468835490606,-4.058338,51.07816
140,Tain,0.7397734334148726,0.2336650069921683,0.1675623102042227,-4.05523,57.8115
141,Okehampton,0.2317871330433927,0.7125937741079874,0.16403826295150462,-4.004263,50.73831
142,Llandeilo,0.19052281814386532,0.7702643393968471,0.13959794367752057,-3.9914300000000003,51.88469
143,Motherwell,0.8502283786379867,0.21314834300605998,0.06070368583936781,-3.9810968,55.78321
144,Golspie,0.7397734334148726,0.2336650069921683,0.1675623102042227,-3.976086,57.97341
145,Airdrie,0.8295281010867409,0.20710345682983544,0.0934589909550616,-3.9625660000000003,55.86626999999999
146,Swansea,0.10097252895149748,0.8689426764875056,0.12063522888556102,-3.9436459999999998,51.62144
147,Stirling,0.8888549116356147,0.15475419734542942,0.08925779473457032,-3.9369029,56.116519999999994
148,Tregaron,0.1956752096083512,0.7615704709695534,0.14457106340719433,-3.934385,52.22
149,Tregaron,0.1956752096083512,0.7615704709695534,0.14457106340719433,-3.934385,52.22
150,Castle Douglas,0.643884176198422,0.33310099934848814,0.15527273621951415,-3.9314139999999997,54.940419999999996
151,Dolgellau,0.2137645679871509,0.35326089919556003,0.6482695072188729,-3.8844,52.74215
152,Aberfeldy,1.0,0.01,0.15433972668969498,-3.866969,56.62175
153,Machynlleth,0.17642451981962348,0.3821586240830445,0.6561272640085413,-3.853485,52.59027
154,Brora,0.7397734334148726,0.2336650069921683,0.1675623102042227,-3.8525480000000005,58.012159999999994
155,Llandudno,0.4627756723997449,0.36833443963155493,0.3284341561658141,-3.827609,53.324059999999996
156,Llandudno,0.4627756723997449,0.36833443963155493,0.3284341561658141,-3.827609,53.324059999999996
157,Aviemore,0.7675215969620033,0.20765376636617155,0.1675623102042227,-3.823812,57.19449
158,Dalbeattie,0.658263170052891,0.32177859360645955,0.15249699559002347,-3.8225269999999996,54.934219999999996
159,Falkirk,0.8445731924863599,0.2172841832520533,0.06220358834570489,-3.7839131,56.00188000000001
160,Kingsbridge,0.27410861811976517,0.6354224877943732,0.2123017267035537,-3.777493,50.28395
161,Pitlochry,0.7785392600244961,0.26248163363219273,0.08370201550934278,-3.729711,56.70436
162,Colwyn Bay,0.4261892346612087,0.2975048318199538,0.4637387824177393,-3.72764,53.29318000000001
163,Totnes,0.2636731929043863,0.7125937741079874,0.12556738636550027,-3.685797,50.43374
164,Grantown-on-Spey,0.7952697786841878,0.18164235536570536,0.1675623102042227,-3.609628,57.33041
165,Dumfries,0.6144198332002615,0.3738375349949159,0.13839100458470202,-3.60512,55.070859999999996
166,Whitehaven,0.2286831791876732,0.387239531511099,0.5865369847451144,-3.589233,54.5497
167,Dartmouth,0.2636731929043863,0.7125937741079874,0.12556738636550027,-3.578807,50.35252
168,Bridgend,0.10424289359941853,0.921825548810241,0.04862563319349154,-3.576945,51.504290000000005
169,Paignton,0.2636731929043863,0.7125937741079874,0.12556738636550027,-3.564235,50.43508
170,Workington,0.2712790348755654,0.35994349701095013,0.5702765943020721,-3.5427519999999997,54.64357
171,Llanidloes,0.06872424026912165,0.5271984099291515,0.5993922237159849,-3.5401949999999998,52.447790000000005
172,Exeter,0.2636731929043863,0.7125937741079874,0.12556738636550027,-3.533899,50.71841
173,Torquay,0.2539452316565089,0.72677898206025,0.11904688914518802,-3.525315,50.46192
174,Thurso,0.7397734334148726,0.2336650069921683,0.1675623102042227,-3.5220800000000003,58.59356999999999
175,Livingston,0.7489030173678994,0.3100818751550407,0.05819352005277552,-3.518068,55.90071
176,Rhyl,0.4310749980870755,0.32548236419791804,0.42183494914935793,-3.4916339999999995,53.319140000000004
177,Tiverton,0.3476181137674759,0.6095029086329425,0.15697218715871186,-3.491207,50.90205
178,Tiverton,0.3476181137674759,0.6095029086329425,0.15697218715871186,-3.491207,50.90205
179,Minehead,0.18190088161733253,0.7463406971450692,0.18079171345090636,-3.481152,51.20428
180,Dunfermline,0.7569889170339692,0.3014852905498053,0.05950220691795385,-3.452151,56.071740000000005
181,Perth,0.8141766146308818,0.24577829102140183,0.06220358834570489,-3.4308381000000003,56.39499
182,Prestatyn,0.43606813973054015,0.33535232758785183,0.40310726294018956,-3.4076129999999996,53.33651
183,Builth Wells,0.07494218061023468,0.8547743356077191,0.17027678288630538,-3.4045919999999996,52.15002
184,Braemar,0.8266112412343986,0.16274203397130632,0.1540745684863817,-3.3979439,57.00646999999999
185,Brecon,0.2038868261212599,0.8329020019681658,0.04285499951275097,-3.391463,51.94895
186,Merthyr Tydfil,0.10769002882018272,0.9161706497945965,0.0517448821966923,-3.381646,51.74873
187,Llandrindod Wells,0.07235683373842497,0.7275388521940144,0.3371572075885243,-3.377742,52.2417
188,Corwen,0.38780106749360727,0.2487610368581312,0.5727913211957013,-3.369242,52.98005
189,Cockermouth,0.23793031938840212,0.39120482691316893,0.5702765943020721,-3.367985,54.66326
190,Lockerbie,0.6168263375430998,0.35955027273545076,0.15387613840188105,-3.349008,55.122240000000005
191,Blairgowrie,0.8060457680568703,0.25437317188194286,0.06095125746651029,-3.3378318,56.58941
192,Elgin,0.7675215969620033,0.20765376636617155,0.1675623102042227,-3.318485,57.64945
193,Newtown,0.0927096406119395,0.38793465934647087,0.7496959627448777,-3.313106,52.51211
194,Ruthin,0.4113194961802398,0.30696334086615645,0.4695053812730242,-3.3103108,53.114869999999996
195,Ruthin,0.4113194961802398,0.30696334086615645,0.4695053812730242,-3.3103108,53.114869999999996
196,Sidmouth,0.26117775802351373,0.7162324616521144,0.12389473193014382,-3.2375599999999998,50.67865
197,Barrow-in-Furness,0.08555964716404638,0.5409581928311876,0.5613702653187191,-3.2188939999999997,54.10896999999999
198,Peebles,0.7206516229323376,0.36304806059333933,0.024107928598676172,-3.1936419999999996,55.65306999999999
199,Edinburgh,0.7094102431331465,0.3371657934407193,0.07098306153959641,-3.1882669999999997,55.95325
200,Cardiff,0.10313381546904268,0.8940146426634028,0.08575839500257043,-3.17909,51.48158
201,Llangollen,0.3541041361515086,0.2465996663386389,0.6162287170632155,-3.1716599999999997,52.96921
202,Kirkcaldy,0.8020392592066187,0.26683896068847646,0.04974073615039584,-3.158137,56.11682
203,Welshpool,0.11009355245420475,0.27136955858019457,0.8787494821608526,-3.146407,52.66035
204,Mold,0.38263893420030753,0.32675148362088,0.47864018224780297,-3.1419029999999997,53.1672
205,Mold,0.38263893420030753,0.32675148362088,0.47864018224780297,-3.1419029999999997,53.1672
206,Taunton,0.19371423035826482,0.8259089818694305,0.06412881408322495,-3.106849,51.01534
207,Wick,0.7675215969620033,0.20765376636617155,0.1675623102042227,-3.093716,58.43894
208,John o' Groats,0.7675215969620033,0.20765376636617155,0.1675623102042227,-3.0688997000000002,58.63734
209,Dalkeith,0.7284417235985079,0.3193255419952623,0.07098306153959641,-3.066606,55.893119999999996
210,Oswestry,0.04464278476719664,0.39860640498965494,0.793953897382635,-3.056412,52.85715
211,Blackpool,0.20793342914010002,0.5024493033728694,0.4632888116658382,-3.0356748,53.81751
212,Birkenhead,0.3998215936723186,0.3467938250840286,0.43211309685923044,-3.023009,53.389990000000004
213,Cupar,0.8236914551984015,0.23783202576607176,0.06095125746651029,-3.010137,56.32023
214,Southport,0.404530677400611,0.3816439228108243,0.38157717116808454,-3.010113,53.64571
215,Bridgwater,0.06347610262144252,0.8508659452784465,0.18914128037817896,-3.003632,51.12789
216,Langholm,0.5544486988206389,0.31867573376876496,0.28174385770188093,-2.998913,55.153059999999996
217,Newport,0.06833758417548959,0.8733480491441752,0.15433972668969498,-2.997664,51.58415
218,Axminster,0.26584723830966905,0.7051211498777393,0.13256208521884674,-2.9949369999999997,50.78273
219,Wrexham,0.35273424599971603,0.24981003246655878,0.6137495361047146,-2.9924939999999998,53.043040000000005
220,Liverpool,0.44946017364082846,0.38259137523545755,0.3261496336071489,-2.9915726,53.40837
221,Weston-super-Mare,0.06301816396697446,0.8703259468050015,0.1646473023113147,-2.977255,51.347409999999996
222,Dundee,0.7844788130672092,0.27058021366321466,0.06611239129105731,-2.9707209999999997,56.462019999999995
223,Kirkwall,0.7675215969620033,0.20765376636617155,0.1675623102042227,-2.9622491,58.984669999999994
224,Ambleside,0.15690456660948185,0.46017769375666173,0.5792621505917905,-2.961333,54.428740000000005
225,Orkney Islands,0.7675215969620033,0.20765376636617155,0.1675623102042227,-2.9605206,58.980940000000004
226,Lyme Regis,0.2273890426599409,0.7393918040339224,0.1348534494380672,-2.936639,50.725159999999995
227,Carlisle,0.4071604622788572,0.36885578550808396,0.39486352246753076,-2.932931,54.892469999999996
228,Chester,0.3262189145239944,0.3283315364505954,0.5446779731247293,-2.893075,53.19339
229,Forfar,0.7383199561908503,0.31975028554761087,0.05851814807476109,-2.889062,56.64356
230,Morecambe,0.15039964216954163,0.43605658749478654,0.6181560040702618,-2.864968,54.074169999999995
231,Selkirk,0.6805880247842301,0.39243970106777093,0.03461599557432276,-2.838524,55.55066
232,Galashiels,0.7445217752592806,0.33840611957834366,0.027024339909133974,-2.814449,55.62373
233,Lancaster,0.15039964216954163,0.43605658749478654,0.6181560040702618,-2.8007399,54.046569999999996
234,St Andrews,0.8413371423399326,0.22129070927573136,0.06095125746651029,-2.7967214,56.339780000000005
235,Hawick,0.5970448089592836,0.4475190410507063,0.0645207842192012,-2.780914,55.42706
236,Bridport,0.22373821961171902,0.7009858207551543,0.1886894895691429,-2.758301,50.733579999999996
237,Shrewsbury,0.049398869184505326,0.3984471048607154,0.7884205728382042,-2.7553267999999997,52.7073
238,Penrith,0.2856745680289535,0.5347466804238372,0.32792418931365946,-2.752708,54.6641
239,Kendal,0.11953783746303871,0.516970489778895,0.551249190732427,-2.74629,54.32801
240,Street,0.07741684140466265,0.8649812996982328,0.15415405893353776,-2.7429189999999997,51.12468
241,Glastonbury,0.07741684140466265,0.8649812996982328,0.15415405893353776,-2.718454,51.14743
242,Hereford,0.1281574294076368,0.6873737525181348,0.32152839889968554,-2.715974,52.0564
243,Ludlow,0.07711331800691631,0.4156728155948522,0.7328120821269425,-2.7139129,52.36775
244,Preston,0.17303410894163568,0.46323148574715334,0.5558712587190604,-2.70309,53.7632
245,Whitchurch,0.01,0.4151981523229538,0.8177198525955462,-2.682045,52.96872
246,Wells,0.09513259337842805,0.8492349504823642,0.15304658705956042,-2.6445979,51.20935
247,Yeovil,0.11288060607261258,0.767722693061534,0.23654532630817593,-2.633308,50.94206
248,Wigan,0.2299114856706967,0.2765475794558377,0.7275234346609576,-2.6325074,53.54506
249,Warrington,0.186988533540335,0.3003057880977759,0.7487319903153664,-2.5969501,53.39004
250,Arbroath,0.7266401940950339,0.3370792432102365,0.050306401136557696,-2.591543,56.55911
251,Bristol,0.10051897048498493,0.849172593426544,0.14662807882399925,-2.58791,51.45451
252,Guernsey,0.2273890426599409,0.7198086217659517,0.16005852163469023,-2.5852779999999997,49.46569
253,Ross-on-Wye,0.09464886432267842,0.7490968449374248,0.2825149479318932,-2.582446,51.91445
254,Jedburgh,0.5970448089592836,0.4475190410507063,0.0645207842192012,-2.5549369,55.47772
255,Sedbergh,0.18641082128160658,0.4626651610106888,0.5404609884568029,-2.5281740000000004,54.32363
256,Sedbergh,0.18641082128160658,0.4626651610106888,0.5404609884568029,-2.5281740000000004,54.32363
257,Nantwich,0.01,0.4551916849080934,0.7668546281333819,-2.524102,53.067190000000004
258,Banff,0.7556295320632482,0.22153945600113412,0.16403826295150462,-2.524038,57.666509999999995
259,Dunbar,0.779353320682284,0.32675148362088,0.01,-2.516737,56.00209
260,Cinderford,0.09464886432267842,0.7490968449374248,0.2825149479318932,-2.5009579,51.8253
261,Banchory,0.6353359213398212,0.3964150485635388,0.08409648548282957,-2.4909599,57.05386
262,Blackburn,0.19894795518831443,0.2838147320759243,0.7555279740150224,-2.487529,53.748580000000004
263,Market Drayton,0.047281384546515134,0.46940892326061295,0.699642483764871,-2.483485,52.90355
264,Telford,0.09148845874998884,0.2702178271666861,0.9026790670887094,-2.4672611,52.67759
265,Montrose,0.7089945069535027,0.35362038932610773,0.050306401136557696,-2.4661150000000003,56.70692
266,Turriff,0.7037008044460542,0.31325987013376444,0.10864019715911448,-2.4623,57.53893000000001
267,Weymouth,0.18844684532865671,0.7340682833613656,0.1886894895691429,-2.457621,50.61443
268,Crewe,0.034858826178693125,0.47681936080951043,0.705092655819477,-2.4438209,53.10041
269,Fortuneswell,0.18844684532865671,0.7340682833613656,0.1886894895691429,-2.4422189999999997,50.55919
270,Dorchester,0.13647935032179837,0.7191630729011912,0.27057298293154797,-2.4411810000000003,50.71116
271,Alston,0.41718576740620344,0.4056638266378438,0.3353932432988347,-2.438685,54.812169999999995
272,Kelso,0.6773012844128737,0.3791252770288872,0.055718023065342855,-2.432207,55.600030000000004
273,Wincanton,0.10928263608071685,0.7996297422029827,0.19981968715893117,-2.416007,51.055690000000006
274,Clitheroe,0.1917631019873149,0.38393954841224637,0.6353287913478607,-2.3930830000000003,53.8711
275,Sark,0.2374711630053323,0.7384552555753341,0.12389473193014382,-2.3666256000000003,49.43007
276,Bath,0.1579457245639668,0.7534962544876636,0.20048435886755078,-2.3590167,51.38106
277,Kidderminster,0.08728009775270912,0.4532805944842286,0.6721419028815758,-2.2496839,52.3886
278,Manchester,0.21250914432392157,0.26941059293041364,0.7577053324867217,-2.2426305,53.48076
279,Burnley,0.24267504439711252,0.29996231316735683,0.6819876006305204,-2.2405035,53.78929
280,Gloucester,0.13566414463562376,0.6740761955517272,0.32958640583098936,-2.238156,51.86424
281,Newcastle-under-Lyme,0.04867906435550259,0.49004450862640003,0.6713967320194363,-2.2273002,53.01321
282,Worcester,0.1067139375581488,0.514052826989497,0.570476471660921,-2.221575,52.19364
283,Trowbridge,0.1472563393224376,0.7713223648521558,0.19043762155459898,-2.208853,51.31966
284,Shaftesbury,0.11848984568834108,0.8289748704472536,0.150941789660865,-2.198083,51.0046
285,Alderney,0.2447480001533974,0.7572139957856171,0.09097127984926595,-2.1973557,49.715
286,Stoke-on-Trent,0.04867906435550259,0.49004450862640003,0.6713967320194363,-2.179404,53.002669999999995
287,Colne,0.426390705132108,0.16501653313851578,0.6340175169315749,-2.176991,53.85564
288,Blandford Forum,0.11335319382040901,0.8492349504823642,0.13106321334727278,-2.165353,50.85691
289,Rochdale,0.23380127432571907,0.2716060383437966,0.7291904754261149,-2.1561,53.60971
290,Jersey,0.26778349948664554,0.7250869932041032,0.10452862230621676,-2.13125,49.21444
291,Wolverhampton,0.08223123139442465,0.4632992947859961,0.6653385950965819,-2.12882,52.586969999999994
292,Stafford,0.0857489766990358,0.5347466804238372,0.569136580683659,-2.12066,52.80669
293,Macclesfield,0.20515602647523726,0.30773939657451904,0.7172451553806898,-2.119287,53.25866
294,Hexham,0.43204796323986316,0.4415332748153823,0.27129539211530196,-2.1121439,54.97266
295,Aberdeen,0.658263170052891,0.40538833112073697,0.04488541578130755,-2.094278,57.149719999999995
296,Dudley,0.09047507227764501,0.4419021355417499,0.682931947142734,-2.081112,52.51226
297,Cheltenham,0.1947992992426273,0.6028964682053979,0.349852588529114,-2.0782533,51.899390000000004
298,Bromsgrove,0.12909817019011288,0.464374698437189,0.6074091368271588,-2.061906,52.33559
299,Skipton,0.5936736091131172,0.19122643039589582,0.3984548460490419,-2.0162787,53.96285
300,Fraserburgh,0.6721726477436487,0.34872553081869706,0.10103238026370391,-2.007631,57.69335
301,Berwick,0.5603482667450859,0.42556305354665114,0.13705446865252002,-2.005395,55.77024
302,Poole,0.14558188979483452,0.8219709463824729,0.12726964413979758,-1.987248,50.71505
303,Walsall,0.08832496341816053,0.4710239028565665,0.6480442806305309,-1.9829189999999999,52.586209999999994
304,Cirencester,0.14576892927305052,0.6996180545143782,0.28452069475133235,-1.968243,51.71849
305,Evesham,0.08593103621252235,0.5252181474706888,0.5811807320243483,-1.9467700000000001,52.09215
306,Buxton,0.1616947292525854,0.29439703112264504,0.7868542492106434,-1.91483,53.259080000000004
307,Keighley,0.5833980153204796,0.18318219982062983,0.42120591108946337,-1.9123580000000002,53.8678
308,Birmingham,0.09238145366624458,0.4514872328187569,0.6682951353776039,-1.8904009999999998,52.48624
309,Bournemouth,0.1555869842624027,0.829212713206611,0.10587756971235467,-1.880769,50.719159999999995
310,Halifax,0.5551126698844993,0.19845593025823324,0.43567420310662264,-1.8575400000000002,53.727019999999996
311,Salisbury,0.08928747791503779,0.8747417123043081,0.12726964413979758,-1.794472,51.06878
312,Ringwood,0.1555869842624027,0.829212713206611,0.10587756971235467,-1.7888169999999999,50.84495
313,Huddersfield,0.5180275995461325,0.18235349840120596,0.5011427765967142,-1.7850351000000002,53.645790000000005
314,Peterhead,0.6414344152276416,0.4211636439964127,0.04488541578130755,-1.784066,57.50812
315,Swindon,0.16274250292663803,0.7017673284465392,0.26127567059018353,-1.7797176,51.55577
316,Bradford,0.604326407971433,0.17499911405275892,0.4064878107484417,-1.759398,53.79598000000001
317,Ashbourne,0.1347425967099154,0.5779575644901443,0.4544097396827101,-1.7321790000000001,53.016630000000006
318,Marlborough,0.21172089224246898,0.6757462061013141,0.2356736724393616,-1.7270619999999999,51.42007
319,Stratford-upon-Avon,0.11873235543062426,0.5467049236858676,0.51395062829688,-1.7082979999999999,52.19173
320,Alnwick,0.4723819334876637,0.40705595642775183,0.2670068112239371,-1.7062990000000002,55.41274
321,Otley,0.604326407971433,0.17499911405275892,0.4064878107484417,-1.691786,53.90583
322,Bishop Auckland,0.48017263393060794,0.3980119684657303,0.26924741119897383,-1.6787880000000002,54.663819999999994
323,Burton upon Trent,0.14655896250977135,0.3773758719765347,0.6983160348963283,-1.6371358999999999,52.81403
324,Newcastle,0.4826022205917178,0.3828147361649115,0.2858759136796459,-1.61778,54.97825
325,Durham,0.46857631350659124,0.4345167430398624,0.23625422680859073,-1.5848520000000001,54.77525
326,Ashington,0.4723819334876637,0.40705595642775183,0.2670068112239371,-1.5659829,55.18298000000001
327,Darlington,0.45874820771251124,0.4180953701760174,0.26924741119897383,-1.559458,54.52361
328,Leeds,0.6272829730462134,0.15818042792614745,0.4004374145505103,-1.5490774,53.80076
329,Harrogate,0.5581112993036953,0.2537063262085002,0.36094511312905014,-1.5418120000000002,53.99211999999999
330,Leamington Spa,0.1069079926071151,0.5436468723336397,0.5321528662040476,-1.5200789,52.28519
331,Coventry,0.12571152154825282,0.47072404379032773,0.6033230866309479,-1.519693,52.40682
332,Blyth,0.4319572878966682,0.4462512846234998,0.2653324463734419,-1.510277,55.12696
333,Wakefield,0.5361331155477225,0.1560820959603532,0.5131114284589046,-1.505924,53.6833
334,Andover,0.17277807695935712,0.763444419759077,0.16978495082030196,-1.4919233,51.2112
335,Witney,0.13007464312827569,0.6853519186891252,0.3218175467717405,-1.4850543999999999,51.785940000000004
336,Barnsley,0.26160490813691695,0.03513513421419203,1.0,-1.479726,53.55263000000001
337,Derby,0.15980554146484022,0.3840797666006067,0.6737055951012307,-1.4746186000000001,52.92253
338,Sheffield,0.1947992992426273,0.12828192340509056,0.960715141235118,-1.470085,53.381130000000006
339,Nuneaton,0.14603144974952048,0.4580251827095811,0.5951510081669252,-1.465382,52.52049
340,Northallerton,0.31591047840921743,0.5304283691210587,0.2970021203007769,-1.429959,54.337959999999995
341,South Shields,0.4531320979264626,0.4264018070597729,0.2653324463734419,-1.427406,54.99941999999999
342,Chesterfield,0.12843843391377788,0.2428342201892383,0.893343292335121,-1.421629,53.23505
343,Southampton,0.2166093637513456,0.7698634482702221,0.10864019715911448,-1.4043508999999998,50.9097
344,Wetherby,0.5388835464328093,0.24214709995393083,0.3990212346723779,-1.384816,53.92706
345,Sunderland,0.4531320979264626,0.4264018070597729,0.2653324463734419,-1.383801,54.90687
346,Rotherham,0.18756944460852476,0.12387126913986786,0.9751148412195313,-1.3635008999999998,53.4326
347,Castleford,0.5489743908040043,0.14010369671708842,0.5181834233406408,-1.345968,53.72346999999999
348,Thirsk,0.5276005457605141,0.29021961950610486,0.3507615426049938,-1.341377,54.23385
349,Banbury,0.15346352003172634,0.6467009369232825,0.34334516063473414,-1.339775,52.0629
350,Stockton,0.44764533999800427,0.4345167430398624,0.2615076511254838,-1.3289821000000002,54.57046
351,Newbury,0.20490561058456966,0.687930877033249,0.22821389416705454,-1.3231138999999998,51.40141
352,Isle of Wight,0.2747695357745944,0.7153436180449735,0.10864019715911448,-1.304734,50.69385
353,Isle of Wight,0.2747695357745944,0.7153436180449735,0.10864019715911448,-1.304734,50.69385
354,Abingdon,0.1447268807409315,0.6427729535300226,0.35894155914953246,-1.2879528999999998,51.67078
355,Shetland Islands,0.7556295320632482,0.22153945600113412,0.16403826295150462,-1.2659409,60.52965
356,Rugby,0.1623162252158151,0.5438090688285596,0.4650933215656772,-1.265032,52.37088
357,Oxford,0.13050728210791362,0.6840947254790248,0.3229137474485211,-1.2577263,51.75202
358,Middlesbrough,0.44764533999800427,0.4345167430398624,0.2615076511254838,-1.234956,54.57423000000001
359,Hartlepool,0.46857631350659124,0.4148959080141424,0.2615076511254838,-1.212926,54.69174
360,Loughborough,0.14897404547798299,0.4231824110849719,0.6364460213594889,-1.206166,52.7721
361,Mansfield,0.1300207177437779,0.45435037577792986,0.6191980854577787,-1.198674,53.1472
362,Nottingham,0.17437295610161088,0.3872775250177871,0.6520140006689039,-1.1581086,52.95478000000001
363,Bicester,0.11174550126525634,0.7512752529038625,0.2590839490169981,-1.1535898999999998,51.8996
364,Leicester,0.16680222833429081,0.42633876850607505,0.6108735169056118,-1.1397591999999999,52.636880000000005
365,Doncaster,0.24069385448724806,0.08406344472643314,0.9622551946404185,-1.128462,53.522819999999996
366,Worksop,0.16540140424100336,0.26521989210525587,0.8199351471978883,-1.122745,53.3093
367,Basingstoke,0.22494329837604074,0.7155099035271603,0.16854215879476606,-1.0923964,51.26654
368,Portsmouth,0.2665594277911475,0.8005896319638861,0.01,-1.0879769,50.81977
369,York,0.52695256874396,0.2602049195968804,0.39017439743609644,-1.0872979,53.95997
370,Selby,0.5079316116347241,0.21117353253061966,0.4762302073172261,-1.067189,53.783519999999996
371,Helmsley,0.534520915579238,0.29145977526925965,0.34081580749882834,-1.0562636,54.24651
372,Towcester,0.16734606229281573,0.7557569533228474,0.18623300450383,-0.9896879999999999,52.13511
373,Reading,0.15287041350246552,0.7181951755402232,0.2520427181005164,-0.9781303,51.45426
374,Retford,0.2196325476681678,0.26231620002235306,0.7582418765587254,-0.9455030000000001,53.32136
375,Petersfield,0.28718914978370774,0.7832093915859547,0.01,-0.93899,51.00759
376,Northampton,0.20310070052109694,0.7242809515891167,0.18360648663100054,-0.9026559999999999,52.24048
377,Melton Mowbray,0.2091327282373269,0.3775361943522908,0.6226138283467715,-0.887126,52.7664
378,Aylesbury,0.03848353167466581,0.7835513331461487,0.3059336669432276,-0.8084,51.81561
379,Newark-on-Trent,0.1860082983660445,0.44432724573995686,0.5645488744985963,-0.80657,53.070040000000006
380,Malton,0.5494419440619099,0.2720263521599394,0.347825593090835,-0.7978970000000001,54.13684
381,Chichester,0.3978279538506304,0.6531777223795724,0.04018080930002708,-0.774936,50.83761
382,Gainsborough,0.32673672180553887,0.3233560908191331,0.5504568299551758,-0.774465,53.400580000000005
383,Milton Keynes,0.16090527761758483,0.7511682577370454,0.19990974709450904,-0.7594171,52.040620000000004
384,Aldershot,0.20490561058456966,0.7490518660774892,0.1495469899719676,-0.7557509,51.24837
385,High Wycombe,0.01,0.8372192910241277,0.27159374991502744,-0.748229,51.628609999999995
386,Midhurst,0.4398130005069021,0.6314014799407917,0.017553003791595655,-0.737274,50.9869
387,Kettering,0.2464344270414265,0.7337176527032295,0.11917821832808936,-0.7302489999999999,52.39632
388,Wellingborough,0.20547556209534373,0.7736283832962145,0.11722753371908019,-0.693964,52.30242
389,Corby,0.2527754124964763,0.5228852098604565,0.3828839721909304,-0.6842333,52.4923
390,Bognor Regis,0.38732024644645885,0.6199339151507882,0.09564558128283066,-0.673061,50.783
391,Scunthorpe,0.6724624308007545,0.13276941655603686,0.37863361249939803,-0.654413,53.58865
392,Grantham,0.2484187248854835,0.3754097505990367,0.5779516436694773,-0.643582,52.912519999999994
393,Whitby,0.36431828008739287,0.4770130765812795,0.3073468207022683,-0.613347,54.48633
394,Slough,0.12868516026853274,0.7748738206679224,0.20827306312808966,-0.5950406,51.51054
395,Guildford,0.34353459721445484,0.6308753635791178,0.13439097949861328,-0.570409,51.23622
396,Woking,0.2662127931658889,0.739045262363053,0.08845830722757407,-0.5600349,51.31677
397,Lincoln,0.3040542183663643,0.4214301096666385,0.4515954269989994,-0.540579,53.23069
398,Bedford,0.17557461795582624,0.6960587614730167,0.2531410239036217,-0.46677820000000003,52.13864
399,Heathrow,0.11650676557288585,0.8361784733902339,0.14406300432577146,-0.4542955,51.47002
400,Driffield,0.5927281246416106,0.20956076780276897,0.37599799434089415,-0.443377,54.006
401,Beverley,0.6053416846493677,0.2531277345102348,0.3047058739427551,-0.435093,53.84196
402,Luton,0.10928263608071685,0.727129953467325,0.29313202098003976,-0.4200255,51.87867
403,Scarborough,0.5488041996006212,0.2664160912552918,0.35581599476735765,-0.399752,54.28311
404,Worthing,0.34281484691061337,0.6407710535139393,0.12252293513202342,-0.372882,50.81787
405,Dorking,0.2473909437705639,0.6356422708599686,0.24425412348197367,-0.332378,51.2322
406,Hull,0.5838065360037817,0.28276420309727157,0.2925439232414805,-0.3274198,53.767619999999994
407,Horsham,0.3093140243985556,0.6856338884360714,0.10520044267298063,-0.325858,51.06288
408,Biggleswade,0.1641777142216342,0.75027771038521,0.19710778009955668,-0.26421999999999995,52.086940000000006
409,Peterborough,0.40358602898157714,0.5489950973042671,0.16732403621834754,-0.2405299,52.5695
410,Welwyn Garden City,0.11301155733493368,0.6625275325142638,0.3717809877445685,-0.208661,51.80317
411,Bridlington,0.5927281246416106,0.20956076780276897,0.37599799434089415,-0.198802,54.08535
412,Stevenage,0.10313381546904268,0.6866021265459779,0.35271281928078185,-0.19661199999999998,51.90376
413,Crawley,0.2968274353163467,0.617997779679914,0.20731799362865974,-0.18722750000000002,51.109140000000004
414,Huntingdon,0.2882710016835552,0.5469163584024599,0.3091284154249272,-0.182552,52.33146
415,Hove,0.2860612786477469,0.6960587614730167,0.11983767107769572,-0.168749,50.82793
416,Spalding,0.41730601356186153,0.5459329569647718,0.15471198319477658,-0.1537024,52.7901
417,Brighton,0.2860612786477469,0.6960587614730167,0.11983767107769572,-0.137163,50.82253
418,London,0.13870768461265415,0.8263143027322616,0.1299731306938733,-0.12775830000000002,51.50735
419,Grimsby,0.5231646330901935,0.3683564179381147,0.25554582373198376,-0.08078400000000001,53.56746999999999
420,Boston,0.4959859121523315,0.48201169314058745,0.14205491116761623,-0.026576999999999996,52.97894
421,Royston,0.1476239297846783,0.6824223296868653,0.30441475251477074,-0.024066,52.048140000000004
422,Louth_Lincs,0.6376096932650701,0.30499926398229193,0.19901177914663618,-0.007711,53.36596
423,Lewes,0.2643613731398513,0.7143140451260633,0.12252293513202342,0.00878,50.873870000000004
424,Chatteris,0.32510223922114795,0.6085029808717175,0.18542461406675229,0.054012,52.4561
425,Uckfield,0.20547556209534373,0.7736283832962145,0.11722753371908019,0.095913,50.966409999999996
426,Cambridge,0.11606009545174728,0.6411627444192137,0.3956009745331465,0.12181700000000001,52.20534
427,Bishop's Stortford,0.1151752611346286,0.7903083846046904,0.20470746155885833,0.15365020000000001,51.87216
428,Wisbech,0.35155913789904003,0.5879887021281817,0.17990749460934163,0.158797,52.66631999999999
429,Sevenoaks,0.22191762447685376,0.7389256594854965,0.14205491116761623,0.190898,51.27241
430,Tunbridge Wells,0.1256744989637493,0.8936502116732408,0.059031689255987826,0.26369499999999996,51.13238
431,Eastbourne,0.21428104848977111,0.7747186095262499,0.10520044267298063,0.29047199999999995,50.768029999999996
432,Brentwood,0.1724300065048517,0.8296255305460979,0.08502499969080957,0.30717490000000003,51.620470000000005
433,Skegness,0.5871584702929653,0.35071618611979644,0.20104077006924373,0.337881,53.1464
434,Downham Market,0.272316994020589,0.6691988856146701,0.170990815421559,0.385472,52.606609999999996
435,King's Lynn,0.30675410442695233,0.6979018724835692,0.09249920684980037,0.4022963,52.75168000000001
436,Bexhill,0.20676262852716445,0.7859951845359954,0.09975781398770484,0.4662071,50.849909999999994
437,Chelmsford,0.17679098342853117,0.7559208535624621,0.17462656593988055,0.4685497,51.73559
438,Mildenhall,0.2197077378655616,0.6469849511638621,0.2630552259717153,0.5156095,52.347570000000005
439,Medway,0.2170299344952887,0.7931245042102939,0.07819414983640098,0.5417860999999999,51.404740000000004
440,Braintree,0.12327166598177001,0.7738205656977584,0.2161600943307106,0.5509269,51.88009
441,Gillingham,0.2170299344952887,0.7931245042102939,0.07819414983640098,0.551438,51.38632
442,Hastings,0.20676262852716445,0.7859951845359954,0.09975781398770484,0.573453,50.85426
443,Maldon,0.16471645916510705,0.749183565542377,0.19786610800122553,0.6714479999999999,51.731809999999996
444,Southend,0.21312211618693913,0.7986192512246517,0.07583673727874356,0.7077123000000001,51.54593
445,Bury St Edmunds,0.16525829386771868,0.7186234969564306,0.23654532630817593,0.7104931999999999,52.24292
446,Thetford,0.25600348379430415,0.7098643751073359,0.13833388110474576,0.751657,52.412859999999995
447,Ashford,0.17705357660521615,0.8225050703442109,0.08861110431330733,0.8750190000000001,51.14647
448,Faversham,0.18025925623681513,0.8175682997173146,0.09109747778675087,0.889358,51.31599
449,Colchester,0.16658727197350362,0.724192867988409,0.22777359383920745,0.891874,51.89593
450,New Romney,0.14318768996338999,0.8319266081305423,0.1173446094424915,0.939473,50.98512
451,Canterbury,0.20567570578731872,0.7956744988946105,0.08861110431330733,1.0789089,51.280229999999996
452,Ipswich,0.20222851604139327,0.8077189516381845,0.07726817932272997,1.14822,52.056740000000005
453,Clacton,0.1637948021890761,0.7427037133456368,0.20731799362865974,1.153035,51.78953
454,Folkestone,0.14576892927305052,0.8272888446975377,0.12019935809435543,1.169456,51.0814
455,Sheringham,0.34019972930074927,0.6641050297269375,0.09564558128283066,1.2109589,52.944419999999994
456,Harwich,0.18294040381697935,0.7323084854663763,0.19759796753561895,1.260297,51.93473
457,Norwich,0.2578822209261389,0.729951525055951,0.11021353787442413,1.297355,52.63089
458,Cromer,0.3084655038388439,0.7118821199490786,0.07244092730463748,1.301866,52.93145
459,Dover,0.17394729634261571,0.8008743277023435,0.12019935809435543,1.3134027,51.12788
460,Felixstowe,0.18294040381697935,0.7323084854663763,0.19759796753561895,1.3512549999999999,51.961729999999996
461,Margate,0.16108326591902974,0.8224079568966223,0.1080045805794553,1.3868339,51.38965
462,Ramsgate,0.16946438298327873,0.8083784712094407,0.11594965625479957,1.4198950000000001,51.33555
463,Great Yarmouth,0.282332957170304,0.707031218054787,0.11021353787442413,1.728047,52.59823000000001
464,Lowestoft,0.282332957170304,0.707031218054787,0.11021353787442413,1.7534490000000003,52.48114
465,Swaffham,0.3360690303081743,0.6780161051578487,0.08272482025510447,0.687481,52.64747
466,Dereham,0.30202777257264424,0.7041045254185079,0.09021825862020721,0.9378270000000001,52.681619999999995
467,Ely,0.2645147524185089,0.6514107687568662,0.20329886890685436,0.262363,52.39954
468,March,0.35872207198520834,0.5776115339426833,0.18462139873188943,0.088622,52.551719999999996
469,St Neots,0.24267504439711252,0.5700682043076117,0.3343422589812364,-0.26510300000000003,52.23008
470,Banham,0.2578822209261389,0.729951525055951,0.11021353787442413,1.0402849,52.45125
471,Holt,0.34019972930074927,0.6641050297269375,0.09564558128283066,1.086747,52.90936
472,Cromer,0.3084655038388439,0.7118821199490786,0.07244092730463748,1.301866,52.93145
473,Hunstanton,0.397166309193651,0.6097623889499207,0.09685778319146096,0.49103199999999997,52.93891
474,Horncastle,0.6498487926402663,0.29811545391847655,0.19310514553396135,-0.11245,53.20731
475,Market Weighton,0.5883174025957975,0.2161586895068409,0.3728276960243198,-0.6677465,53.86484
476,Hawes,0.37740849905498797,0.36638450382865506,0.43394023686705974,-2.1968695,54.303830000000005
477,Reeth,0.4716062221933036,0.41116521825651037,0.26265373891047955,-1.9428115000000001,54.38946
478,Aysgarth,0.4549895338952938,0.31281144453016174,0.409290084740983,-1.9967433999999997,54.29159
479,Stanhope,0.42064046344933065,0.43746609548057863,0.2902934116299984,-2.011302,54.74946
480,Keswick,0.24281315663061398,0.40922158630898015,0.5411966643220821,-3.134706,54.60128
481,Oxenholme,0.14498618423288637,0.4775044365511845,0.5713410207283895,-2.7243327999999996,54.30134
