,Unnamed:_0,placename,inside,inside_of,longitude,latitude
0,44,Coleraine,1.0,0.01,-6.6646103000000005,55.132580000000004
1,23,Athlone,0.9358187441631192,0.06418128253575235,-7.9406898,53.42393000000001
2,18,Nenagh,0.9357792249661494,0.064221009745022,-8.19834,52.8635
3,20,Tipperary,0.8965553819946376,0.10344466103746673,-8.161851400000002,52.47379
4,14,Limerick,0.8889635362609439,0.11103546995000613,-8.6267343,52.66384
5,7,Ennistymon,0.8709885415128352,0.1290102641797018,-9.2934951,52.940369999999994
6,54,Ballymena,0.8627186295574463,0.13728142755046602,-6.2802213,54.86529
7,146,Castle Douglas,0.8484729990286588,0.15152602402601778,-3.9314139999999997,54.940419999999996
8,411,Royston,0.8413283442080459,0.15867151380218927,-0.024066,52.048140000000004
9,25,Offaly,0.8346371201737188,0.16536149264485042,-7.7122229,53.23569000000001
10,87,Stranraer,0.8282828492925016,0.1717165981528304,-5.0240550000000015,54.903369999999995
11,10,Clare,0.8260385748961587,0.17396024949519406,-8.9811351,52.90453
12,153,Dalbeattie,0.8203332508283425,0.1796659919280967,-3.8225269999999996,54.934219999999996
13,37,Tyrone,0.8137543445117201,0.1862446929856308,-7.1312320000000025,54.491209999999995
14,110,Newton Stewart,0.8136877858641923,0.18631145965670695,-4.483164,54.9603
15,160,Dumfries,0.8117409454239894,0.1882576769191986,-3.60512,55.070859999999996
16,15,Loughrea,0.8094779514080275,0.19052087987240704,-8.5660931,53.19891
17,8,Galway,0.8085066111456625,0.1914930525222826,-9.0567905,53.270669999999996
18,279,Blandford Forum,0.8082861356257234,0.191713528133936,-2.165353,50.85691
19,275,Shaftesbury,0.8028928052181981,0.19710686078504291,-2.198083,51.0046
20,57,Antrim,0.8000640626982455,0.19993581247758846,-6.2072498,54.719530000000006
21,228,Bridport,0.799498314194255,0.2005009372293454,-2.758301,50.733579999999996
22,39,Monaghan,0.7953550383856204,0.2046448387491296,-6.9683132,54.2492
23,375,High Wycombe,0.7942755403210212,0.20572371327521105,-0.748229,51.628609999999995
24,344,Abingdon,0.7938969880132024,0.20610247373636276,-1.2879528999999998,51.67078
25,325,Andover,0.7890756459828724,0.21092402576819114,-1.4919233,51.2112
26,93,Girvan,0.7867440133616483,0.21325545136349613,-4.8542179,55.240159999999996
27,361,Helmsley,0.7788692933759583,0.22112913464570405,-1.0562636,54.24651
28,347,Oxford,0.7756827981255425,0.22431729518855656,-1.2577263,51.75202
29,208,Langholm,0.7751316093256981,0.22486848421769015,-2.998913,55.153059999999996
30,459,St Neots,0.7669136963136909,0.23308515267312124,-0.26510300000000003,52.23008
31,218,Lyme Regis,0.7653703676741284,0.2346299379257155,-2.936639,50.725159999999995
32,16,Sligo,0.7614517273009012,0.2385469159621847,-8.476088800000001,54.27661
33,184,Lockerbie,0.7544734690991071,0.24552538506273575,-3.349008,55.12224000000001
34,266,Sark,0.7538016427506187,0.24619845966585885,-2.3666256000000003,49.43007
35,167,Exeter,0.7537080446525328,0.24629164181116145,-3.533899,50.71841
36,258,Weymouth,0.7493297336198129,0.25066995466522235,-2.457621,50.61443
37,416,Cambridge,0.7474806511931666,0.2525177898859101,0.12181700000000001,52.20534
38,260,Fortuneswell,0.7471187385472328,0.25288053466583804,-2.4422189999999997,50.55919
39,210,Axminster,0.7453861337537621,0.25461376416763803,-2.9949369999999997,50.78273
40,29,Westmeath,0.7425490714028682,0.2574514516863057,-7.4653217000000005,53.534530000000004
41,353,Bicester,0.7425345116987221,0.257464971417209,-1.1535898999999998,51.8996
42,339,Thirsk,0.7383329970734985,0.2616656558067868,-1.341377,54.23385
43,43,Cookstown,0.7374469350782782,0.26255338213748197,-6.7443895000000005,54.641819999999996
44,392,Luton,0.7368312675886424,0.26316863389151113,-0.4200255,51.87867
45,149,Machynlleth,0.736144881536008,0.2638550202296774,-3.853485,52.59027
46,219,Carlisle,0.7337695698023411,0.26623054094731297,-2.932931,54.892469999999996
47,183,Cockermouth,0.7326235130902141,0.26737597414861064,-3.367985,54.66326
48,264,Wincanton,0.7325881538087148,0.2674107094572389,-2.416007,51.05569000000001
49,11,Adare,0.7325860738509783,0.2674129974116996,-8.7925892,52.56363
50,446,Harwich,0.7321784021348696,0.2678221252684187,1.260297,51.93473
51,189,Sidmouth,0.7265853957847583,0.273414925949314,-3.2375599999999998,50.67865
52,166,Llanidloes,0.7257908519298897,0.2742090541429864,-3.5401949999999998,52.44779000000001
53,60,Belfast,0.7244430393174403,0.2755556193409527,-5.93012,54.59728000000001
54,244,Guernsey,0.7217765335008403,0.2782225422585189,-2.5852779999999997,49.46569
55,261,Dorchester,0.7187189956300096,0.2812794574136797,-2.4411810000000003,50.71116
56,302,Salisbury,0.7172006264832709,0.2827992831630679,-1.794472,51.06878
57,31,Cavan,0.715534580337328,0.2844649140103516,-7.3633319,53.98972
58,69,Mull,0.7151123489170664,0.28488776959383405,-6.0008870000000005,56.4392
59,165,Workington,0.7136480586714483,0.28635102046928856,-3.5427519999999997,54.64357
60,303,Ringwood,0.7133984637432169,0.2866014474847893,-1.7888169999999999,50.84495
61,26,Fermanagh,0.7127120776905803,0.28728720983537553,-7.6318728,54.343830000000004
62,27,Enniskillen,0.7127120776905803,0.28728720983537553,-7.631533599999999,54.343819999999994
63,126,Bideford,0.7060728525996349,0.29392622969232424,-4.206666,51.01668
64,387,Lincoln,0.7037453798938814,0.2962537033662881,-0.540579,53.23069
65,32,Mullingar,0.7035249043739423,0.2964741789779417,-7.3401868000000015,53.525819999999996
66,300,Bournemouth,0.7035041047965914,0.2964943545763665,-1.880769,50.719159999999995
67,463,Horncastle,0.7012099114146031,0.2987900048837428,-0.11245,53.20731
68,398,Biggleswade,0.6963823295110636,0.3036173807996527,-0.26421999999999995,52.08694000000001
69,134,Aberystwyth,0.6926176060102455,0.3073816898748448,-4.08292,52.4153
70,5,Ballycastle,0.6916005066777036,0.30839795764705097,-9.3724643,54.279669999999996
71,162,Dartmouth,0.6911408360182131,0.3088586684770627,-3.578807,50.35252
72,370,Malton,0.6894373506330345,0.3105619465750153,-0.7978970000000001,54.13684
73,417,Bishop's Stortford,0.6881540167103809,0.3118461130149666,0.15365020000000001,51.87216
74,168,Torquay,0.6854708712318962,0.3145282196303165,-3.525315,50.46192
75,164,Paignton,0.6854708712318962,0.3145282196303165,-3.564235,50.43508
76,293,Poole,0.6820431008841904,0.317955367416367,-1.987248,50.71505
77,404,Huntingdon,0.6820223013068372,0.3179765829940922,-0.182552,52.33146
78,412,Louth_Lincs,0.6812922361417623,0.3187081044338893,-0.007711,53.36596
79,136,Barnstaple,0.6790417218722121,0.32095799565205463,-4.058338,51.07816
80,331,Northallerton,0.6789418839009191,0.3210572096772987,-1.429959,54.337959999999995
81,172,Tiverton,0.6743472572637331,0.3256532941968323,-3.491207,50.90205
82,174,Dunfermline,0.6737482294359776,0.3262514902903373,-3.452151,56.07174000000001
83,227,Hawick,0.6718679476433049,0.32813073288589273,-2.780914,55.42706
84,450,Felixstowe,0.6700417447517459,0.3299581845122955,1.3512549999999999,51.961729999999996
85,382,Grantham,0.6676373136097868,0.33236178467103794,-0.643582,52.912519999999994
86,393,Scarborough,0.6670195661624145,0.3329801563629677,-0.399752,54.28311
87,158,Totnes,0.664825210751717,0.3351745126864995,-3.685797,50.43374
88,402,Stevenage,0.6647066531608072,0.3352922383432881,-0.19661199999999998,51.90376
89,138,Okehampton,0.6642220230084929,0.3357768686972055,-4.004263,50.73831
90,226,St Andrews,0.6616428754167718,0.33835643335355065,-2.7967214,56.33978000000001
91,205,Cupar,0.6589846894311108,0.3410154524284349,-3.010137,56.32023
92,155,Kingsbridge,0.6581963854494469,0.3418033407463057,-3.777493,50.28395
93,4,Mayo,0.6574746401153133,0.3425246703889606,-9.4289369,54.01526
94,221,Forfar,0.6534832012213512,0.3465156949516077,-2.889062,56.64356
95,198,Taunton,0.6530880092516522,0.3469115110732837,-3.106849,51.01534
96,428,Mildenhall,0.6528300944924796,0.34716859395630606,0.5156095,52.34757000000001
97,326,Witney,0.6526740976623365,0.34732625481822405,-1.4850543999999999,51.785940000000004
98,170,Livingston,0.6517235569773224,0.3482751319317741,-3.518068,55.90071
99,33,Laois,0.6515114012883269,0.34848895167590593,-7.3323006999999985,52.99429
100,439,Colchester,0.6513658042468569,0.3486333008027808,0.891874,51.89593
101,276,Alderney,0.6506606985746057,0.349339238751792,-2.1973557,49.715
102,357,Basingstoke,0.650240547112083,0.3497598063808139,-1.0923964,51.26654
103,435,Bury St Edmunds,0.6491173699350432,0.3508825680333659,0.7104931999999999,52.24292
104,42,Dungannon,0.6486784988529037,0.3513208153104921,-6.7669352,54.508269999999996
105,246,Jedburgh,0.6481293900107957,0.3518705483686053,-2.5549369,55.47772
106,154,Falkirk,0.6466630198074366,0.3533360871985204,-3.7839131,56.00188000000001
107,130,Tavistock,0.6463260666543265,0.3536734564835222,-4.141654,50.551120000000004
108,272,Newcastle-under-Lyme,0.6461222307962698,0.3538779164139517,-2.2273002,53.01321
109,191,Peebles,0.6456584002213065,0.3543402912108438,-3.1936419999999996,55.65306999999999
110,9,Claremorris,0.6448326570004093,0.3551670747545442,-9.0017356,53.72388
111,119,Cumnock,0.6442981078624473,0.3557016241148736,-4.265828900000002,55.45355
112,433,Maldon,0.6435992420634011,0.3564011141922231,0.6714479999999999,51.7318
113,145,Tregaron,0.6435098038807858,0.3564895124327446,-3.934385,52.22
114,391,Beverley,0.6434661247683453,0.3565336075550753,-0.435093,53.84196
115,256,Montrose,0.6427360596032704,0.3572634650279922,-2.4661150000000003,56.70692
116,351,Mansfield,0.6425883826040663,0.35741072609690777,-1.198674,53.1472
117,28,Doon,0.6421432716487196,0.3578560452332758,-7.60964,54.185930000000006
118,223,Selkirk,0.6418624773544597,0.3581366316484837,-2.838524,55.55066
119,372,Gainsborough,0.6399988352236673,0.3600006905462554,-0.774465,53.400569999999995
120,271,Gloucester,0.6393977274381776,0.3606026305652412,-2.238156,51.86424
121,396,Hull,0.6380998338113779,0.3618999007443756,-0.3274198,53.767619999999994
122,443,Clacton,0.6380395150370549,0.36195938756035,1.153035,51.78953
123,306,Swindon,0.6377691205314704,0.3622297821784155,-1.7797176,51.55577
124,38,Waterford,0.6364317077076986,0.36356844353370005,-7.110070200000001,52.25932
125,47,Magherafelt,0.6364213079190232,0.36357884332670254,-6.607980499999999,54.75536999999999
126,390,Driffield,0.6336778436662176,0.3663210607456069,-0.443377,54.006
127,464,Market Weighton,0.6331495344014605,0.36684937023013503,-0.6677465,53.86484
128,401,Bridlington,0.6330122571909341,0.3669870634894883,-0.198802,54.08535
129,250,Dunbar,0.6313774104110198,0.3686217029536245,-2.516737,56.00209
130,430,Braintree,0.6308220616957071,0.3691782998751194,0.5509269,51.88009
131,309,Marlborough,0.6306411053727378,0.3693575923064829,-1.7270619999999999,51.42007
132,414,Chatteris,0.6299900786016027,0.3700092433360207,0.054012,52.4561
133,469,Keswick,0.6295116883224933,0.3704880498058567,-3.134706,54.60128
134,140,Motherwell,0.6288689813822972,0.3711299250299722,-3.9810968,55.78321
135,161,Whitehaven,0.6287525037491241,0.3712476506867609,-3.589233,54.5497
136,434,Southend,0.6287005048057421,0.3712994416559133,0.7077123000000001,51.54593
137,389,Heathrow,0.6284717094548641,0.3715278211102486,-0.4542955,51.47002
138,444,Folkestone,0.6283302723288671,0.3716690502992228,1.169456,51.0814
139,196,Welshpool,0.6282928330896312,0.3717060735623118,-3.146407,52.66035
140,187,Newtown,0.6280952371047817,0.3719032536376397,-3.313106,52.51211
141,224,Galashiels,0.6276459662339667,0.3723533566787887,-2.814449,55.62373
142,195,Kirkcaldy,0.6265290289301318,0.3734698784555393,-3.158137,56.11682
143,181,Llandrindod Wells,0.6261400768336376,0.3738600786889938,-3.377742,52.2417
144,201,Dalkeith,0.624715305784987,0.3752833943593187,-3.066606,55.893119999999996
145,105,Ayr,0.6233882927498907,0.37661019995058026,-4.629179,55.45856
146,437,Ashford,0.6230804590050728,0.3769182418193149,0.8750190000000001,51.14647
147,122,Glasgow,0.622238076122293,0.3777612490400992,-4.251806,55.86424
148,335,Wetherby,0.6218116847865653,0.3781882645407825,-1.384816,53.92706
149,449,Dover,0.6214809715066578,0.3785189779582628,1.3134027,51.12788
150,263,Kelso,0.6209630620305785,0.3790360556663481,-2.432207,55.600030000000004
151,156,Pitlochry,0.6204035533997951,0.37959494054230347,-3.729711,56.70436
152,142,Airdrie,0.6204014734420563,0.3795980604802043,-3.9625660000000003,55.86626999999999
153,22,Leitrim,0.6198378048958045,0.3801627692402411,-8.0020132,54.12469
154,177,Builth Wells,0.6194550926725175,0.3805442336475735,-3.4045919999999996,52.15002
155,203,Blackpool,0.6191659785473163,0.3808329319013235,-3.0356748,53.81751
156,242,Arbroath,0.6184171937626224,0.3815825489809452,-2.591543,56.55911
157,235,Ludlow,0.6181904783694784,0.3818100964518403,-2.7139129,52.36775
158,245,Ross-on-Wye,0.6178826446246605,0.3821168903454147,-2.582446,51.91445
159,320,Harrogate,0.6169362638551193,0.3830630635127839,-1.5418120000000002,53.99211999999999
160,109,Kilmarnock,0.6150934213016802,0.3849061148286905,-4.498792,55.61472
161,35,Derry,0.6143487964324569,0.385650740007671,-7.308574799999999,54.99661
162,400,Welwyn Garden City,0.6135584124930589,0.3864421642551628,-0.208661,51.80317
163,97,Greenock,0.6133483367617976,0.3866509920986533,-4.7719830000000005,55.956480000000006
164,359,York,0.6132089795935346,0.38678993333316697,-1.0872979,53.95997
165,106,Dumbarton,0.6129989038622732,0.387000217147678,-4.564554,55.94529
166,442,Ipswich,0.6124185956541366,0.3875815655765188,1.14822,52.05674000000001
167,230,Penrith,0.6121544410217546,0.3878442643477624,-2.752708,54.6641
168,368,Aylesbury,0.6120982821629068,0.3879016712051365,-0.8084,51.81561
169,277,Stoke-on-Trent,0.6113411775472716,0.38865898413158,-2.179404,53.002669999999995
170,253,Blackburn,0.6110624632107482,0.3889362426130271,-2.487529,53.748580000000004
171,340,Banbury,0.6103989566932034,0.38959954141072783,-1.339775,52.0629
172,91,Dunoon,0.6101597615536453,0.3898404006166661,-4.926214,55.95097
173,72,Campbeltown,0.6096335322466246,0.3903649661757133,-5.605373999999999,55.424119999999995
174,214,Dundee,0.6094900151628911,0.3905084833191481,-2.9707209999999997,56.462019999999995
175,84,Rothesay,0.6092237805727796,0.3907755500034528,-5.055793,55.83596
176,102,Irvine,0.6089908253064308,0.3910080893749892,-4.6696364,55.61156999999999
177,369,Newark-on-Trent,0.6080486044523581,0.3919503106210175,-0.80657,53.07004000000001
178,24,Longford,0.6066321532346465,0.3933684263948411,-7.7932573000000005,53.72763000000001
179,75,Lochgilphead,0.6057502511548968,0.3942486648745744,-5.4323449,56.03829
180,147,Dolgellau,0.6043358798949193,0.39566262073119707,-3.8844,52.74215
181,6,Abbeyfeale,0.6043046805288907,0.39569548407708505,-9.2970823,52.386179999999996
182,451,Margate,0.6035371761245801,0.3964619488213708,1.3868339,51.38965
183,409,Grimsby,0.6026469542138915,0.3973515471148063,-0.08078400000000001,53.56746999999999
184,343,Isle of Wight,0.6018752898941102,0.39812529171419375,-1.304734,50.69385
185,308,Ashbourne,0.6011036255743288,0.3988959163756805,-1.7321790000000001,53.016630000000006
186,107,Bude,0.6005108376197804,0.399488080589244,-4.543678,50.82664000000001
187,342,Newbury,0.5999929281437011,0.4000059902807695,-1.3231138999999998,51.40141
188,185,Blairgowrie,0.5998078119052589,0.40019193857965457,-3.3378318,56.58941
189,225,Lancaster,0.5985868767146649,0.4014132902698705,-2.8007399,54.046569999999996
190,68,Islay,0.5984641592082846,0.4015355918355801,-6.177067,55.73625
191,312,Otley,0.5973305822425694,0.4026683372894146,-1.691786,53.90583
192,438,Faversham,0.5972494638908932,0.4027498716665544,0.889358,51.31599
193,13,Mallow,0.5963155628677617,0.4036835650823207,-8.6539164,52.13898
194,286,Aberdeen,0.5956811757585091,0.4043175364637543,-2.094278,57.149719999999995
195,98,Helensburgh,0.5954586202808357,0.4045417560008887,-4.734014,56.00232
196,251,Cinderford,0.5954045413797198,0.4045943789534814,-2.5009579,51.8253
197,441,Canterbury,0.5949885498326676,0.40500995468186207,1.0789089,51.280229999999996
198,328,Derby,0.5949407108047564,0.4050582097213937,-1.4746186000000001,52.92253
199,192,Edinburgh,0.5947472747353776,0.4052524778546809,-3.1882669999999997,55.95325
200,0,Dingle,0.5942460049211808,0.4057537478774023,-10.264013499999999,52.14094
201,1,Tralee,0.5942460049211808,0.4057537478774023,-9.6999325,52.27131
202,290,Skipton,0.5941815262313871,0.40581843458987804,-2.0162787,53.96285
203,252,Banchory,0.5937738545152762,0.40622527449213663,-2.4909599,57.05386
204,118,Caernarfon,0.5933973821651939,0.4066019549946878,-4.273911,53.13955
205,288,Cheltenham,0.5928794726891146,0.4071206966696535,-2.0782533,51.899390000000004
206,144,Stirling,0.5918145343286615,0.4081856354731116,-3.9369029,56.116519999999994
207,135,Lampeter,0.5902504061117481,0.40974830836967024,-4.0785089999999995,52.1129
208,12,Charleville,0.5896097791292884,0.4103901835937858,-8.681017599999999,52.36206
209,452,Ramsgate,0.5896056192138177,0.4103937195234067,1.4198950000000001,51.33555
210,408,London,0.5886613184020107,0.4113380207280356,-0.12775830000000002,51.50735
211,255,Telford,0.5883222852911619,0.4116768459840575,-2.4672611,52.67759
212,420,Tunbridge Wells,0.5877981359418778,0.4122014115431048,0.26369499999999996,51.13238
213,34,Omagh,0.5860696910638776,0.4139292331525434,-7.309959700000001,54.59771
214,301,Halifax,0.5858325758820583,0.4141665564288609,-1.8575400000000002,53.727019999999996
215,292,Berwick,0.5846074807759913,0.41539144404869777,-2.005395,55.77024
216,334,Southampton,0.5845242824665811,0.41547422640099774,-1.4043508999999998,50.9097
217,440,New Romney,0.5844639636922578,0.4155362091672927,0.939473,50.98512
218,222,Morecambe,0.5844161246643467,0.4155832162316642,-2.864968,54.074169999999995
219,190,Barrow-in-Furness,0.5835758217392988,0.41642455948556795,-3.2188939999999997,54.10896999999999
220,115,Launceston,0.5822196892959126,0.4177800685055166,-4.360451599999998,50.636829999999996
221,324,Wakefield,0.5818598566077128,0.4181390693599635,-1.505924,53.6833
222,436,Thetford,0.5806472412480579,0.4193521012157775,0.751657,52.412859999999995
223,338,Castleford,0.5805245237416775,0.4194752347649273,-1.345968,53.72346999999999
224,74,Oban,0.5802208499123302,0.4197784927288808,-5.471047,56.41516
225,265,Clitheroe,0.5789603955247618,0.4210399876200865,-2.3930830000000003,53.8711
226,363,Reading,0.5775481042225231,0.4224504075470882,-0.9781303,51.45426
227,46,Armagh,0.5773026692097625,0.4226970906371079,-6.652792,54.35028000000001
228,2,Killarney,0.5772340306044982,0.4227646892916245,-9.5044265,52.05994000000001
229,175,Perth,0.5768825177472396,0.4231178662619901,-3.4308381000000003,56.39499
230,274,Trowbridge,0.5753142296148533,0.4246855310591899,-2.208853,51.31966
231,307,Bradford,0.5750646346866221,0.4249340861119501,-1.759398,53.79598000000001
232,281,Jersey,0.5750001559968306,0.4249991888161459,-2.13125,49.21444
233,104,Holyhead,0.5743761686762535,0.4256238003838773,-4.633038,53.30944
234,267,Bath,0.5731864328516836,0.4268133287075055,-2.3590167,51.38106
235,254,Market Drayton,0.5723918889968149,0.4276076648970379,-2.483485,52.90355
236,280,Rochdale,0.5694674684210423,0.4305329186727868,-2.1561,53.60971
237,270,Burnley,0.5647834036012388,0.4352151134783814,-2.2405035,53.78929
238,48,Louth,0.5639181411833716,0.4360803762561911,-6.4889423,53.925230000000006
239,113,Pwllheli,0.5619962602359926,0.4380039219699372,-4.417633900000001,52.888819999999996
240,297,Buxton,0.561170517015093,0.4388294575384773,-1.91483,53.259080000000004
241,352,Nottingham,0.5610145201849499,0.4389854544335151,-1.1581086,52.95478000000001
242,383,Whitby,0.559065599787013,0.4409337516546071,-0.613347,54.48634000000001
243,133,Tywyn,0.5589824014776025,0.4410167420027673,-4.087249,52.58701
244,304,Huddersfield,0.5585060911562273,0.4414934685140027,-1.7850351000000002,53.64579000000001
245,231,Kendal,0.5541548195740653,0.4458449499021172,-2.74629,54.32801
246,418,Wisbech,0.5538282662096308,0.4461712954065363,0.158797,52.66631999999999
247,381,Scunthorpe,0.5531897191849052,0.4468096347010309,-0.654413,53.58865
248,278,Colne,0.5531044409177607,0.44689532899537177,-2.176991,53.85564
249,148,Aberfeldy,0.5522745377813928,0.4477254404728329,-3.866969,56.62175
250,431,Gillingham,0.5522433384153641,0.4477570558435606,0.551438,51.38632
251,131,Porthmadog,0.5519167850509272,0.4480838173396997,-4.1333839999999995,52.92784
252,243,Bristol,0.5512366388714977,0.4487620918393241,-2.58791,51.45451
253,240,Wigan,0.5512075194632055,0.4487912112597312,-2.6325074,53.54506
254,360,Selby,0.5502528188627208,0.4497475762242429,-1.067189,53.783519999999996
255,319,Leeds,0.5466004130796052,0.4533993595391478,-1.5490774,53.80076
256,128,Llanelli,0.5441647825716175,0.4558341590768978,-4.160248,51.68089000000001
257,395,Dorking,0.5420889847518295,0.4579101657560609,-0.332378,51.2322
258,178,Braemar,0.5418789090205681,0.458121073558152,-3.3979439,57.00646999999999
259,295,Cirencester,0.5416750731625138,0.4583255334885816,-1.968243,51.71849
260,216,Ambleside,0.5413672394176982,0.4586317033945757,-2.961333,54.42874000000001
261,358,Portsmouth,0.5404312584368279,0.4595685167482427,-1.0879769,50.81977
262,429,Medway,0.5402960611840357,0.4597041300489955,0.5417860999999999,51.404740000000004
263,125,Saltash,0.5385343369822727,0.4614646070084622,-4.21643,50.409209999999995
264,234,Hereford,0.538401219687217,0.4615977243588944,-2.715974,52.0564
265,19,Roscommon,0.5371345254264437,0.4628656671217618,-8.1890955,53.62759000000001
266,247,Sedbergh,0.5370201277510046,0.4629804808365094,-2.5281740000000004,54.32363
267,108,Isle of Man,0.5369535691034768,0.4630468315158656,-4.5126330999999995,54.27697
268,365,Petersfield,0.5365375775564246,0.4634621992483862,-0.93899,51.00759
269,207,Bridgwater,0.5358990305316991,0.4641015785221812,-3.003632,51.12789
270,283,Stafford,0.5358075123913474,0.4641930967006034,-2.12066,52.80669
271,173,Minehead,0.5343744215117555,0.4656247322053303,-3.481152,51.20428
272,232,Street,0.5312732045284844,0.46872719845384203,-2.7429189999999997,51.12468
273,236,Preston,0.5303788227023228,0.4696209566644786,-2.70309,53.7632
274,36,Kilkenny,0.5301063482390042,0.4698934312411447,-7.2447879,52.65415
275,233,Glastonbury,0.5295967585938661,0.4704032290941282,-2.718454,51.14743
276,269,Manchester,0.5282427061082118,0.4717576981347765,-2.2426305,53.48076
277,229,Shrewsbury,0.5278287945188961,0.4721711939045566,-2.7553267999999997,52.7073
278,59,Kilkeel,0.5274440023378725,0.4725561942415099,-6.007004,54.06312
279,238,Wells,0.5260961897254253,0.4739031754311962,-2.6445979,51.20935
280,457,Ely,0.5258153954311653,0.4741831378588241,0.262363,52.39954
281,143,Swansea,0.5249709325906491,0.4750294730133692,-3.9436459999999998,51.62144
282,424,Downham Market,0.5236647191329082,0.4763350630269056,0.385472,52.606609999999996
283,298,Keighley,0.522425064322693,0.4775738863693658,-1.9123580000000002,53.8678
284,41,Kildare,0.5194465648458021,0.4805530110728677,-6.8194707999999995,53.21204
285,129,Plymouth,0.5173187680826323,0.4826814327087634,-4.1426565,50.37546
286,273,Worcester,0.5166552615650853,0.4833434835313039,-2.221575,52.19364
287,384,Slough,0.5144297067883591,0.4855692472297032,-0.5950406,51.51054
288,470,Oxenholme,0.5132836500762297,0.48671572041030103,-2.7243327999999996,54.30134
289,427,Chelmsford,0.5126014239390659,0.4873973228436861,0.4685497,51.73559
290,163,Bridgend,0.5109769769478294,0.48902260249412,-3.576945,51.50429000000001
291,49,Wexford,0.5078258409789106,0.4921743637614638,-6.4633381,52.33692
292,52,Rosslare,0.5078258409789106,0.4921743637614638,-6.3414908,52.25131
293,239,Yeovil,0.5076261650363271,0.4923729998078119,-2.633308,50.94206
294,111,Liskeard,0.5067505028297821,0.4932492863662042,-4.4647190000000005,50.45552
295,95,Invergarry,0.5060474771152651,0.4939516883855945,-4.800261,57.07095
296,458,March,0.5049658990929294,0.495034722828877,0.088622,52.551719999999996
297,56,Dublin,0.5023389124732994,0.4976604625661532,-6.2603097000000005,53.34981
298,399,Peterborough,0.4996640868257559,0.5003363293057016,-0.2405299,52.5695
299,466,Reeth,0.49536689414471,0.5046337317702029,-1.9428115000000001,54.38946
300,30,Strabane,0.49446835240308,0.5055316498980406,-7.4633103,54.82739
301,117,Llangefni,0.4933118959022752,0.5066883148757808,-4.311401999999998,53.25578
302,410,Boston,0.4926338296805798,0.5073663813795449,-0.026576999999999996,52.97894
303,374,Aldershot,0.4911404200266649,0.5088597916547071,-0.7557509,51.24837
304,465,Hawes,0.4874880142435516,0.5125117829654718,-2.1968695,54.30383000000001
305,259,Crewe,0.4866976303041513,0.5133025832253835,-2.4438209,53.1004
306,116,Carmarthen,0.4861755609126013,0.5138240288465299,-4.312131,51.857620000000004
307,139,Llandeilo,0.4854558955362019,0.5145439025181643,-3.9914300000000003,51.88469
308,421,Eastbourne,0.4850815031438561,0.5149191270496953,0.29047199999999995,50.768029999999996
309,120,Aberaeron,0.4813126197275672,0.5186871800503684,-4.2581619,52.24279
310,314,Burton upon Trent,0.4769301487793767,0.5230692368299101,-1.6371358999999999,52.81403
311,305,Peterhead,0.4761356049245081,0.5238635730194426,-1.784066,57.50812
312,17,Cork,0.4729574295050313,0.5270413337692926,-8.4756035,51.898509999999995
313,327,Barnsley,0.47261215652098,0.5273878548721367,-1.479726,53.55263000000001
314,237,Whitchurch,0.4715638578224094,0.5284355300192106,-2.682045,52.96872
315,333,Chesterfield,0.4713579420066186,0.5286416539165205,-1.421629,53.23505
316,132,Bangor,0.4711437063598866,0.5288556816565123,-4.129263,53.22739
317,51,Drogheda,0.4700808479571699,0.5299183325055099,-6.3560985,53.717859999999995
318,53,Newry,0.4696565365791765,0.530343684039313,-6.34023,54.1751
319,62,Balivanich,0.4696565365791765,0.530343684039313,-7.3743509000000005,57.472269999999995
320,364,Retford,0.4675474594356234,0.5324513060892038,-0.9455030000000001,53.32136
321,157,Colwyn Bay,0.4664492417514075,0.53355077220543,-3.72764,53.29318000000001
322,194,Llangollen,0.4663119645408811,0.5336876334813432,-3.1716599999999997,52.96921
323,141,Golspie,0.4659687715145616,0.5340299946669862,-3.976086,57.97341
324,151,Llandudno,0.4658273343885646,0.5341722638352607,-3.827609,53.324059999999996
325,83,Falmouth,0.4653551839826622,0.5346433744582748,-5.066269999999999,50.152570000000004
326,3,Bantry,0.4631213093749924,0.5368778739827963,-9.4539805,51.68035
327,21,Donegal,0.4629153935592039,0.5370837898842462,-8.1096143,54.653830000000006
328,423,Skegness,0.4628675545312951,0.5371312129403377,0.337881,53.1464
329,127,Invergordon,0.4620605309300122,0.5379396928483536,-4.1728819999999995,57.688109999999995
330,86,Milford Haven,0.4607792769650929,0.5392211553421241,-5.0426971,51.71431
331,103,Cardigan,0.4579858937266396,0.5420130837715806,-4.660864,52.0837
332,206,Southport,0.4537677394395335,0.546231863800983,-3.010113,53.64571
333,291,Fraserburgh,0.4520164150264461,0.5479829809467472,-2.007631,57.69335
334,456,Dereham,0.4519893755758881,0.5480093964209738,0.9378270000000001,52.681619999999995
335,268,Kidderminster,0.4503711684578564,0.549628228199746,-2.2496839,52.3886
336,88,Fishguard,0.4485782448900648,0.5514213605092405,-4.975989,51.99393
337,373,Milton Keynes,0.4475341061069649,0.5524644597473932,-0.7594171,52.040620000000004
338,284,Macclesfield,0.4471659535878239,0.5528326124196825,-2.119287,53.25866
339,329,Sheffield,0.44644836816915856,0.5535508221244365,-1.470085,53.38113000000001
340,152,Aviemore,0.4454333487943531,0.5545656339256224,-3.823812,57.19449
341,64,Dunvegan,0.443550987043944,0.5564488284425188,-6.5813982000000015,57.4366
342,248,Nantwich,0.443270192749684,0.5567289988660067,-2.524102,53.06718000000001
343,426,Bexhill,0.44182462212367796,0.5581741541016371,0.4662071,50.849909999999994
344,415,Uckfield,0.4399464202887396,0.5600525647137521,0.095913,50.966409999999996
345,63,Western Isles,0.4395803477273351,0.5604186374274407,-7.0194034,57.75989000000001
346,67,Portree,0.43672456575682456,0.5632748365776529,-6.1960231,57.41246999999999
347,90,Haverfordwest,0.4351063586387928,0.5648936683564252,-4.971319,51.80048
348,296,Evesham,0.43507307931502776,0.564926531702313,-1.9467700000000001,52.09215
349,337,Rotherham,0.4349628415550593,0.5650363535164197,-1.3635008999999998,53.4326
350,413,Lewes,0.4343263744880703,0.5656738608274742,0.00878,50.873870000000004
351,455,Swaffham,0.4340039810391063,0.5659958384188322,0.687481,52.64747
352,58,Wicklow,0.43392286268743,0.5660761248208117,-6.044589,52.980819999999994
353,209,Newport,0.433086719677855,0.5669133081575145,-2.997664,51.58415
354,249,Banff,0.4327414466938037,0.5672585812851981,-2.524038,57.666509999999995
355,257,Turriff,0.4327414466938037,0.5672585812851981,-2.4623,57.53893000000001
356,137,Tain,0.4326104093564821,0.5673902426646101,-4.05523,57.8115
357,159,Grantown-on-Spey,0.4326104093564821,0.5673902426646101,-3.609628,57.33041
358,213,Weston-super-Mare,0.43160994968582267,0.5683892467804322,-2.977255,51.347409999999996
359,467,Aysgarth,0.4314414731092653,0.5685573074353529,-1.9967433999999997,54.29159
360,169,Thurso,0.4302725368620509,0.5697268681564163,-3.5220800000000003,58.59356999999999
361,215,Kirkwall,0.42799082322647214,0.5720085827411693,-2.9622491,58.984669999999994
362,217,Orkney Islands,0.42799082322647214,0.5720085827411693,-2.9605206,58.980940000000004
363,386,Woking,0.42798458335326506,0.5720156546004109,-0.5600349,51.31677
364,70,Broadford,0.4262998175877055,0.5737002130709591,-5.9096592,57.24139
365,200,John o' Groats,0.426102221602856,0.5738982251297271,-3.0688997000000002,58.63734
366,432,Hastings,0.42440705604862095,0.5755927674015577,0.573453,50.85426
367,454,Lowestoft,0.4222709394545099,0.5777286768884153,1.7534490000000005,52.48114
368,461,Holt,0.4220483839768366,0.577950608471089,1.086747,52.90936
369,45,Meath,0.42127879961479175,0.5787214411284358,-6.656416900000001,53.60555
370,345,Shetland Islands,0.4207546502655076,0.5792455906957629,-1.2659409,60.52965
371,211,Wrexham,0.41970011169373,0.5803005456979384,-2.9924939999999998,53.04304000000001
372,186,Elgin,0.419109403696918,0.5808910459446216,-3.318485,57.64945
373,460,Banham,0.4171168041865381,0.5828836462839044,1.0402849,52.45125
374,405,Hove,0.4148142909736062,0.5851861604546624,-0.168749,50.82793
375,123,Dalwhinnie,0.4145501363412288,0.5854501072010664,-4.242783,56.9366
376,294,Walsall,0.41211866574871175,0.5878807468216153,-1.9829189999999999,52.586209999999994
377,81,Achnasheen,0.4111161261203182,0.5888843268463585,-5.078765799999998,57.57859000000001
378,65,Stornoway,0.4061720665836078,0.5938277644521764,-6.3848692000000025,58.20943000000001
379,150,Brora,0.4060618288236371,0.5939380022580032,-3.852548000000001,58.012159999999994
380,350,Loughborough,0.4051882465748287,0.594812416853655,-1.206166,52.7721
381,447,Norwich,0.4035970789073573,0.5964027531996005,1.297355,52.63089
382,445,Sheringham,0.4034098827111832,0.5965905734612259,1.2109589,52.944419999999994
383,367,Melton Mowbray,0.4028732536154872,0.5971261628008557,-0.887126,52.7664
384,356,Worksop,0.4027921352638109,0.5972085291614357,-1.122745,53.3093
385,92,Pembroke,0.40021506762982617,0.5997849738798801,-4.9086370000000015,51.67404000000001
386,403,Crawley,0.4000881902079752,0.5999124753420909,-0.18722750000000002,51.109140000000004
387,202,Oswestry,0.3997907562518328,0.6002080374592226,-3.056412,52.85715
388,199,Wick,0.3989067742143488,0.601093267839597,-3.093716,58.43894
389,448,Cromer,0.39890053434114175,0.6010984677360983,1.301866,52.93145
390,355,Doncaster,0.39777735716410206,0.6022228933555308,-1.128462,53.522819999999996
391,171,Rhyl,0.3970556118299684,0.6029438070064654,-3.4916339999999995,53.319140000000004
392,287,Dudley,0.3969432941122635,0.6030569567543329,-2.081112,52.51225
393,453,Great Yarmouth,0.3913835670859173,0.6086160621059,1.728047,52.59823000000001
394,262,Alston,0.39127540928368304,0.608723595965546,-2.438685,54.812169999999995
395,425,King's Lynn,0.3896364025883005,0.6103632273303233,0.4022963,52.75168000000001
396,78,Ullapool,0.3892100112525705,0.6107892028517066,-5.161313,57.895419999999994
397,282,Wolverhampton,0.38455506584106136,0.6154456061706549,-2.12882,52.586969999999994
398,193,Cardiff,0.38290565935700105,0.6170937653656943,-3.17909,51.48158
399,79,Ballachulish,0.3810149777756506,0.6189846557294125,-5.133719999999999,56.67393000000001
400,318,Darlington,0.379342691756503,0.6206571504400776,-1.559458,54.52361
401,188,Ruthin,0.3775996871743568,0.6223989077721399,-3.3103108,53.114869999999996
402,40,Carlow,0.3764806699127877,0.6235191734743712,-6.934135899999999,52.83651
403,462,Hunstanton,0.3764245110539352,0.6235747083690047,0.49103199999999997,52.93891
404,71,Kyle of Lochalsh,0.3758171633952406,0.6241828882637921,-5.7143293,57.28261
405,289,Bromsgrove,0.37479798410496223,0.6252012359945989,-2.061906,52.33559
406,124,Inverness,0.3742551151360614,0.6257451451686307,-4.224721,57.47776999999999
407,394,Worthing,0.37292810210096505,0.6270725747474722,-0.372882,50.81787
408,388,Bedford,0.3694691323872306,0.6305305059208102,-0.46677820000000003,52.13864
409,371,Chichester,0.3690177815586792,0.6309812329495395,-0.774936,50.83761
410,407,Brighton,0.3688929840945624,0.6311062384614298,-0.137163,50.82253
411,80,Fort William,0.3623556769326441,0.637643964334534,-5.1052179,56.81981999999999
412,220,Chester,0.3601592415642123,0.6398412326001065,-2.893075,53.19339
413,385,Guildford,0.35506750502829776,0.6449329712541403,-0.570409,51.23622
414,362,Towcester,0.35245715807054795,0.6475429033060527,-0.9896879999999999,52.13511
415,241,Warrington,0.3481225261502686,0.6518762890543428,-2.5969501,53.39004
416,176,Prestatyn,0.3479852489397422,0.6520139823136961,-3.4076129999999996,53.33651
417,100,Tenby,0.3468412721853493,0.6531581675398332,-4.703579,51.67274000000001
418,212,Liverpool,0.337899533881472,0.6620990775799599,-2.9915726,53.40837
419,114,Lairg,0.3376104197562708,0.6623886078171501,-4.402414,58.022059999999996
420,112,Altnaharra,0.33603797170841376,0.6639618885025714,-4.442655,58.28023
421,299,Birmingham,0.3358902947092119,0.6641089415756269,-1.8904009999999998,52.48624
422,380,Bognor Regis,0.33229404778494875,0.6677058139834786,-0.673061,50.783
423,397,Horsham,0.3256277832434454,0.6743722892939539,-0.325858,51.06288
424,376,Midhurst,0.3252076317809225,0.6747924409312557,-0.737274,50.9869
425,101,Camelford,0.32499755604966113,0.6750012687747464,-4.682364,50.62206
426,310,Stratford-upon-Avon,0.32069412349541043,0.6793051191109093,-1.7082979999999999,52.19173
427,366,Northampton,0.3198392608662187,0.6801601900915764,-0.9026559999999999,52.24048
428,341,Stockton,0.3170042784730614,0.6829957976516436,-1.3289821000000002,54.57046
429,422,Brentwood,0.3155462281006457,0.6844544726181772,0.30717490000000003,51.62047000000001
430,89,Inchnadamph,0.3153486321157963,0.6846504047183445,-4.974295,58.15221
431,82,Newquay,0.3146726458518373,0.6853278472345289,-5.0737190000000005,50.4155
432,99,Bodmin,0.3141235370097271,0.6858763323174817,-4.7188629,50.4715
433,348,Middlesbrough,0.3122931742026998,0.6877075278693654,-1.234956,54.57423000000001
434,182,Corwen,0.31206229889408754,0.6879379872823012,-3.369242,52.98005
435,197,Mold,0.31078312488690235,0.6892171618216113,-3.1419029999999997,53.1672
436,349,Hartlepool,0.3099657014969464,0.6900347935474694,-1.212926,54.69174
437,285,Hexham,0.308765565883701,0.6912332656930797,-2.1121439,54.97266
438,322,Coventry,0.3081748578868867,0.6918239739356228,-1.519693,52.40682
439,66,Scilly Isles,0.302912564816683,0.6970875171700582,-6.327496599999999,49.92773
440,76,Helston,0.3016292308940272,0.6983714756141496,-5.274996,50.10159
441,180,Merthyr Tydfil,0.3014898737257666,0.6985102088528032,-3.381646,51.74873
442,378,Wellingborough,0.3007202893637195,0.6992789615515492,-0.693964,52.30242
443,73,Penzance,0.29942031577918343,0.7005795596644445,-5.537592,50.1188
444,77,Redruth,0.29942031577918343,0.7005795596644445,-5.226666000000002,50.23302
445,85,Truro,0.2983116983062898,0.7016869296233528,-5.0510410000000014,50.2632
446,96,St Austell,0.2972030808333984,0.7027965875367218,-4.7834252,50.340379999999996
447,406,Spalding,0.2944866560311485,0.70551218148554,-0.1537024,52.7901
448,346,Rugby,0.2914811171036997,0.7085183456508481,-1.265032,52.37088
449,419,Sevenoaks,0.2908384101635059,0.7091604288708239,0.190898,51.27241
450,204,Birkenhead,0.28779959191229193,0.7122009123530408,-3.023009,53.389990000000004
451,121,Alness,0.2828160131786117,0.7171844931598482,-4.256825,57.69595
452,94,Wadebridge,0.2799269518843384,0.7200718916890679,-4.836456,50.51665
453,179,Brecon,0.2789847310302656,0.7210143209309564,-3.391463,51.94895
454,377,Kettering,0.27276357744410656,0.7272369330760843,-0.7302489999999999,52.39632
455,321,Leamington Spa,0.2651197327670311,0.734879948949496,-1.5200789,52.28519
456,311,Alnwick,0.2537756432789289,0.7462250831359453,-1.7062990000000002,55.41274
457,468,Stanhope,0.24894390145992346,0.7510566189690563,-2.011302,54.74946
458,330,Nuneaton,0.24551821106995175,0.7544814788006461,-1.465382,52.52049
459,379,Corby,0.2441475189224149,0.7558517555266583,-0.6842333,52.4923
460,313,Bishop Auckland,0.23026796095503435,0.7697327752388419,-1.6787880000000002,54.663819999999994
461,50,Craigavon,0.22674451255150616,0.7732551851287951,-6.4175653,54.442930000000004
462,323,Blyth,0.211806256096875,0.7881932398017549,-1.510277,55.12696
463,317,Ashington,0.20758394189430054,0.7924165957400784,-1.5659829,55.18298000000001
464,315,Newcastle,0.1905719675776179,0.8094283691377407,-1.61778,54.97825
465,61,Down,0.18976702393407385,0.8102322731368355,-5.7156921999999994,54.32875
466,332,South Shields,0.176101701613423,0.823897601142147,-1.427406,54.99941999999999
467,336,Sunderland,0.16572687242995154,0.834272434641461,-1.383801,54.90687
468,354,Leicester,0.15537492278156978,0.8446256365713297,-1.1397591999999999,52.63688000000001
469,316,Durham,0.0919070924478814,0.9080930773153894,-1.5848520000000001,54.77525
470,55,Banbridge,0.01,1.0,-6.2704803,54.34873
