,Unnamed:_0,placename,how,it_being,that,the_fact_that,longitude,latitude
0,0,Dingle,0.3529412,0.17647059,0.4705882000000001,0.0,-10.2640135,52.14094
1,1,Tralee,0.3529412,0.17647059,0.4705882000000001,0.0,-9.6999325,52.27131
2,2,Killarney,0.4117647,0.17647059,0.4117647,0.0,-9.5044265,52.05994000000001
3,3,Bantry,0.4117647,0.17647059,0.4117647,0.0,-9.4539805,51.68035
4,4,Mayo,0.3846154000000001,0.23076923,0.3846154000000001,0.0,-9.4289369,54.01526
5,5,Ballycastle,0.3846154000000001,0.23076923,0.3846154000000001,0.0,-9.3724643,54.27967
6,6,Abbeyfeale,0.3529412,0.17647059,0.4705882000000001,0.0,-9.2970823,52.38618
7,7,Ennistymon,0.3529412,0.17647059,0.4705882000000001,0.0,-9.2934951,52.94037
8,8,Galway,0.3333333,0.16666667,0.5,0.0,-9.0567905,53.27067
9,9,Claremorris,0.3333333,0.16666667,0.4166667000000001,0.08333333,-9.0017356,53.72388
10,10,Clare,0.3529412,0.17647059,0.4705882000000001,0.0,-8.9811351,52.90453
11,11,Adare,0.3529412,0.17647059,0.4705882000000001,0.0,-8.7925892,52.56363
12,12,Charleville,0.4117647,0.17647059,0.4117647,0.0,-8.681017599999999,52.36206
13,13,Mallow,0.4117647,0.17647059,0.4117647,0.0,-8.6539164,52.13898
14,14,Limerick,0.3529412,0.17647059,0.4705882000000001,0.0,-8.6267343,52.66384
15,15,Loughrea,0.3333333,0.16666667,0.5,0.0,-8.5660931,53.19891
16,16,Sligo,0.3076923,0.23076923,0.3846154000000001,0.07692308,-8.476088800000001,54.27661
17,17,Cork,0.4117647,0.17647059,0.4117647,0.0,-8.4756035,51.89851
18,18,Nenagh,0.2941176,0.17647059,0.5294118,0.0,-8.19834,52.8635
19,19,Roscommon,0.3333333,0.08333333,0.5,0.08333333,-8.1890955,53.62759000000001
20,20,Tipperary,0.4117647,0.17647059,0.4117647,0.0,-8.161851400000002,52.47379
21,21,Donegal,0.3157895,0.36842105,0.3157895,0.0,-8.1096143,54.653830000000006
22,22,Leitrim,0.3076923,0.23076923,0.3846154000000001,0.07692308,-8.0020132,54.12469
23,23,Athlone,0.3333333,0.16666667,0.4166667000000001,0.08333333,-7.9406898,53.42393000000001
24,24,Longford,0.3269231,0.19230769,0.4038462,0.07692308,-7.7932573,53.72763000000001
25,25,Offaly,0.3333333,0.16666667,0.4166667000000001,0.08333333,-7.7122229,53.23569000000001
26,26,Fermanagh,0.3157895,0.36842105,0.3157895,0.0,-7.6318728,54.34383
27,27,Enniskillen,0.3157895,0.36842105,0.3157895,0.0,-7.631533599999999,54.34382
28,28,Doon,0.3333333,0.33333333,0.2777778,0.05555556,-7.60964,54.185930000000006
29,29,Westmeath,0.375,0.17857143,0.375,0.07142857,-7.4653217,53.53453
30,30,Strabane,0.2631579,0.42105263,0.3157895,0.0,-7.4633103,54.82739
31,31,Cavan,0.3333333,0.16666667,0.4166667000000001,0.08333333,-7.3633319,53.98972
32,32,Mullingar,0.375,0.17857143,0.375,0.07142857,-7.3401868000000015,53.52582
33,33,Laois,0.1666667,0.16666667,0.5833333,0.08333333,-7.3323006999999985,52.99429
34,34,Omagh,0.2631579,0.42105263,0.3157895,0.0,-7.309959700000001,54.59771
35,35,Derry,0.2631579,0.42105263,0.3157895,0.0,-7.308574799999999,54.99661
36,36,Kilkenny,0.25,0.16666667,0.5,0.08333333,-7.2447879,52.65415
37,37,Tyrone,0.2631579,0.42105263,0.3157895,0.0,-7.131232000000002,54.49121
38,38,Waterford,0.3529412,0.17647059,0.4705882000000001,0.0,-7.110070200000001,52.25932
39,39,Monaghan,0.2777778,0.38888889,0.3333333,0.0,-6.9683132,54.2492
40,40,Carlow,0.2884615,0.23076923,0.4038462,0.07692308,-6.9341358999999985,52.83651
41,41,Kildare,0.30357140000000005,0.21428571,0.4107143,0.07142857,-6.8194708,53.21204
42,42,Dungannon,0.2631579,0.42105263,0.3157895,0.0,-6.7669352,54.50827
43,43,Cookstown,0.2631579,0.42105263,0.3157895,0.0,-6.7443895000000005,54.64182
44,44,Coleraine,0.2631579,0.42105263,0.3157895,0.0,-6.6646103000000005,55.13258
45,45,Meath,0.3653846,0.15384615,0.4038462,0.07692308,-6.656416900000001,53.60555
46,46,Armagh,0.2777778,0.38888889,0.3333333,0.0,-6.652792,54.35028000000001
47,47,Magherafelt,0.2631579,0.42105263,0.3157895,0.0,-6.607980499999999,54.75536999999999
48,48,Louth,0.3269231,0.15384615,0.4423077,0.07692308,-6.4889423,53.925230000000006
49,49,Wexford,0.3333333,0.25,0.4166667000000001,0.0,-6.4633381,52.33692
50,50,Craigavon,0.2222222,0.38888889,0.3888889,0.0,-6.4175653,54.44293
51,51,Drogheda,0.3653846,0.15384615,0.4038462,0.07692308,-6.3560985,53.71786
52,52,Rosslare,0.3333333,0.25,0.4166667000000001,0.0,-6.3414908,52.25131
53,53,Newry,0.3333333,0.38888889,0.2777778,0.0,-6.34023,54.1751
54,54,Ballymena,0.2631579,0.42105263,0.3157895,0.0,-6.2802213,54.86529
55,55,Banbridge,0.2777778,0.38888889,0.3333333,0.0,-6.2704803,54.34873
56,56,Dublin,0.3653846,0.19230769,0.3653846,0.07692308,-6.2603097000000005,53.34981
57,57,Antrim,0.2631579,0.42105263,0.3157895,0.0,-6.2072498,54.719530000000006
58,58,Wicklow,0.3269231,0.19230769,0.4038462,0.07692308,-6.044589,52.98082
59,59,Kilkeel,0.4,0.3,0.3,0.0,-6.007004,54.06312
60,60,Belfast,0.2631579,0.42105263,0.3157895,0.0,-5.93012,54.59728000000001
61,61,Down,0.2777778,0.38888889,0.3333333,0.0,-5.7156922,54.32875
62,62,Balivanich,0.3065693,0.24817518,0.3941606,0.05109489,-7.3743509,57.47227
63,63,Western Isles,0.2857143,0.2556391,0.406015,0.05263158,-7.0194034,57.75989000000001
64,64,Dunvegan,0.2857143,0.2556391,0.406015,0.05263158,-6.5813982000000015,57.4366
65,65,Stornoway,0.3043478,0.22463768,0.3913043,0.07971014,-6.384869200000002,58.20943000000001
66,66,Scilly Isles,0.32142859999999995,0.15714286,0.4214286,0.1,-6.327496599999999,49.92773
67,67,Portree,0.2857143,0.2556391,0.406015,0.05263158,-6.1960231,57.41246999999999
68,68,Islay,0.2931034,0.24712644,0.4137931,0.04597701,-6.177067,55.73625
69,69,Mull,0.2865169,0.26404494,0.4044944,0.04494382,-6.0008870000000005,56.4392
70,70,Broadford,0.2985075,0.24626866,0.4029851,0.05223881,-5.9096592,57.24139
71,71,Kyle of Lochalsh,0.2985075,0.24626866,0.4029851,0.05223881,-5.7143293,57.28261
72,72,Campbeltown,0.2816092,0.24712644,0.4252874,0.04597701,-5.6053739999999985,55.42412
73,73,Penzance,0.32142859999999995,0.15714286,0.4214286,0.1,-5.537592,50.1188
74,74,Oban,0.2670455,0.26704545,0.4204545,0.04545455,-5.471047,56.41516
75,75,Lochgilphead,0.2784091,0.26704545,0.4090909,0.04545455,-5.4323449,56.03829
76,76,Helston,0.32142859999999995,0.15714286,0.4214286,0.1,-5.274996,50.10159
77,77,Redruth,0.32142859999999995,0.15714286,0.4214286,0.1,-5.226666000000002,50.23302
78,78,Ullapool,0.3149171,0.23756906,0.3867403,0.06077348,-5.161313,57.89542
79,79,Ballachulish,0.2865169,0.26404494,0.4044944,0.04494382,-5.1337199999999985,56.67393000000001
80,80,Fort William,0.2849162,0.25698324,0.4134078,0.04469274,-5.1052179,56.81981999999999
81,81,Achnasheen,0.3149171,0.23756906,0.3867403,0.06077348,-5.078765799999998,57.57859000000001
82,82,Newquay,0.32142859999999995,0.15714286,0.4214286,0.1,-5.0737190000000005,50.4155
83,83,Falmouth,0.32142859999999995,0.14285714,0.4357143,0.1,-5.0662699999999985,50.15257
84,84,Rothesay,0.2816092,0.24712644,0.4252874,0.04597701,-5.055793,55.83596
85,85,Truro,0.32142859999999995,0.15714286,0.4214286,0.1,-5.0510410000000014,50.2632
86,86,Milford Haven,0.3450704,0.15492958,0.4154930000000001,0.08450704,-5.0426971,51.71431
87,87,Stranraer,0.2784091,0.24431818,0.4431818,0.03409091,-5.0240550000000015,54.90337
88,88,Fishguard,0.3669065,0.18705036,0.3669065,0.07913669,-4.975989,51.99393
89,89,Inchnadamph,0.3189189,0.23243243,0.3891892,0.05945946,-4.974295,58.15221
90,90,Haverfordwest,0.35460990000000003,0.14184397,0.4184397,0.08510638,-4.971319,51.80048
91,91,Dunoon,0.2784091,0.26704545,0.4090909,0.04545455,-4.926214,55.95097
92,92,Pembroke,0.3309353,0.15827338,0.4100719,0.10071942,-4.9086370000000015,51.67404000000001
93,93,Girvan,0.2784091,0.24431818,0.4318182,0.04545455,-4.8542179,55.24016
94,94,Wadebridge,0.32142859999999995,0.15714286,0.4214286,0.1,-4.836456,50.51665
95,95,Invergarry,0.3166667,0.24444444,0.4,0.03888889,-4.800261,57.07095
96,96,St Austell,0.32142859999999995,0.14285714,0.4357143,0.1,-4.7834252,50.34038
97,97,Greenock,0.2784091,0.26704545,0.4090909,0.04545455,-4.7719830000000005,55.956480000000006
98,98,Helensburgh,0.2784091,0.26704545,0.4090909,0.04545455,-4.734014,56.00232
99,99,Bodmin,0.32142859999999995,0.15714286,0.4214286,0.1,-4.7188629,50.4715
100,100,Tenby,0.3309353,0.15827338,0.4100719,0.10071942,-4.703579,51.67274000000001
101,101,Camelford,0.32142859999999995,0.15714286,0.4214286,0.1,-4.682364,50.62206
102,102,Irvine,0.2816092,0.24712644,0.4252874,0.04597701,-4.6696364,55.61156999999999
103,103,Cardigan,0.3382353,0.23529412,0.375,0.05147059,-4.660864,52.0837
104,104,Holyhead,0.3622047,0.2519685,0.3543307,0.03149606,-4.633038,53.30944
105,105,Ayr,0.2816092,0.24712644,0.4252874,0.04597701,-4.629179,55.45856
106,106,Dumbarton,0.2784091,0.26704545,0.4090909,0.04545455,-4.564554,55.94529
107,107,Bude,0.32142859999999995,0.17142857,0.4071429,0.1,-4.543678,50.82664000000001
108,108,Isle of Man,0.3203125,0.21875,0.4296875,0.03125,-4.5126331,54.27697
109,109,Kilmarnock,0.2816092,0.24712644,0.4252874,0.04597701,-4.498792,55.61472
110,110,Newton Stewart,0.2784091,0.24431818,0.4431818,0.03409091,-4.483164,54.9603
111,111,Liskeard,0.32142859999999995,0.15714286,0.4214286,0.1,-4.4647190000000005,50.45552
112,112,Altnaharra,0.3297297,0.22162162,0.3891892,0.05945946,-4.442655,58.28023
113,113,Pwllheli,0.3162393,0.25641026,0.3760684,0.05128205,-4.417633900000001,52.88882
114,114,Lairg,0.3297297,0.22162162,0.3891892,0.05945946,-4.402414,58.02206
115,115,Launceston,0.32142859999999995,0.15714286,0.4214286,0.1,-4.360451599999998,50.63683
116,116,Carmarthen,0.3188406,0.1884058,0.4275362,0.06521739,-4.312131,51.85762
117,117,Llangefni,0.3464567,0.26771654,0.3543307,0.03149606,-4.311401999999998,53.25578
118,118,Caernarfon,0.3471074,0.26446281,0.3553719,0.03305785,-4.273911,53.13955
119,119,Cumnock,0.2931034,0.23563218,0.4252874,0.04597701,-4.265828900000002,55.45355
120,120,Aberaeron,0.33064520000000003,0.24193548,0.3629032,0.06451613,-4.2581619,52.24279
121,121,Alness,0.3297297,0.22162162,0.3891892,0.05945946,-4.256825,57.69595
122,122,Glasgow,0.2655367,0.26553672,0.4293785,0.03954802,-4.251806,55.86424
123,123,Dalwhinnie,0.3297297,0.23243243,0.3783784,0.05945946,-4.242783,56.9366
124,124,Inverness,0.3297297,0.22162162,0.3891892,0.05945946,-4.224721,57.47776999999999
125,125,Saltash,0.32142859999999995,0.14285714,0.4357143,0.1,-4.21643,50.40921
126,126,Bideford,0.32142859999999995,0.17142857,0.4071429,0.1,-4.206666,51.01668
127,127,Invergordon,0.3297297,0.22162162,0.3891892,0.05945946,-4.172882,57.68811
128,128,Llanelli,0.3021583,0.18705036,0.4244604,0.08633094,-4.160248,51.68089000000001
129,129,Plymouth,0.3071429,0.14285714,0.4357143,0.11428571,-4.1426565,50.37546
130,130,Tavistock,0.32142859999999995,0.15714286,0.4214286,0.1,-4.141654,50.55112
131,131,Porthmadog,0.3471074,0.26446281,0.3553719,0.03305785,-4.133384,52.92784
132,132,Bangor,0.34146340000000003,0.24390244,0.3658537,0.04878049,-4.129263,53.22739
133,133,Tywyn,0.3043478,0.31304348,0.3304348,0.05217391,-4.087249,52.58701
134,134,Aberystwyth,0.3367347,0.26530612,0.3163265,0.08163265,-4.08292,52.4153
135,135,Lampeter,0.3046875,0.234375,0.3984375,0.0625,-4.078509,52.1129
136,136,Barnstaple,0.32142859999999995,0.17142857,0.4071429,0.1,-4.058338,51.07816
137,137,Tain,0.3405405,0.22162162,0.3783784,0.05945946,-4.05523,57.8115
138,138,Okehampton,0.32142859999999995,0.15714286,0.4214286,0.1,-4.004263,50.73831
139,139,Llandeilo,0.3284672,0.20437956,0.4160584,0.05109489,-3.99143,51.88469
140,140,Motherwell,0.2625698,0.26256983,0.4357542,0.03910615,-3.9810968,55.78321
141,141,Golspie,0.3405405,0.22162162,0.3783784,0.05945946,-3.976086,57.97341
142,142,Airdrie,0.2655367,0.26553672,0.4293785,0.03954802,-3.962566,55.86626999999999
143,143,Swansea,0.2888889,0.20740741,0.437037,0.06666667,-3.943646,51.62144
144,144,Stirling,0.27683620000000003,0.26553672,0.4180791,0.03954802,-3.9369029,56.11652
145,145,Tregaron,0.3359375,0.234375,0.3671875,0.0625,-3.934385,52.22
146,146,Castle Douglas,0.30810809999999994,0.24324324,0.4108108,0.03783784,-3.931414,54.94042
147,147,Dolgellau,0.34453779999999995,0.30252101,0.3193277,0.03361345,-3.8844,52.74215
148,148,Aberfeldy,0.3089888,0.25842697,0.3932584,0.03932584,-3.866969,56.62175
149,149,Machynlleth,0.34453779999999995,0.28571429,0.3193277,0.05042017,-3.853485,52.59027
150,150,Brora,0.3405405,0.22162162,0.3783784,0.05945946,-3.852548000000001,58.01216
151,151,Llandudno,0.3787879,0.22727273,0.3636364,0.03030303,-3.827609,53.32406
152,152,Aviemore,0.3405405,0.22162162,0.3783784,0.05945946,-3.823812,57.19449
153,153,Dalbeattie,0.30810809999999994,0.24324324,0.4108108,0.03783784,-3.822527,54.93422
154,154,Falkirk,0.2752809,0.25842697,0.4269663,0.03932584,-3.7839131,56.00188000000001
155,155,Kingsbridge,0.3071429,0.15714286,0.4214286,0.11428571,-3.777493,50.28395
156,156,Pitlochry,0.32240440000000004,0.23497268,0.3825137,0.06010929,-3.729711,56.70436
157,157,Colwyn Bay,0.3659794,0.23195876,0.371134,0.03092784,-3.72764,53.29318000000001
158,158,Totnes,0.3071429,0.15714286,0.4214286,0.11428571,-3.685797,50.43374
159,159,Grantown-on-Spey,0.3405405,0.22162162,0.3783784,0.05945946,-3.609628,57.33041
160,160,Dumfries,0.281768,0.24861878,0.4309392,0.03867403,-3.60512,55.07086
161,161,Whitehaven,0.3680851,0.23617021,0.3574468,0.03829787,-3.589233,54.5497
162,162,Dartmouth,0.3071429,0.15714286,0.4214286,0.11428571,-3.578807,50.35252
163,163,Bridgend,0.2910448,0.19402985,0.4477612,0.06716418,-3.576945,51.50429000000001
164,164,Paignton,0.3071429,0.15714286,0.4214286,0.11428571,-3.564235,50.43508
165,165,Workington,0.3830334,0.21593829999999997,0.3547558,0.04627249,-3.542752,54.64357
166,166,Llanidloes,0.3673469,0.26530612,0.3163265,0.05102041,-3.540195,52.44779000000001
167,167,Exeter,0.2978723,0.15602837,0.4326241,0.11347518,-3.533899,50.71841
168,168,Torquay,0.3071429,0.15714286,0.4214286,0.11428571,-3.525315,50.46192
169,169,Thurso,0.3405405,0.22162162,0.3783784,0.05945946,-3.5220800000000003,58.59356999999999
170,170,Livingston,0.2655367,0.26553672,0.4293785,0.03954802,-3.518068,55.90071
171,171,Rhyl,0.3802083,0.234375,0.3645833,0.02083333,-3.4916339999999995,53.31914
172,172,Tiverton,0.294964,0.15827338,0.4460432,0.10071942,-3.491207,50.90205
173,173,Minehead,0.3188406,0.17391304,0.4347826,0.07246377,-3.481152,51.20428
174,174,Dunfermline,0.2977528,0.25842697,0.4044944,0.03932584,-3.452151,56.07174000000001
175,175,Perth,0.2977528,0.25842697,0.4044944,0.03932584,-3.4308381000000003,56.39499
176,176,Prestatyn,0.3802083,0.234375,0.3645833,0.02083333,-3.407613,53.33651
177,177,Builth Wells,0.3149606,0.26771654,0.3543307,0.06299213,-3.404592,52.15002
178,178,Braemar,0.3405405,0.22162162,0.3783784,0.05945946,-3.3979439,57.00646999999999
179,179,Brecon,0.2945736,0.24806202,0.4108527,0.04651163,-3.391463,51.94895
180,180,Merthyr Tydfil,0.2539683,0.23809524,0.4444444,0.06349206,-3.381646,51.74873
181,181,Llandrindod Wells,0.3149606,0.2519685,0.3700787,0.06299213,-3.377742,52.2417
182,182,Corwen,0.3854167,0.24479167,0.3385417,0.03125,-3.369242,52.98005
183,183,Cockermouth,0.4206549,0.20906801,0.34005040000000003,0.0302267,-3.367985,54.66326
184,184,Lockerbie,0.31886479999999995,0.22537563,0.4106845,0.04507513,-3.349008,55.12224000000001
185,185,Blairgowrie,0.32240440000000004,0.23497268,0.3825137,0.06010929,-3.3378318,56.58941
186,186,Elgin,0.3405405,0.22162162,0.3783784,0.05945946,-3.318485,57.64945
187,187,Newtown,0.3434066,0.3021978,0.3049451,0.04945055,-3.313106,52.51211
188,188,Ruthin,0.3622449,0.25,0.3571429,0.03061224,-3.3103108,53.11487
189,189,Sidmouth,0.3243243,0.16216216,0.4189189,0.09459459,-3.23756,50.67865
190,190,Barrow-in-Furness,0.3455497,0.26701571,0.35602090000000003,0.03141361,-3.218894,54.10896999999999
191,191,Peebles,0.2513966,0.26256983,0.4469274,0.03910615,-3.193642,55.65306999999999
192,192,Edinburgh,0.2977528,0.25842697,0.4044944,0.03932584,-3.188267,55.95325
193,193,Cardiff,0.3028169000000001,0.1971831,0.4366197,0.06338028,-3.17909,51.48158
194,194,Llangollen,0.3834586,0.27067669,0.3157895,0.03007519,-3.17166,52.96921
195,195,Kirkcaldy,0.2977528,0.25842697,0.4044944,0.03932584,-3.158137,56.11682
196,196,Welshpool,0.3483146,0.3011236,0.3101124,0.04044944,-3.146407,52.66035
197,197,Mold,0.3622449,0.25,0.3571429,0.03061224,-3.141903,53.1672
198,198,Taunton,0.28057550000000003,0.17266187,0.4604317,0.08633094,-3.106849,51.01534
199,199,Wick,0.3405405,0.22162162,0.3783784,0.05945946,-3.093716,58.43894
200,200,John o' Groats,0.3405405,0.22162162,0.3783784,0.05945946,-3.0688997,58.63734
201,201,Dalkeith,0.2722222,0.26666667,0.4222222,0.03888889,-3.066606,55.89312
202,202,Oswestry,0.3333333,0.29059829,0.3418803,0.03418803,-3.056412,52.85715
203,203,Blackpool,0.3417085,0.25628141,0.3718593,0.03015075,-3.0356748,53.81751
204,204,Birkenhead,0.3489583,0.265625,0.3645833,0.02083333,-3.023009,53.38999
205,205,Cupar,0.3114754,0.23497268,0.3934426,0.06010929,-3.010137,56.32023
206,206,Southport,0.3417085,0.26633166,0.361809,0.03015075,-3.010113,53.64571
207,207,Bridgwater,0.2777778,0.18055556,0.4583333,0.08333333,-3.003632,51.12789
208,208,Langholm,0.3360129000000001,0.22508039,0.3954984,0.04340836,-2.998913,55.15306
209,209,Newport,0.2835821,0.20895522,0.4477612,0.05970149,-2.997664,51.58415
210,210,Axminster,0.34,0.16,0.42,0.08,-2.994937,50.78273
211,211,Wrexham,0.3894737,0.24736842,0.3315789,0.03157895,-2.992494,53.04304000000001
212,212,Liverpool,0.3489583,0.265625,0.3645833,0.02083333,-2.9915726,53.40837
213,213,Weston-super-Mare,0.3028169000000001,0.1971831,0.4366197,0.06338028,-2.977255,51.34741
214,214,Dundee,0.3114754,0.23497268,0.3934426,0.06010929,-2.970721,56.46202
215,215,Kirkwall,0.3405405,0.22162162,0.3783784,0.05945946,-2.9622491,58.98467
216,216,Ambleside,0.3660934,0.23587224,0.3390663,0.05896806,-2.961333,54.42874000000001
217,217,Orkney Islands,0.3405405,0.22162162,0.3783784,0.05945946,-2.9605206,58.98094
218,218,Lyme Regis,0.3133333,0.16,0.4466667,0.08,-2.936639,50.72516
219,219,Carlisle,0.4052045,0.20446097,0.3624535,0.02788104,-2.932931,54.89247
220,220,Chester,0.3541667,0.27604167,0.328125,0.04166667,-2.893075,53.19339
221,221,Forfar,0.3114754,0.23497268,0.3934426,0.06010929,-2.889062,56.64356
222,222,Morecambe,0.31794870000000003,0.27179487,0.3692308,0.04102564,-2.864968,54.07417
223,223,Selkirk,0.3051118,0.24440895,0.4073482,0.04313099,-2.838524,55.55066
224,224,Galashiels,0.31260229999999994,0.23076923,0.4124385999999999,0.04418985,-2.814449,55.62373
225,225,Lancaster,0.3219512,0.27804878,0.3609756,0.03902439,-2.8007399,54.04657
226,226,St Andrews,0.3114754,0.23497268,0.3934426,0.06010929,-2.7967214,56.33978000000001
227,227,Hawick,0.32636659999999995,0.22990354,0.4003215,0.04340836,-2.780914,55.42706
228,228,Bridport,0.3133333,0.16,0.4466667,0.08,-2.758301,50.73358
229,229,Shrewsbury,0.3832021,0.27821522,0.3070866,0.03149606,-2.7553268,52.7073
230,230,Penrith,0.4138756,0.20574163,0.3373206,0.043062199999999995,-2.752708,54.6641
231,231,Kendal,0.3413462,0.25480769,0.3653846,0.03846154,-2.74629,54.32801
232,232,Street,0.3112583,0.21192053,0.397351,0.0794702,-2.742919,51.12468
233,233,Glastonbury,0.28368790000000005,0.21276596,0.4255319,0.07801418,-2.718454,51.14743
234,234,Hereford,0.3457557,0.23188406,0.3726708,0.04968944,-2.715974,52.0564
235,235,Ludlow,0.3659148,0.31077694,0.2781955,0.04511278,-2.7139129,52.36775
236,236,Preston,0.3546798,0.27093596,0.3448276,0.02955665,-2.70309,53.7632
237,237,Whitchurch,0.375,0.25520833,0.328125,0.04166667,-2.682045,52.96872
238,238,Wells,0.2785714,0.22857143,0.4142857,0.07857143,-2.6445979,51.20935
239,239,Yeovil,0.2884615,0.20512821,0.4294872,0.07692308,-2.633308,50.94206
240,240,Wigan,0.3282051,0.26153846,0.3794872,0.03076923,-2.6325074,53.54506
241,241,Warrington,0.3385417,0.25520833,0.375,0.03125,-2.5969501,53.39004
242,242,Arbroath,0.3114754,0.23497268,0.3934426,0.06010929,-2.591543,56.55911
243,243,Bristol,0.27272729999999995,0.24242424,0.4242424,0.06060606,-2.58791,51.45451
244,244,Guernsey,0.3409611,0.16475973,0.3981693,0.09610984,-2.585278,49.46569
245,245,Ross-on-Wye,0.3312757,0.24279835,0.3641975,0.061728399999999996,-2.582446,51.91445
246,246,Jedburgh,0.3122029000000001,0.24564184,0.3993661,0.04278922,-2.5549369,55.47772
247,247,Sedbergh,0.3448276,0.27586207,0.337931,0.04137931,-2.5281740000000004,54.32363
248,248,Nantwich,0.371134,0.25257732,0.3350515,0.04123711,-2.524102,53.06718000000001
249,249,Banff,0.3297297,0.23243243,0.3783784,0.05945946,-2.524038,57.66651
250,250,Dunbar,0.281768,0.24861878,0.4309392,0.03867403,-2.516737,56.00209
251,251,Cinderford,0.2879581,0.27225131,0.3769634,0.06282723,-2.5009579,51.8253
252,252,Banchory,0.3189189,0.23243243,0.3891892,0.05945946,-2.4909599,57.05386
253,253,Blackburn,0.3619048,0.27142857,0.3285714,0.03809524,-2.487529,53.74858
254,254,Market Drayton,0.4077449,0.25056948,0.30068340000000005,0.04100228,-2.483485,52.90355
255,255,Telford,0.4136253,0.27250608,0.270073,0.04379562,-2.4672611,52.67759
256,256,Montrose,0.3114754,0.23497268,0.3934426,0.06010929,-2.4661150000000003,56.70692
257,257,Turriff,0.3189189,0.23243243,0.3891892,0.05945946,-2.4623,57.53893000000001
258,258,Weymouth,0.3130252,0.18907563,0.4348739,0.06302521,-2.457621,50.61443
259,259,Crewe,0.3473684,0.26842105,0.3315789,0.05263158,-2.4438209,53.1004
260,260,Fortuneswell,0.3382353,0.17647059,0.4222689000000001,0.06302521,-2.442219,50.55919
261,261,Dorchester,0.3130252,0.18907563,0.4348739,0.06302521,-2.4411810000000003,50.71116
262,262,Alston,0.3384615,0.23461538,0.3807692,0.04615385,-2.438685,54.81217
263,263,Kelso,0.3217116,0.24564184,0.3898574,0.04278922,-2.432207,55.60003
264,264,Wincanton,0.3106383,0.20425532,0.4148936,0.07021277,-2.416007,51.05569000000001
265,265,Clitheroe,0.35746609999999995,0.24886878,0.35746609999999995,0.0361991,-2.3930830000000003,53.8711
266,266,Sark,0.3808354000000001,0.19164619,0.3390663,0.08845209,-2.3666256000000003,49.43007
267,267,Bath,0.2573529,0.22058824,0.4338235,0.08823529,-2.3590167,51.38106
268,268,Kidderminster,0.379902,0.27450979999999997,0.3014706,0.04411765,-2.2496839,52.3886
269,269,Manchester,0.35678390000000004,0.26633166,0.3467337,0.03015075,-2.2426305,53.48076
270,270,Burnley,0.34562209999999993,0.2718894,0.3364055,0.04608295,-2.2405035,53.78929
271,271,Gloucester,0.248731,0.30964467,0.3959391,0.04568528,-2.238156,51.86424
272,272,Newcastle-under-Lyme,0.4136213,0.24750831,0.2890365,0.04983389,-2.2273002,53.01321
273,273,Worcester,0.3855721,0.24875622,0.3208955,0.04477612,-2.221575,52.19364
274,274,Trowbridge,0.2580645,0.24516129,0.4322581,0.06451613,-2.208853,51.31966
275,275,Shaftesbury,0.3274725,0.21098901,0.389011,0.07252747,-2.198083,51.0046
276,276,Alderney,0.3634312,0.20316027,0.3656885,0.06772009,-2.1973557,49.715
277,277,Stoke-on-Trent,0.4136213,0.24750831,0.2890365,0.04983389,-2.179404,53.00267
278,278,Colne,0.34562209999999993,0.28110599,0.3179724,0.05529954,-2.176991,53.85564
279,279,Blandford Forum,0.3150106,0.20295983,0.4122622,0.06976744,-2.165353,50.85691
280,280,Rochdale,0.3333333,0.27536232,0.3429952,0.04830918,-2.1561,53.60971
281,281,Jersey,0.3596288,0.18097448,0.3758700999999999,0.08352668,-2.13125,49.21444
282,282,Wolverhampton,0.4102564,0.27505828,0.27272729999999995,0.04195804,-2.12882,52.58697
283,283,Stafford,0.4160757000000001,0.27895981,0.248227,0.05673759,-2.12066,52.80669
284,284,Macclesfield,0.4020619,0.21134021,0.3350515,0.05154639,-2.119287,53.25866
285,285,Hexham,0.3660245,0.25043783,0.3467601,0.03677758,-2.1121439,54.97266
286,286,Aberdeen,0.3189189,0.23243243,0.3891892,0.05945946,-2.094278,57.14972
287,287,Dudley,0.4029536,0.2742616,0.28481009999999995,0.03797468,-2.081112,52.51225
288,288,Cheltenham,0.2854167,0.27083333,0.40625,0.0375,-2.0782533,51.89939
289,289,Bromsgrove,0.3855721,0.26368159,0.3059701,0.04477612,-2.061906,52.33559
290,290,Skipton,0.3515982,0.26940639,0.3333333,0.0456621,-2.0162787,53.96285
291,291,Fraserburgh,0.3189189,0.23243243,0.3891892,0.05945946,-2.007631,57.69335
292,292,Berwick,0.3509128,0.26572008,0.3529412,0.03042596,-2.005395,55.77024
293,293,Poole,0.3142857,0.1978022,0.4285714,0.05934066,-1.987248,50.71505
294,294,Walsall,0.4029536,0.2742616,0.28481009999999995,0.03797468,-1.982919,52.58621
295,295,Cirencester,0.2238806,0.29850746,0.4179104,0.05970149,-1.968243,51.71849
296,296,Evesham,0.3355856,0.26576577,0.3581081,0.04054054,-1.94677,52.09215
297,297,Buxton,0.3789474,0.25789474,0.3105263,0.05263158,-1.91483,53.25908
298,298,Keighley,0.3333333,0.27699531,0.342723,0.04694836,-1.912358,53.8678
299,299,Birmingham,0.3902954,0.28691983,0.28481009999999995,0.03797468,-1.890401,52.48624
300,300,Bournemouth,0.2929062,0.21967963,0.4187643,0.06864989,-1.880769,50.71916
301,301,Halifax,0.32599120000000004,0.28634361,0.3348018,0.05286344,-1.85754,53.72702
302,302,Salisbury,0.2830626,0.23665893,0.4106729,0.06960557,-1.794472,51.06878
303,303,Ringwood,0.2969838,0.22273782,0.424594,0.05568445,-1.788817,50.84495
304,304,Huddersfield,0.3162393,0.28632479,0.3290598,0.06837607,-1.7850351000000002,53.64579000000001
305,305,Peterhead,0.3189189,0.23243243,0.3891892,0.05945946,-1.784066,57.50812
306,306,Swindon,0.1985294,0.27941176,0.4485294,0.07352941,-1.7797176,51.55577
307,307,Bradford,0.3135593,0.28389831,0.3347458,0.06779661,-1.759398,53.79598000000001
308,308,Ashbourne,0.3901582,0.23550088,0.3005272,0.07381371,-1.732179,53.016630000000006
309,309,Marlborough,0.2206897,0.27586207,0.4344828,0.06896552,-1.727062,51.42007
310,310,Stratford-upon-Avon,0.3779343,0.24882629,0.3309859000000001,0.04225352,-1.708298,52.19173
311,311,Alnwick,0.3663366,0.21188119,0.3920792,0.02970297,-1.7062990000000002,55.41274
312,312,Otley,0.30508470000000004,0.27542373,0.35169490000000003,0.06779661,-1.691786,53.90583
313,313,Bishop Auckland,0.3715953,0.26070039,0.3210117,0.04669261,-1.6787880000000002,54.66382
314,314,Burton upon Trent,0.4003831,0.27203065,0.25862070000000004,0.06896552,-1.6371359,52.81403
315,315,Newcastle,0.3641732,0.24015748,0.3484252,0.04724409,-1.61778,54.97825
316,316,Durham,0.3365759,0.26070039,0.3560311,0.04669261,-1.584852,54.77525
317,317,Ashington,0.3451464,0.22958398,0.3744222,0.05084746,-1.5659829,55.18298000000001
318,318,Darlington,0.3599222,0.26070039,0.3326848,0.04669261,-1.559458,54.52361
319,319,Leeds,0.30508470000000004,0.27542373,0.35169490000000003,0.06779661,-1.5490774,53.80076
320,320,Harrogate,0.3125,0.26339286,0.3616071,0.0625,-1.5418120000000002,53.99211999999999
321,321,Leamington Spa,0.4004329,0.22943723,0.3441558,0.02597403,-1.5200789,52.28519
322,322,Coventry,0.4209402,0.23931624,0.3141026,0.02564103,-1.519693,52.40682
323,323,Blyth,0.3670295,0.22239502,0.3685848,0.04199067,-1.510277,55.12696
324,324,Wakefield,0.3305085,0.26694915,0.3347458,0.06779661,-1.505924,53.6833
325,325,Andover,0.238342,0.27979275,0.4041451,0.07772021,-1.4919233,51.2112
326,326,Witney,0.2666667,0.30476190000000003,0.3714286,0.05714286,-1.4850544,51.78594
327,327,Barnsley,0.3305085,0.26694915,0.3262712,0.07627119,-1.479726,53.55263000000001
328,328,Derby,0.3836806,0.23611111,0.296875,0.08333333,-1.4746186,52.92253
329,329,Sheffield,0.3553719,0.23553719,0.3181818,0.09090909,-1.470085,53.38113000000001
330,330,Nuneaton,0.4166667000000001,0.24031008,0.3081395,0.03488372,-1.465382,52.52049
331,331,Northallerton,0.3537285,0.25621415,0.3212237,0.06883365,-1.429959,54.33796
332,332,South Shields,0.348249,0.24902724,0.3560311,0.04669261,-1.427406,54.99941999999999
333,333,Chesterfield,0.3795918,0.23265306,0.3061224,0.08163265,-1.421629,53.23505
334,334,Southampton,0.2707182,0.28176796,0.3646409,0.08287293,-1.4043508999999998,50.9097
335,335,Wetherby,0.300885,0.26991149999999997,0.3584071,0.07079646,-1.384816,53.92706
336,336,Sunderland,0.3365759,0.26070039,0.3560311,0.04669261,-1.383801,54.90687
337,337,Rotherham,0.3545817,0.23505976,0.32270920000000003,0.08764939999999999,-1.3635008999999998,53.4326
338,338,Castleford,0.32203390000000004,0.26694915,0.3432203,0.06779661,-1.345968,53.72346999999999
339,339,Thirsk,0.3578337,0.25918762,0.3133462,0.0696325,-1.341377,54.23385
340,340,Banbury,0.3636364,0.1987315,0.3868922,0.05073996,-1.339775,52.0629
341,341,Stockton,0.3715953,0.27237354,0.3210117,0.03501946,-1.3289821000000002,54.57046
342,342,Newbury,0.2307692,0.27692308,0.4307692,0.06153846,-1.3231138999999998,51.40141
343,343,Isle of Wight,0.26066350000000005,0.27014218,0.3696682,0.09952607,-1.304734,50.69385
344,344,Abingdon,0.2222222,0.29629629999999996,0.4074074,0.07407407,-1.2879528999999998,51.67078
345,345,Shetland Islands,0.3405405,0.22162162,0.3783784,0.05945946,-1.2659409,60.52965
346,346,Rugby,0.4271845,0.21747573,0.3203883,0.03495146,-1.265032,52.37088
347,347,Oxford,0.2956522,0.26086957,0.373913,0.06956522,-1.2577263,51.75202
348,348,Middlesbrough,0.3565737,0.25498008,0.3406375,0.04780876,-1.234956,54.57423000000001
349,349,Hartlepool,0.3745247,0.25475285,0.3250951,0.04562738,-1.212926,54.69174
350,350,Loughborough,0.3980392,0.23137255,0.3,0.07058824,-1.206166,52.7721
351,351,Mansfield,0.3795181,0.25301205,0.2710843,0.09638554,-1.198674,53.1472
352,352,Nottingham,0.3735632,0.24137931,0.2931034,0.09195402,-1.1581086,52.95478000000001
353,353,Bicester,0.3076923,0.25464191,0.34217509999999995,0.09549072,-1.1535898999999998,51.8996
354,354,Leicester,0.3789683,0.24603175,0.30357140000000005,0.07142857,-1.1397592,52.63688000000001
355,355,Doncaster,0.31521740000000004,0.25,0.326087,0.10869565,-1.128462,53.52282
356,356,Worksop,0.3404255,0.24468085,0.3085106,0.10638298,-1.122745,53.3093
357,357,Basingstoke,0.2641509,0.27493261,0.3962264,0.06469003,-1.0923964,51.26654
358,358,Portsmouth,0.26066350000000005,0.27014218,0.3838863,0.08530806,-1.0879769,50.81977
359,359,York,0.3255814,0.26744186,0.3372093,0.06976744,-1.0872979,53.95997
360,360,Selby,0.3058824,0.27058824,0.3294118,0.09411765,-1.067189,53.78352
361,361,Helmsley,0.3694391,0.24758221,0.3133462,0.0696325,-1.0562636,54.24651
362,362,Towcester,0.35532990000000003,0.17258883,0.4111675,0.06091371,-0.989688,52.13511
363,363,Reading,0.2118644,0.28813559,0.4322034000000001,0.06779661,-0.9781303,51.45426
364,364,Retford,0.344086,0.24731183,0.311828,0.09677419,-0.945503,53.32136
365,365,Petersfield,0.2932692,0.28846154,0.3317308,0.08653846,-0.93899,51.00759
366,366,Northampton,0.379717,0.18867925,0.375,0.05660377,-0.902656,52.24048
367,367,Melton Mowbray,0.4142539000000001,0.23162584,0.2873051,0.06681514,-0.887126,52.7664
368,368,Aylesbury,0.3314763,0.20055710000000002,0.3760446,0.09192201,-0.8084,51.81561
369,369,Newark-on-Trent,0.3653846,0.21794872,0.3141026,0.1025641,-0.80657,53.07004000000001
370,370,Malton,0.3359073,0.25868726,0.3359073,0.06949807,-0.7978970000000001,54.13684
371,371,Chichester,0.3004484000000001,0.26905830000000003,0.3766816,0.05381166,-0.774936,50.83761
372,372,Gainsborough,0.3368421,0.23157895,0.3368421,0.09473684,-0.774465,53.40057
373,373,Milton Keynes,0.35890409999999995,0.16438356,0.4191781,0.05753425,-0.7594171,52.04062
374,374,Aldershot,0.2608696,0.23478261,0.4173913,0.08695652,-0.7557509,51.24837
375,375,High Wycombe,0.2912621,0.23300971,0.3786408,0.09708738,-0.748229,51.62861
376,376,Midhurst,0.2909091,0.24545455,0.3954545,0.06818182,-0.737274,50.9869
377,377,Kettering,0.4095634,0.21621622,0.2993763,0.07484407,-0.7302489999999999,52.39632
378,378,Wellingborough,0.3702032,0.20316027,0.3453725,0.08126411,-0.693964,52.30242
379,379,Corby,0.4123710999999999,0.21030928,0.2907216,0.08659794,-0.6842333,52.4923
380,380,Bognor Regis,0.29906540000000004,0.25233645,0.3925234,0.05607477,-0.673061,50.783
381,381,Scunthorpe,0.3333333,0.24731183,0.32258059999999994,0.09677419,-0.654413,53.58865
382,382,Grantham,0.3902439,0.23170732,0.28048779999999995,0.09756098,-0.643582,52.91252
383,383,Whitby,0.3810445,0.23597679,0.3133462,0.0696325,-0.613347,54.48634000000001
384,384,Slough,0.3235294,0.23529412,0.3823529000000001,0.05882353,-0.5950406,51.51054
385,385,Guildford,0.2702703,0.2972973,0.3603604,0.07207207,-0.570409,51.23622
386,386,Woking,0.293578,0.28440367,0.3486239,0.0733945,-0.5600349,51.31677
387,387,Lincoln,0.35,0.2625,0.2875,0.1,-0.540579,53.23069
388,388,Bedford,0.4078947,0.17368421,0.3473684,0.07105263,-0.4667782,52.13864
389,389,Heathrow,0.3564356,0.27722772,0.3069307,0.05940594,-0.4542955,51.47002
390,390,Driffield,0.3468208,0.23121387,0.3410405,0.08092486,-0.443377,54.006
391,391,Beverley,0.3406593,0.23076923,0.3406593,0.08791209,-0.435093,53.84196
392,392,Luton,0.4721408,0.12316716,0.3431085,0.06158358,-0.4200255,51.87867
393,393,Scarborough,0.4052045,0.2267658,0.2899628,0.07806691,-0.399752,54.28311
394,394,Worthing,0.2967581,0.26184539,0.3815461,0.05985037,-0.372882,50.81787
395,395,Dorking,0.3113208,0.21698113,0.3962264,0.0754717,-0.332378,51.2322
396,396,Hull,0.3111111,0.24444444,0.34444440000000004,0.1,-0.3274198,53.76762
397,397,Horsham,0.2932331,0.26315789,0.3834586,0.06015038,-0.325858,51.06288
398,398,Biggleswade,0.4082192,0.18082192,0.32054790000000005,0.09041096,-0.26421999999999995,52.08694000000001
399,399,Peterborough,0.3736264,0.24395604,0.30329670000000003,0.07912088,-0.2405299,52.5695
400,400,Welwyn Garden City,0.2975746,0.19869403,0.4253731,0.07835821,-0.208661,51.80317
401,401,Bridlington,0.3359073,0.23552124,0.3474903,0.08108108,-0.198802,54.08535
402,402,Stevenage,0.4203655,0.17232376,0.3368146,0.07049608,-0.196612,51.90376
403,403,Crawley,0.2740741,0.28888889,0.3777778,0.05925926,-0.1872275,51.10914
404,404,Huntingdon,0.3798077,0.21634615,0.3389423,0.06490385,-0.182552,52.33146
405,405,Hove,0.3266833,0.27680798,0.3366584,0.05985037,-0.168749,50.82793
406,406,Spalding,0.4264706,0.20798319,0.289916,0.07563025,-0.1537024,52.7901
407,407,Brighton,0.3266833,0.27680798,0.3366584,0.05985037,-0.137163,50.82253
408,408,London,0.2975746,0.19869403,0.4169776,0.08675373,-0.12775830000000002,51.50735
409,409,Grimsby,0.3089888,0.24719101,0.3426966,0.10112360000000001,-0.08078400000000001,53.56746999999999
410,410,Boston,0.33962259999999994,0.26415094,0.3081761,0.08805031,-0.026577,52.97894
411,411,Royston,0.3921053,0.17368421,0.3473684,0.08684211,-0.024066,52.04814
412,412,Louth_Lincs,0.3401361,0.22448979999999996,0.3401361,0.0952381,-0.007711,53.36596
413,413,Lewes,0.29801320000000003,0.31125828,0.3245033,0.06622517,0.00878,50.87387
414,414,Chatteris,0.3592965,0.23366834,0.3467337,0.06030151,0.054012,52.4561
415,415,Uckfield,0.2715232,0.32450331,0.3245033,0.0794702,0.095913,50.96641
416,416,Cambridge,0.4016854,0.17696629,0.3117978,0.10955056,0.121817,52.20534
417,417,Bishop's Stortford,0.398374,0.16802168,0.33875340000000004,0.09485095,0.1536502,51.87216
418,418,Wisbech,0.35227270000000005,0.25227273,0.3272727,0.06818182,0.158797,52.66631999999999
419,419,Sevenoaks,0.27215759999999994,0.22202328,0.4207699,0.08504924,0.190898,51.27241
420,420,Tunbridge Wells,0.27272729999999995,0.31934732,0.3333333,0.07459207,0.263695,51.13238
421,421,Eastbourne,0.2582781,0.32450331,0.3245033,0.09271523,0.29047199999999995,50.76803
422,422,Brentwood,0.3181818,0.18274583,0.4081633,0.09090909,0.30717490000000003,51.62047000000001
423,423,Skegness,0.32653059999999995,0.27210884,0.3061224,0.0952381,0.337881,53.1464
424,424,Downham Market,0.3571429,0.22959184,0.3520408,0.06122449,0.385472,52.60661
425,425,King's Lynn,0.3290488,0.23907455,0.3547558,0.07712082,0.4022963,52.75168000000001
426,426,Bexhill,0.248227,0.34751773,0.3049645,0.09929078,0.4662071,50.84991
427,427,Chelmsford,0.4509804,0.20261438,0.251634,0.09477124,0.4685497,51.73559
428,428,Mildenhall,0.3233696,0.19565217,0.3994565,0.08152174,0.5156095,52.34757000000001
429,429,Medway,0.3245614,0.26900585,0.2953216,0.11111111,0.5417860999999999,51.40474
430,430,Braintree,0.3826087,0.21449275,0.3014493,0.10144928,0.5509269,51.88009
431,431,Gillingham,0.32173909999999994,0.28405797,0.284058,0.11014493,0.551438,51.38632
432,432,Hastings,0.2587413,0.34731935,0.29137529999999995,0.1025641,0.573453,50.85426
433,433,Maldon,0.3571429,0.27380952,0.264881,0.10416667,0.6714479999999999,51.7318
434,434,Southend,0.3363636,0.2969697,0.269697,0.0969697,0.7077123000000001,51.54593
435,435,Bury St Edmunds,0.3424658,0.20273973,0.3424658,0.11232877,0.7104931999999999,52.24292
436,436,Thetford,0.3070652,0.22826087,0.3831522,0.08152174,0.751657,52.41286
437,437,Ashford,0.2561983,0.29476584,0.3278237,0.12121212,0.8750190000000001,51.14647
438,438,Faversham,0.3211009,0.33639144,0.2629969,0.0795107,0.889358,51.31599
439,439,Colchester,0.3333333,0.29100529,0.2671958,0.10846561,0.891874,51.89593
440,440,New Romney,0.27272729999999995,0.30536131,0.3193473,0.1025641,0.939473,50.98512
441,441,Canterbury,0.3211009,0.33639144,0.2446483,0.09785933,1.0789089,51.28023
442,442,Ipswich,0.3076923,0.31282051,0.2820513,0.09743589999999999,1.14822,52.05674000000001
443,443,Clacton,0.3114754,0.30054645,0.26775959999999993,0.12021858,1.153035,51.78953
444,444,Folkestone,0.2928571,0.31904762,0.297619,0.09047619,1.169456,51.0814
445,445,Sheringham,0.3160622,0.24870466,0.357513,0.07772021,1.2109589,52.94442
446,446,Harwich,0.2945736,0.33074935,0.27648579999999995,0.09819121,1.260297,51.93473
447,447,Norwich,0.3005618,0.23595506,0.3792135,0.08426966,1.297355,52.63089
448,448,Cromer,0.3160622,0.24870466,0.357513,0.07772021,1.301866,52.93145
449,449,Dover,0.28440370000000004,0.31804281,0.2996942,0.09785933,1.3134027,51.12788
450,450,Felixstowe,0.2945736,0.33074935,0.27648579999999995,0.09819121,1.351255,51.96173
451,451,Margate,0.3271028,0.34267913,0.23052960000000006,0.09968847,1.3868339,51.38965
452,452,Ramsgate,0.3211009,0.31804281,0.2629969,0.09785933,1.419895,51.33555
453,453,Great Yarmouth,0.2767857,0.27380952,0.3541667,0.0952381,1.728047,52.59823000000001
454,454,Lowestoft,0.2946429,0.27380952,0.3363095,0.0952381,1.7534490000000005,52.48114
455,455,Swaffham,0.3316062,0.23316062,0.373057,0.06217617,0.687481,52.64747
456,456,Dereham,0.3316062,0.21761658,0.373057,0.07772021,0.937827,52.68162
457,457,Ely,0.3753425,0.19726027,0.3616438,0.06575342,0.262363,52.39954
458,458,March,0.3412888,0.24343675,0.3436754,0.07159905,0.088622,52.55172
459,459,St Neots,0.3816156,0.18384401,0.3593315,0.07520891,-0.26510300000000003,52.23008
460,460,Banham,0.2837079,0.24157303,0.3848315,0.08988764,1.0402849,52.45125
461,461,Holt,0.3160622,0.24870466,0.357513,0.07772021,1.086747,52.90936
462,462,Hunstanton,0.3275862,0.25862069,0.33620690000000003,0.07758621,0.491032,52.93891
463,463,Horncastle,0.3694268,0.22292994,0.3057325,0.10191083,-0.11245,53.20731
464,464,Market Weighton,0.3255814,0.24418605,0.3488372,0.08139535,-0.6677465,53.86484
465,465,Hawes,0.3267974,0.27450979999999997,0.3594771,0.03921569,-2.1968695,54.30383000000001
466,466,Reeth,0.3802281,0.24334601,0.3307985,0.04562738,-1.9428115,54.38946
467,467,Aysgarth,0.3185841,0.29646018,0.3451327,0.03982301,-1.9967434,54.29159
468,468,Stanhope,0.3641732,0.22834646,0.3602362,0.04724409,-2.011302,54.74946
469,469,Keswick,0.4261084,0.21182266,0.3325123,0.02955665,-3.134706,54.60128
470,470,Oxenholme,0.3413462,0.25480769,0.3653846,0.03846154,-2.7243328,54.30134
