,placename,aint,am_not,amnt,arent,ent,int,m_not,longitude,latitude
0,Dingle,0.09743534648592382,0.44606521653761655,0.4237654867558541,0.01,0.010303652330160165,0.01,0.6948086745293882,-10.2640135,52.14094
1,Tralee,0.09849972971808896,0.44511677435963504,0.4250656645740403,0.01,0.010335265913723841,0.01,0.6944628854664464,-9.6999325,52.27131
2,Killarney,0.09773210005415313,0.4538177553427952,0.4237964332036237,0.01,0.010553705000130578,0.01,0.6879339676620366,-9.5044265,52.05994000000001
3,Bantry,0.09054748903991124,0.4368670497638196,0.3639812527716941,0.01,0.01080724561019254,0.01,0.7121105455156794,-9.4539805,51.68035
4,Mayo,0.1878852727088829,0.40833685267386055,1.0,0.01,0.015808584326495824,0.01,0.6064146736830639,-9.4289369,54.01526
5,Ballycastle,0.21379778267205005,0.3807119241227886,0.9452527081591796,0.01,0.015834829708050027,0.01,0.6066668513422256,-9.3724643,54.27967
6,Abbeyfeale,0.1402883620045094,0.5291343983902663,0.4868087980725351,0.01,0.01811130153029684,0.01,0.5806247319418347,-9.2970823,52.38618
7,Ennistymon,0.17620725516983718,0.4769782310703686,0.8125453453840285,0.01,0.0286753609399258,0.01,0.5682498774932393,-9.2934951,52.94037
8,Galway,0.16814719209276593,0.4476529960094237,0.8707273667122006,0.01,0.023585586719324588,0.01,0.5983650481764402,-9.0567905,53.27067
9,Claremorris,0.17891539764832962,0.4609223450910309,0.9452741137324326,0.01,0.026062080304506643,0.01,0.5720325423806519,-9.0017356,53.72388
10,Clare,0.16336661406211211,0.4943088876380782,0.8782922612399864,0.01,0.03172066464496177,0.01,0.5622043002022201,-8.9811351,52.90453
11,Adare,0.15585166386705904,0.5087598854428823,0.3799023791134591,0.01,0.02300229570595376,0.01,0.5880190776220027,-8.7925892,52.56363
12,Charleville,0.09871198691806513,0.4277083822768537,0.4103183058774571,0.01,0.01,0.01,0.7096919325119097,-8.681017599999999,52.36206
13,Mallow,0.08491488176557724,0.41624107333341137,0.35108169353278995,0.01,0.010424234795556044,0.01,0.7357006192680922,-8.6539164,52.13898
14,Limerick,0.15496333893254854,0.5064743235115601,0.6885664074931295,0.01,0.034573237966423705,0.01,0.5711986367122913,-8.6267343,52.66384
15,Loughrea,0.17148571812960076,0.4660191309743532,0.9074895437943982,0.01,0.03277516240539486,0.01,0.5759021321430047,-8.5660931,53.19891
16,Sligo,0.2235267700077576,0.2497899303916929,0.5779137822985062,0.01,0.01,0.01,0.7310057208030339,-8.476088800000001,54.27661
17,Cork,0.07577523966044653,0.4098575752168613,0.340397380209276,0.01,0.010106998721380394,0.01,0.7507548613452721,-8.4756035,51.89851
18,Nenagh,0.17506892551688694,0.4641150127373718,0.3056037663047493,0.01,0.030117675100383826,0.01,0.6086250490743462,-8.19834,52.8635
19,Roscommon,0.2233183843481366,0.449448720854636,0.9553804545860908,0.01,0.02748597053911873,0.01,0.5367802071104548,-8.1890955,53.62759000000001
20,Tipperary,0.07656484031589836,0.38787737033038616,0.3087498705929551,0.014934334757868897,0.011626855411523774,0.01,0.7675447352659944,-8.161851400000002,52.47379
21,Donegal,0.2439737296629195,0.2512466962406095,0.4071046769020506,0.01,0.01,0.01,0.7168274140040749,-8.1096143,54.653830000000006
22,Leitrim,0.2170984644019124,0.23053839135480025,0.6947388859748334,0.01,0.01,0.01,0.7472759559109398,-8.0020132,54.12469
23,Athlone,0.27314888347195865,0.3826201760060664,0.2335706328671541,0.01,0.01898033953619746,0.01,0.5856348524808447,-7.9406898,53.42393000000001
24,Longford,0.22893356969087197,0.3994805154840648,0.5061365884094609,0.01,0.015948175027874663,0.01,0.6016529099295899,-7.7932573,53.72763000000001
25,Offaly,0.2028890402015911,0.3930602738448812,0.20877814445960527,0.01,0.01111543265861418,0.01,0.6469235758409992,-7.7122229,53.23569000000001
26,Fermanagh,0.18638330862806649,0.27269928710676683,0.5217879348868193,0.01,0.01,0.01,0.7515304986908731,-7.6318728,54.34383
27,Enniskillen,0.18638330862806649,0.27269928710676683,0.5217879348868193,0.01,0.01,0.01,0.7515304986908731,-7.631533599999999,54.34382
28,Doon,0.1561752278522485,0.2069810855827833,0.7731229467017701,0.01,0.01,0.01,0.8229139701647077,-7.60964,54.185930000000006
29,Westmeath,0.22073054998618344,0.37402322512136266,0.3871769019085959,0.011607602993052796,0.012199800032565176,0.01,0.6337673527363662,-7.4653217,53.53453
30,Strabane,0.2636521885575657,0.2390488801378065,0.2475197964303593,0.01,0.01,0.01,0.7155932718236366,-7.4633103,54.82739
31,Balivanich,0.2067321247352229,0.2988346102855684,0.01,0.04200851312750995,0.01,0.01,0.7219970560168729,-7.3743509,57.47227
32,Cavan,0.187323608991846,0.3065618879189364,0.5488893754054769,0.01,0.01,0.01,0.7194513989651159,-7.3633319,53.98972
33,Mullingar,0.2322527380259305,0.3709286167510504,0.3863772846241181,0.01853380865694937,0.01217460442854529,0.01,0.6225597751797964,-7.3401868000000015,53.52582
34,Laois,0.13846080137981698,0.4033582201805072,0.2234342362428328,0.017376907786361712,0.010146357361748222,0.01,0.6974603608242009,-7.3323006999999985,52.9943
35,Omagh,0.2345169116141855,0.2406556054884719,0.20395837358599764,0.01,0.01,0.01,0.7451228936240117,-7.309959700000001,54.59771
36,Derry,0.2795882229678164,0.2842410016835423,0.0795075106136227,0.01,0.01,0.01,0.6709234382895489,-7.308574799999999,54.99661
37,Derry,0.2795882229678164,0.2842410016835423,0.0795075106136227,0.01,0.01,0.01,0.6709234382895489,-7.308574799999999,54.99661
38,Kilkenny,0.09994681471436986,0.30053124244317786,0.1396863163885172,0.017955235455670963,0.017972643650105268,0.01,0.8235864439224714,-7.2447879,52.65415
39,Tyrone,0.1089976049683477,0.2793004905949213,0.18826088783533312,0.01,0.01,0.01,0.8365248772305554,-7.1312320000000025,54.49121
40,Waterford,0.07939571062365193,0.2740494967400458,0.1583223310122404,0.02325794631749763,0.0203704336308987,0.01,0.8625603101021032,-7.110070200000001,52.25932
41,Western Isles,0.2002497143529132,0.4372481489876357,0.02758117826783708,0.01823284757654702,0.01,0.01,0.6202462362006758,-7.0194034,57.75989000000001
42,Monaghan,0.1102858600215548,0.32969446153401,0.1820644013904774,0.01337285804667632,0.01,0.01,0.7921798179544758,-6.9683132,54.2492
43,Carlow,0.09382223144939343,0.3059212875665201,0.28620156960874243,0.016451893014975374,0.0192124842087238,0.01,0.8177930442906118,-6.9341358999999985,52.83651
44,Kildare,0.14157351982543226,0.3387395685713361,0.38812630505844464,0.02079855354144748,0.01,0.01,0.7388748100309398,-6.8194708,53.21204
45,Dungannon,0.1397631875553207,0.36041583563152585,0.14016588553215392,0.01029535953774997,0.01,0.01,0.740806261647695,-6.7669352,54.50827
46,Cookstown,0.13428602262624972,0.3804621829923879,0.01,0.01,0.01,0.01,0.7404939052289606,-6.7443895000000005,54.64182
47,Coleraine,0.24579335362988364,0.2853783285325625,0.01,0.01,0.01,0.01,0.7072465733927725,-6.6646103000000005,55.13258
48,Meath,0.2092244288389105,0.4653664741535728,0.32020726781999176,0.01881569928007722,0.01,0.01,0.5725388081357863,-6.656416900000001,53.60555
49,Armagh,0.11163499504684804,0.33870385846027645,0.12120158308802252,0.017804815625402957,0.01,0.01,0.7849526354953434,-6.652792,54.35028000000001
50,Armagh,0.11163499504684804,0.33870385846027645,0.12120158308802252,0.017804815625402957,0.01,0.01,0.7849526354953434,-6.652792,54.35028000000001
51,Magherafelt,0.2190485592788482,0.3277297164846829,0.01,0.01,0.01,0.01,0.7007090586227086,-6.607980499999999,54.75536999999999
52,Dunvegan,0.21680045258306754,0.28390410951039485,0.01,0.04200851312750995,0.01,0.01,0.7244815790906523,-6.5813982000000015,57.4366
53,Louth,0.16033606906053682,0.3403129951046145,0.2804060528019009,0.01,0.01,0.01,0.7303924705864364,-6.4889423,53.925230000000006
54,Wexford,0.04766088790874393,0.2732867241748725,0.23389414841763506,0.022906423689436118,0.020062553121289864,0.01,0.8907631335366676,-6.4633381,52.33692
55,Craigavon,0.15558559225614493,0.4355727591790488,0.01,0.01492370580815199,0.01,0.01,0.6683319307543067,-6.4175653,54.44293
56,Stornoway,0.18647729027018992,0.4254914848034532,0.027470585860478583,0.02421298679493963,0.01,0.01,0.6415027113874457,-6.3848692000000025,58.20943000000001
57,Drogheda,0.20419926624631413,0.4455278425190992,0.3399578053999799,0.01,0.01,0.01,0.5982857650487498,-6.3560985,53.71786
58,Rosslare,0.04747137600835478,0.26888668733949106,0.2337449911577114,0.022891815883390287,0.02004975866284156,0.01,0.8946260367701772,-6.3414908,52.25131
59,Newry,0.12725075628121124,0.3244515053247105,0.06544467209389704,0.019227971686399132,0.01,0.01,0.7837996868794053,-6.34023,54.1751
60,Scilly Isles,0.0977765259797296,0.3617144895096096,0.01,0.04603929839101975,0.01,0.01,0.7757873148906127,-6.327496599999999,49.92773
61,Ballymena,0.1641804118447841,0.2412061842104356,0.01,0.0277264316226602,0.01,0.01,0.8170002130137051,-6.2802213,54.86529
62,Banbridge,0.13542890133911742,0.3908561217808943,0.01,0.024241643229509467,0.01,0.01,0.7221183687544248,-6.2704803,54.34873
63,Dublin,0.09093261051674904,0.3807092831820992,0.7129997569312854,0.01,0.01,0.01,0.7418741958255041,-6.2603097000000005,53.34981
64,Antrim,0.08280005284652586,0.2595889685840585,0.05808937441510256,0.028800475953384,0.01,0.1434172095366609,0.8763441116994202,-6.2072498,54.719530000000006
65,Antrim,0.08280005284652586,0.2595889685840585,0.05808937441510256,0.028800475953384,0.01,0.1434172095366609,0.8763441116994202,-6.2072498,54.719530000000006
66,Portree,0.19942662487338847,0.3406202628126386,0.01,0.037982858189881764,0.01,0.01,0.6958737430519799,-6.1960231,57.41246999999999
67,Islay,0.13787029468713358,0.32027755597703433,0.01,0.02507348669531504,0.01,0.01,0.7781285552035051,-6.177067,55.73625
68,Wicklow,0.06718709847892021,0.4457257982472881,0.5873573365963002,0.015078803130121669,0.01,0.01,0.7164577444809883,-6.044589,52.98082
69,Kilkeel,0.1665466973099086,0.28473577618050616,0.060987318834421024,0.017918379276381582,0.01,0.01,0.7787542232593772,-6.007004,54.06312
70,Mull,0.1955798623764192,0.3593317868903245,0.15427489997856453,0.011331684288937615,0.01,0.01,0.6855191755318895,-6.0008870000000005,56.4392
71,Belfast,0.08544412133213895,0.2769667027901424,0.051429263046413286,0.02549841988224325,0.01,0.12697401859286994,0.8610567963311972,-5.93012,54.59728000000001
72,Broadford,0.1943726193051456,0.3381151583335801,0.01,0.03956086146407642,0.01,0.01,0.7023854669250839,-5.9096592,57.24139
73,Down,0.2425521000444743,0.475346359371401,0.01,0.01,0.01,0.01,0.5547106118078375,-5.7156922,54.32875
74,Kyle of Lochalsh,0.16940118401382911,0.3198697028758007,0.01,0.036222858381913615,0.01,0.01,0.7433929930909051,-5.7143293,57.28261
75,Campbeltown,0.08981238031495946,0.2861244516890423,0.07474789709806533,0.013176783539000923,0.01,0.01,0.8542938500173369,-5.6053739999999985,55.42412
76,Penzance,0.10239382179590112,0.3530657532226939,0.01,0.046566091807621016,0.01,0.01,0.7782384053201855,-5.537592,50.1188
77,Oban,0.21673376530044847,0.3428843527479218,0.16669351740479374,0.01224384740014953,0.01,0.01,0.6773539685981497,-5.471047,56.41516
78,Lochgilphead,0.15738218055799544,0.34483221874153897,0.10806313728508206,0.02381211762555311,0.01,0.01,0.7332600362409873,-5.4323449,56.03829
79,Helston,0.10528586244126747,0.34642562456524945,0.01,0.04618815510877368,0.01,0.01,0.781041971341538,-5.274996,50.10159
80,Redruth,0.10528586244126747,0.34642562456524945,0.01,0.04618815510877368,0.01,0.01,0.781041971341538,-5.226666000000002,50.23302
81,Ullapool,0.19339389390334025,0.43133404937273057,0.02709491071921412,0.02388186055063073,0.01,0.01,0.6299541208599645,-5.161313,57.89542
82,Ballachulish,0.17107436696685618,0.32360043348170825,0.062334715367920734,0.01,0.01,0.01,0.7482416817193169,-5.1337199999999985,56.67393000000001
83,Fort William,0.21477079755183148,0.32055347686731145,0.06158067656005261,0.01,0.01,0.01,0.7076907499515224,-5.1052179,56.81981999999999
84,Achnasheen,0.19079967149980084,0.4456241794425043,0.02746871470548789,0.024211337261633763,0.01,0.01,0.6204898168941846,-5.078765799999998,57.57859000000001
85,Newquay,0.12701778634033456,0.32737801207897377,0.01,0.049659171366089334,0.01,0.01,0.7742083388656391,-5.0737190000000005,50.4155
86,Falmouth,0.10637047447178882,0.3415015332383054,0.01,0.045834303965360035,0.01,0.01,0.7841932368626429,-5.0662699999999985,50.15257
87,Rothesay,0.16607243361639132,0.3110396602693897,0.09375293244212132,0.03148009206010112,0.01,0.01,0.7508207714152794,-5.055793,55.83596
88,Truro,0.12478497222895706,0.3516614617170386,0.01,0.04553021289079842,0.01,0.01,0.7576754186961088,-5.0510410000000014,50.2632
89,Milford Haven,0.3046092139756799,0.2484022882947308,0.01,0.0274001551731892,0.01,0.01,0.6725387126139462,-5.0426971,51.71431
90,Stranraer,0.13520473915254885,0.4415776841889637,0.01,0.041488170040348084,0.01816867239130509,0.01,0.6703445759355664,-5.0240550000000015,54.90337
91,Fishguard,0.2883998488163491,0.25125771929739954,0.01,0.02790063090107147,0.01,0.01,0.6859834116771636,-4.975989,51.99393
92,Inchnadamph,0.1872864422044357,0.4622332850844951,0.026764502500838963,0.011795317298713016,0.01,0.01,0.6145817910536144,-4.974295,58.15221
93,Haverfordwest,0.3008418180559931,0.23449153509614976,0.01,0.02815226724726448,0.01,0.01,0.6875623877021371,-4.971319,51.80047
94,Dunoon,0.2040436303240334,0.3708349207683346,0.09188613370551127,0.022497171434024143,0.01,0.01,0.6668866853061627,-4.926214,55.95097
95,Pembroke,0.30082865481878523,0.2624300466481985,0.01,0.027213206270367,0.01,0.01,0.6646667577308211,-4.9086370000000015,51.67404000000001
96,Girvan,0.1224734690598593,0.2800060810529958,0.09453708566605902,0.0238075445926278,0.01,0.01,0.8223475256500028,-4.8542179,55.24016
97,Wadebridge,0.1179716419347829,0.3671700988561512,0.01,0.038405656164038834,0.01,0.01,0.7540255291671148,-4.836456,50.51665
98,Invergarry,0.20925278787201265,0.3407753893722575,0.01,0.02686355016987356,0.01,0.01,0.6899924633267761,-4.800261,57.07095
99,St Austell,0.12442530612995505,0.3641720570562605,0.01,0.040390891439373036,0.01,0.01,0.7494462121291726,-4.7834252,50.34038
100,Greenock,0.2018430467861133,0.3361958833935124,0.12370360687226445,0.020191521515758613,0.01,0.01,0.6970343334151645,-4.7719830000000005,55.956480000000006
101,Helensburgh,0.1953862853586571,0.33783269250333386,0.13531889769207545,0.02208742730700293,0.01,0.01,0.7007673269454694,-4.734014,56.00232
102,Bodmin,0.1780504955329683,0.32757126004332515,0.01,0.055196200762798485,0.01,0.01,0.7217181322423472,-4.7188629,50.4715
103,Tenby,0.3145289714623921,0.267048592619742,0.01,0.027049158069693224,0.01,0.01,0.6473620210893124,-4.703579,51.67274000000001
104,Camelford,0.3004084959017325,0.3172262360693249,0.01,0.04025195453624093,0.01,0.01,0.6148702670122019,-4.682364,50.62206
105,Irvine,0.11755719353975415,0.2707289157055364,0.09762844446760288,0.02689099213655654,0.01,0.01,0.8336611324496283,-4.6696364,55.61156999999999
106,Cardigan,0.2458893678306937,0.3602959598889336,0.01,0.02816883607837967,0.01,0.01,0.6371335423988018,-4.660864,52.0837
107,Holyhead,0.24670810182731864,0.2591001649095225,0.01,0.01,0.01,0.01,0.7305042311399298,-4.633038,53.30944
108,Ayr,0.13534972833885267,0.2947480416276553,0.10696251145741098,0.02356959073079427,0.01,0.01,0.7968126272231516,-4.629179,55.45856
109,Dumbarton,0.199213883730868,0.3205393535757993,0.12845810357613327,0.02096757403372008,0.01,0.01,0.7121306051022037,-4.564554,55.94529
110,Bude,0.17691177872598254,0.4934248614482138,0.01,0.01,0.025183241545363368,0.01,0.5959512112646995,-4.543678,50.82664000000001
111,Isle of Man,0.21630325001294545,0.3609441385928929,0.01,0.03695588896054473,0.01,0.01,0.6626751273544952,-4.5126331,54.27697
112,Kilmarnock,0.10105359131342492,0.2857662023433641,0.14749850576544912,0.029547135710091838,0.01,0.01,0.8338980266142958,-4.498792,55.61472
113,Newton Stewart,0.21431695623368813,0.3649734103201991,0.16844383720140074,0.03149340840029609,0.023642956637136496,0.01,0.6496526348266894,-4.483164,54.9603
114,Liskeard,0.25164489651130656,0.3387015619901118,0.01,0.030326067036546788,0.011183593685833174,0.01,0.6463867430968748,-4.4647190000000005,50.45552
115,Altnaharra,0.18258523075106428,0.5047229205405248,0.02445804281949248,0.010778842945715008,0.01,0.01,0.5843548598169223,-4.442655,58.28023
116,Pwllheli,0.2304547946849557,0.2981942395801685,0.01,0.01,0.015590022152965791,0.01,0.7108649407143688,-4.417633900000001,52.88882
117,Lairg,0.1798746685598499,0.4706978444642094,0.09439641916134772,0.015600453836553431,0.01,0.01,0.6099795487739297,-4.402414,58.02206
118,Launceston,0.2513584025250186,0.31009971503101724,0.01,0.031839963582784486,0.011741886223220666,0.01,0.6698134745018766,-4.360451599999998,50.63683
119,Carmarthen,0.30795412805410083,0.28855572465230866,0.01,0.036754081873681864,0.01,0.30885238698139056,0.6276252983863498,-4.312131,51.85762
120,Llangefni,0.2345481743025541,0.28076299761924944,0.01,0.01,0.01,0.01,0.724483489527462,-4.311401999999998,53.25579000000001
121,Caernarfon,0.2400151764381925,0.2780130894206442,0.01,0.01,0.014260603879273009,0.01,0.7184875835935517,-4.273911,53.13955
122,Cumnock,0.15888491894688292,0.31813804954818103,0.11176088408844148,0.012313464867006069,0.01,0.01,0.7578702832509142,-4.265828900000002,55.45355
123,Aberaeron,0.15362001121778818,0.4902939688493008,0.10733577663901554,0.01,0.01,0.17666796752437527,0.6188544829832622,-4.2581619,52.24279
124,Alness,0.17853298624974048,0.4914038528798539,0.026101409889261584,0.017254630442714962,0.01,0.01,0.5970506676499051,-4.256825,57.69595
125,Glasgow,0.1405835669565966,0.34111354460399546,0.08512793239699185,0.01023177779591125,0.01,0.01,0.7571978094931526,-4.251806,55.86424
126,Dalwhinnie,0.17402099633123155,0.24388926512725084,0.01,0.039708502906272536,0.01,0.01,0.8008054401598658,-4.242783,56.9366
127,Inverness,0.18334918245166265,0.4503288430452205,0.026018034448373896,0.01719951443856237,0.01,0.01,0.626492409356938,-4.224721,57.47776999999999
128,Saltash,0.2544709273936161,0.32544243220073715,0.01,0.027349499935699705,0.011272477208395968,0.01,0.6556657346919076,-4.21643,50.40921
129,Bideford,0.18553689311790145,0.3892733945434491,0.01,0.01276425429331655,0.02683092209085744,0.01,0.6726208613968538,-4.206666,51.01668
130,Invergordon,0.1863472065142538,0.4723731194492881,0.09471963965212886,0.015653870770248497,0.01,0.01,0.6021620413399426,-4.172882,57.68811
131,Llanelli,0.27855965148393724,0.3169123085978235,0.01,0.02353610765462046,0.03865136383664023,0.09888946432188593,0.6332305199922439,-4.160248,51.68089000000001
132,Plymouth,0.2295253346341709,0.3462314580128322,0.01,0.026970753681335655,0.011116371610577713,0.01,0.663156557431074,-4.1426565,50.37546
133,Tavistock,0.2361419906782987,0.3189576597499281,0.01,0.029465971779317906,0.01214481074233333,0.01,0.6782222621291252,-4.141654,50.55112
134,Porthmadog,0.2008706126373853,0.2498979793129375,0.01,0.01,0.01883567349527492,0.01,0.7795823976173032,-4.133384,52.92784
135,Bangor,0.20294004774577146,0.2556903660091184,0.01,0.01,0.01,0.01,0.7765362061208484,-4.129263,53.22739
136,Tywyn,0.15993091236236068,0.38252946543456456,0.11494291235326573,0.01,0.01,0.18918883357321006,0.6994863790631406,-4.087249,52.58701
137,Aberystwyth,0.16212268814597258,0.3977738936812393,0.11671192170775233,0.01,0.01,0.19210051220427668,0.6864533791328712,-4.08292,52.4153
138,Lampeter,0.15343359654968325,0.4553181541248394,0.10435125693883512,0.01,0.01,0.17175563497340665,0.6511657007816558,-4.078509,52.1129
139,Barnstaple,0.19769440092994395,0.4450516694304685,0.01,0.013176568698527923,0.027697621913013608,0.01,0.6138978546749827,-4.058338,51.07816
140,Tain,0.1735145988527658,0.4796592451640357,0.09354120969715646,0.015459117343025509,0.01,0.01,0.6088963311016247,-4.05523,57.8115
141,Okehampton,0.06138675671869534,0.4896947049598473,0.01,0.031884936585909116,0.013404656967071864,0.01,0.7075407806617945,-4.004263,50.73831
142,Llandeilo,0.2847629238066339,0.4629941056500285,0.01,0.018575688818778455,0.03253897236373585,0.4162545983494037,0.5035558005160081,-3.99143,51.88469
143,Motherwell,0.09747532014009168,0.3049008510488782,0.01,0.01,0.01,0.01,0.8377551985373688,-3.9810968,55.78321
144,Golspie,0.17773583609059596,0.4782726364786478,0.09284812179299086,0.01534457398718316,0.01,0.01,0.6059599897218492,-3.976086,57.97341
145,Airdrie,0.09819900782099547,0.2726796522868594,0.01,0.01,0.011369747632877104,0.01,0.8634706332429379,-3.962566,55.86626999999999
146,Swansea,0.3549044915191488,0.2812622502330344,0.01,0.013237469242032536,0.03478204654652845,0.08898982213175957,0.5921360689514871,-3.943646,51.62144
147,Stirling,0.14343776329499058,0.4032572903167728,0.13623540443439947,0.03335553604624578,0.011685756137007012,0.01,0.6911960385182264,-3.9369029,56.11652
148,Tregaron,0.15502683219437452,0.4693495868305703,0.11763587824932913,0.01,0.01,0.19362128983468505,0.6338160688750675,-3.934385,52.22
149,Tregaron,0.15502683219437452,0.4693495868305703,0.11763587824932913,0.01,0.01,0.19362128983468505,0.6338160688750675,-3.934385,52.22
150,Castle Douglas,0.2256448897361109,0.45648016802812896,0.14452275355349148,0.06015380244236292,0.037189841010975486,0.01,0.5506824557901052,-3.931414,54.94042
151,Dolgellau,0.14338452961510595,0.4065054177175889,0.1142502331342744,0.01,0.01,0.1880487269508196,0.6989313971693049,-3.8844,52.74215
152,Aberfeldy,0.12258380795998372,0.4671020314804722,0.047124426329033235,0.01,0.01,0.01,0.6775106244167196,-3.866969,56.62175
153,Machynlleth,0.15540837249638376,0.4288582248882709,0.11714711277293699,0.01,0.010048435188591243,0.1928168124645656,0.6651405460601534,-3.853485,52.59027
154,Brora,0.18129958898759704,0.4966109841545855,0.12393036666590565,0.01489555686016311,0.01,0.01,0.5857265534478138,-3.852548000000001,58.01216
155,Llandudno,0.2072452974093104,0.17294004903882387,0.01,0.01,0.01,0.01,0.8411271195102401,-3.827609,53.32406
156,Llandudno,0.2072452974093104,0.17294004903882387,0.01,0.01,0.01,0.01,0.8411271195102401,-3.827609,53.32406
157,Aviemore,0.15432763200621766,0.3828294992615701,0.01,0.028678488025161406,0.01,0.01,0.7085695508849615,-3.823812,57.19449
158,Dalbeattie,0.2206072414258689,0.4775850733113654,0.14532496772986125,0.06048770303638897,0.037396273679481916,0.01,0.5378949469901543,-3.822527,54.93422
159,Falkirk,0.12630803620470962,0.3679868384701926,0.12423002636475708,0.02433293508478696,0.010655980496027562,0.01,0.7414787354054555,-3.7839131,56.00188000000001
160,Kingsbridge,0.2278158559903133,0.3637557070154178,0.01,0.027071937621198968,0.01,0.01,0.6505600923123068,-3.777493,50.28395
161,Pitlochry,0.13504223124613748,0.42999348491414296,0.0487023377948382,0.01,0.01,0.01,0.6960036527551845,-3.729711,56.70436
162,Colwyn Bay,0.2056728712940285,0.15853796604852582,0.01,0.01,0.01,0.01,0.8546606538852073,-3.72764,53.29318000000001
163,Totnes,0.14966242587815004,0.4153124956223538,0.01,0.03613119957480066,0.01,0.01,0.6823144177800539,-3.685797,50.43374
164,Grantown-on-Spey,0.13542222293200454,0.42430834337464907,0.14290576042247946,0.03148982045670752,0.01,0.01,0.6842754811673918,-3.609628,57.33041
165,Dumfries,0.21627595565344104,0.3232513700166884,0.07758775507523896,0.13487438259236406,0.029948324667861518,0.01,0.6492065478311299,-3.60512,55.07086
166,Whitehaven,0.2527764509686352,0.35197435577696584,0.01,0.10142160484816742,0.01,0.01,0.611268138403505,-3.589233,54.5497
167,Dartmouth,0.1493736089676489,0.41893092883721217,0.01,0.03602326619802238,0.01,0.01,0.6796312092778447,-3.578807,50.35252
168,Bridgend,0.6000248746467823,0.2995455974485297,0.01,0.01,0.016701623378242738,0.01,0.34252699208410503,-3.576945,51.50429000000001
169,Paignton,0.08544276629301459,0.5413768808377706,0.01,0.03166334156074347,0.01,0.01,0.6435984605700185,-3.564235,50.43508
170,Workington,0.3135978660069561,0.5013482576336391,0.01,0.08454852812404264,0.04443101261582461,0.01,0.4239660477169809,-3.542752,54.64357
171,Llanidloes,0.16417586278486673,0.36545314293758496,0.01,0.07423446238861714,0.01,0.01,0.697142273095032,-3.540195,52.44779000000001
172,Exeter,0.0592887690001892,0.5630247864914275,0.01,0.03348190747394382,0.01,0.01,0.6507559120855188,-3.533899,50.71841
173,Torquay,0.08291765088481631,0.5471463028323056,0.01,0.03175671397639108,0.01,0.01,0.6412581754755325,-3.525315,50.46192
174,Thurso,0.209196360171335,0.5878437729718782,0.15092575063283845,0.012093474684020332,0.01,0.01,0.4818857157594794,-3.5220800000000003,58.59356999999999
175,Livingston,0.0890361364737333,0.36351790752987295,0.15313715893946214,0.01,0.01,0.01,0.7878450368284456,-3.518068,55.90071
176,Rhyl,0.18165896472107249,0.1849601183508864,0.01,0.01,0.01,0.01,0.8563790917974449,-3.4916339999999995,53.31914
177,Tiverton,0.055375803163145235,0.5673970360378172,0.01,0.042076309834819,0.01,0.01,0.6479313312592356,-3.491207,50.90205
178,Tiverton,0.055375803163145235,0.5673970360378172,0.01,0.042076309834819,0.01,0.01,0.6479313312592356,-3.491207,50.90205
179,Minehead,0.3097654282093012,0.6473012227096097,0.01,0.03890218480398292,0.01,0.01,0.33152478648480543,-3.481152,51.20428
180,Dunfermline,0.1882657483372944,0.4534285036498949,0.04395284794252132,0.01,0.01,0.01,0.6242294969533305,-3.452151,56.07174000000001
181,Perth,0.19805716426123024,0.3778920884076713,0.2752099525242162,0.02021451510006641,0.01,0.01,0.6581789143178628,-3.4308381000000003,56.39499
182,Prestatyn,0.1892136949932756,0.2348498992653363,0.01,0.01,0.01,0.01,0.8061011710022439,-3.407613,53.33651
183,Builth Wells,0.20098453271233827,0.6206890375011279,0.01,0.07026280563854519,0.01,0.01,0.4498935409086612,-3.404592,52.15002
184,Braemar,0.059792166034879635,0.4260682432852935,0.3698625513137453,0.08150060060242648,0.01,0.01,0.7278783357420768,-3.3979439,57.00646999999999
185,Brecon,0.7147155797075146,0.2704735482232325,0.01,0.01,0.01,0.01,0.25636533665239913,-3.391463,51.94895
186,Merthyr Tydfil,0.8779167822079491,0.07441941215416027,0.01,0.010888722001814562,0.01,0.01,0.25732915202396434,-3.381646,51.74873
187,Llandrindod Wells,0.19242455698689628,0.3571071962418725,0.01,0.08016585112684667,0.01,0.01,0.6741024051444237,-3.377742,52.2417
188,Corwen,0.278899185573092,0.31910486348747924,0.01,0.010078250047823274,0.01,0.01,0.6452404810097798,-3.369242,52.98005
189,Cockermouth,0.2038834453418352,0.3299786497168796,0.01,0.11686934399205702,0.02489833494077885,0.01,0.6672955187838933,-3.367985,54.66326
190,Lockerbie,0.2054330293690212,0.2719334143068713,0.08177689723492353,0.1141256914247557,0.03156530417225771,0.01,0.7094149191741945,-3.349008,55.12224000000001
191,Blairgowrie,0.1175432559944753,0.2565501644387461,0.3843740455173791,0.011682519050572415,0.010232114660018577,0.01,0.8338483552571871,-3.3378318,56.58941
192,Elgin,0.19543187274634005,0.611075898568587,0.31330649586372944,0.03068367169609398,0.01,0.01,0.4610839245339251,-3.318485,57.64945
193,Newtown,0.15238498984446566,0.29812167112296706,0.01,0.0808074988526065,0.01,0.01,0.7624601076913222,-3.313106,52.51211
194,Ruthin,0.256515391066711,0.08798121671122963,0.01,0.01461054539648008,0.01,0.01,0.8579953213402475,-3.3103108,53.11487
195,Ruthin,0.256515391066711,0.08798121671122963,0.01,0.01461054539648008,0.01,0.01,0.8579953213402475,-3.3103108,53.11487
196,Sidmouth,0.07595023328450354,0.5520052892300832,0.01,0.03350002137958852,0.01,0.01,0.6434733269588431,-3.23756,50.67865
197,Barrow-in-Furness,0.22298107639468606,0.4412206979018759,0.06929591041923004,0.01,0.01,0.01,0.5957926450093177,-3.218894,54.10896999999999
198,Peebles,0.2531781232804917,0.4565908578900628,0.2293464097585648,0.03369156108409696,0.01,0.01,0.5359186001083225,-3.193642,55.65306999999999
199,Edinburgh,0.059432499935877625,0.4868110273741539,0.2478488301470273,0.014962854696047996,0.01,0.01,0.7063419815623755,-3.188267,55.95325
200,Cardiff,0.2161389031248654,0.2888186704861559,0.028154391296448464,0.01792245236098814,0.01,0.030893576792248013,0.7256784677532594,-3.17909,51.48158
201,Llangollen,0.3095291674591225,0.3381439790341461,0.01,0.0199992807528646,0.01,0.01,0.5956531831220547,-3.17166,52.96921
202,Kirkcaldy,0.07937780474950894,0.4440135500925593,0.20195696714820147,0.010230339064723629,0.01,0.01,0.7262974492802914,-3.158137,56.11682
203,Welshpool,0.1527443655779411,0.3604384558626473,0.01,0.016733745408344873,0.01465622287107927,0.01,0.7300294875921899,-3.146407,52.66035
204,Mold,0.17221327735085976,0.2049070285536211,0.01,0.01,0.01,0.01,0.8491079692916383,-3.141903,53.1672
205,Mold,0.17221327735085976,0.2049070285536211,0.01,0.01,0.01,0.01,0.8491079692916383,-3.141903,53.1672
206,Taunton,0.19731276383942592,0.5179675825678624,0.01,0.023014939666193814,0.01,0.01,0.553920646186147,-3.106849,51.01534
207,Wick,0.2139047339743636,0.6024012121688118,0.14668188681118824,0.011753419637346654,0.01,0.01,0.4654702874538749,-3.093716,58.43894
208,John o' Groats,0.21370254277931106,0.6017521148767861,0.14661787718302002,0.011748290657583312,0.01,0.01,0.4662153578104878,-3.0688997,58.63734
209,Dalkeith,0.04736481186007673,0.4760807705300414,0.2302053725287511,0.011661291304187443,0.01,0.01,0.7290446574156949,-3.066606,55.89312
210,Oswestry,0.26466575782256824,0.3508025818754767,0.01,0.014714355074605525,0.012887543439002086,0.01,0.6286636207935773,-3.056412,52.85715
211,Blackpool,0.2273857278568459,0.10171204147241396,0.01,0.01,0.01,0.2255900349344485,0.8724687906266329,-3.0356748,53.81751
212,Birkenhead,0.1401962193440546,0.11346801671554704,0.017329669874544117,0.017820403136312515,0.01244921463020678,0.01,0.9470264528633152,-3.023009,53.38999
213,Cupar,0.13475622120239394,0.2962135340631975,0.27514702417072434,0.01,0.01,0.01,0.7942918058499479,-3.010137,56.32023
214,Southport,0.1370185558089801,0.24580589912662945,0.01,0.012859978646773858,0.01,0.01,0.8452555734605947,-3.010113,53.64571
215,Bridgwater,0.21144959665808635,0.5134612191638598,0.01,0.02113399786388479,0.01,0.01,0.5445337149112467,-3.003632,51.12789
216,Langholm,0.20461971552889355,0.2499664141238427,0.07965610890951877,0.11116597395529114,0.03074669463065257,0.01,0.7298183843244841,-2.998913,55.15306
217,Newport,0.4974867411841396,0.30485136211683106,0.01,0.01,0.025168233876686614,0.01,0.43815008582637455,-2.997664,51.58415
218,Axminster,0.1981949910978769,0.4253236128344206,0.01,0.01,0.022410811145915727,0.01,0.6355622081210769,-2.994937,50.78273
219,Wrexham,0.2096401354845547,0.26796304703928725,0.01,0.01,0.01,0.01,0.7577499257317689,-2.992494,53.04304000000001
220,Liverpool,0.12808149205293748,0.09706639715292817,0.0195422327626018,0.02009561974391572,0.012362407082803941,0.01,0.9717217143113692,-2.9915726,53.40837
221,Weston-super-Mare,0.21686462336445564,0.30155443472501725,0.02900089191782312,0.017751264887553644,0.01,0.01,0.7153181689227334,-2.977255,51.34741
222,Dundee,0.10598554657196878,0.2543933196601499,0.34773226562138465,0.010568842575500179,0.01,0.01,0.8495521458503882,-2.970721,56.46202
223,Kirkwall,0.2162207862033788,0.6055585141746176,0.14674595141942473,0.0117585529246884,0.01,0.01,0.4605528231002374,-2.9622491,58.98467
224,Ambleside,0.2359402834257905,0.2842376718018036,0.05627437973150106,0.0165336939289061,0.01,0.01,0.7114199226082045,-2.961333,54.42874000000001
225,Orkney Islands,0.2162207862033788,0.6055585141746176,0.14674595141942473,0.0117585529246884,0.01,0.01,0.4605528231002374,-2.9605206,58.98094
226,Lyme Regis,0.29487625831110825,0.4169084275632453,0.01,0.042060718824001975,0.01841940510584176,0.01,0.5330319300856559,-2.936639,50.72516
227,Carlisle,0.17657601938867407,0.3115746229942343,0.01,0.10219695038482304,0.02826600900930587,0.01,0.7140802058686703,-2.932931,54.89247
228,Chester,0.16858854769326362,0.2434209000371799,0.01,0.01,0.01,0.01,0.8206453264506657,-2.893075,53.19339
229,Forfar,0.12478913413483896,0.2647748575097674,0.37035305416029535,0.02040217125341815,0.01,0.01,0.8177548355543743,-2.889062,56.64356
230,Morecambe,0.1842789328679741,0.5777060054302335,0.08487721962026708,0.01,0.01,0.01,0.5200629297885818,-2.864968,54.07417
231,Selkirk,0.2628309380597097,0.3459818317059397,0.20566751514412693,0.01510653612757071,0.01,0.01,0.6262364108241535,-2.838524,55.55066
232,Galashiels,0.2148950739972348,0.3562713959254648,0.3576811802128486,0.013136064807999571,0.01,0.01,0.6577605286560749,-2.814449,55.62373
233,Lancaster,0.18209141577875307,0.5782251225109422,0.08824909406088496,0.01,0.01,0.01,0.5215119961103507,-2.8007399,54.04657
234,St Andrews,0.13675093558192394,0.2768035385849473,0.2843627575595592,0.01,0.01,0.01,0.8079399664336245,-2.7967214,56.33978000000001
235,Hawick,0.2865909683738707,0.3159666221840395,0.11527428089016695,0.01,0.01,0.01,0.6378279861799006,-2.780914,55.42706
236,Bridport,0.17277755435763645,0.43463304358769256,0.01,0.04626277528950151,0.01350639153986379,0.01,0.6382912671067671,-2.758301,50.73358
237,Shrewsbury,0.22140535947010226,0.33936639010276465,0.01,0.012792963495721866,0.02240939163541335,0.01,0.6796245227490036,-2.7553268,52.7073
238,Penrith,0.1579679446137437,0.25638252211673,0.01,0.11878075464255025,0.010403392514276164,0.01,0.776092984780505,-2.752708,54.6641
239,Kendal,0.22454024248425125,0.4132413091808973,0.04037012127468642,0.015814591366603608,0.01,0.01,0.6164368251978978,-2.74629,54.32801
240,Street,0.2490590947080399,0.4843663200604247,0.01,0.030092062147217002,0.01,0.16858001020576446,0.525659554428823,-2.742919,51.12468
241,Glastonbury,0.2262569802662749,0.4572197462446398,0.01,0.016786260981258478,0.014702218784141585,0.18807804089284647,0.5739601731237836,-2.718454,51.14743
242,Hereford,0.17491638682689034,0.488644529153574,0.01,0.01,0.06499097872308253,0.01,0.5948412474770292,-2.715974,52.0564
243,Ludlow,0.3050757345884867,0.113159715595949,0.01,0.01,0.6374906185918533,0.01,0.6651854413252319,-2.7139129,52.36775
244,Preston,0.2813200597572253,0.250896829011032,0.01,0.01,0.015313617991852125,0.01,0.7000681070723416,-2.70309,53.7632
245,Whitchurch,0.23234333207024324,0.3513605093019673,0.01,0.05871835336026687,0.015428511568480519,0.01,0.6439709957483234,-2.682045,52.96872
246,Wells,0.22007471105000528,0.5641059646449232,0.01,0.01,0.024801376242690423,0.4759071793300885,0.4904960544703755,-2.6445979,51.20935
247,Yeovil,0.29980782641561665,0.4213711580341204,0.01,0.060511028304234035,0.026499241907822414,0.01,0.5162688022802978,-2.633308,50.94206
248,Wigan,0.34796794945316906,0.042482286751502805,0.01,0.01,0.01,0.01,0.8089811544960693,-2.6325074,53.54506
249,Warrington,0.27413990101439195,0.3025806124180705,0.01,0.01,0.013816015547920226,0.01,0.6623627709357608,-2.5969501,53.39004
250,Arbroath,0.12146677177898732,0.258439011149133,0.3725410116351258,0.020522702412468542,0.01,0.01,0.8261368770662576,-2.591543,56.55911
251,Bristol,0.2650864974706743,0.3160688151063645,0.022906835172854318,0.014021130289577324,0.02308712159783136,0.01,0.6541287882767943,-2.58791,51.45451
252,Guernsey,0.1279571188190253,0.4613896767695279,0.01,0.01694888687338731,0.01,0.01,0.6734031852712968,-2.585278,49.46569
253,Ross-on-Wye,0.21358087962364755,0.4512807299284488,0.07296624782587963,0.014291899283708078,0.2253156503724769,0.01,0.5488111829329214,-2.582446,51.91445
254,Jedburgh,0.20621449978972686,0.2595834570556634,0.08667150331214503,0.01,0.033454587763246765,0.01,0.7587720094260949,-2.5549369,55.47772
255,Sedbergh,0.3492540751591808,0.3587595065253052,0.11132948848063748,0.01,0.01,0.01,0.5405905733316393,-2.5281740000000004,54.32363
256,Sedbergh,0.3492540751591808,0.3587595065253052,0.11132948848063748,0.01,0.01,0.01,0.5405905733316393,-2.5281740000000004,54.32363
257,Nantwich,0.1492065520013202,0.3476184111687449,0.030016688998134814,0.11464769319882755,0.01,0.01,0.7092850094709919,-2.524102,53.06719
258,Banff,0.2264809488758256,0.5412017749877196,0.2485536544631031,0.012171051209652985,0.01,0.01,0.4985132025511962,-2.524038,57.66651
259,Dunbar,0.0669379648570603,0.7436348162330125,0.2692791389326661,0.01,0.01,0.01,0.4890469881486045,-2.516737,56.00209
260,Cinderford,0.23820581205316976,0.3937189014880897,0.08356903487146937,0.016368667100263204,0.3333229226464529,0.01,0.5492286133763049,-2.5009579,51.8253
261,Banchory,0.16039123851059908,0.33436846726002856,0.08930168013755617,0.048101680780264236,0.01,0.01,0.7313543755211919,-2.4909599,57.05386
262,Blackburn,0.4377350327459722,0.223793658481358,0.01,0.02812836880226777,0.01,0.01,0.5613684840970466,-2.487529,53.74858
263,Market Drayton,0.2482355212859708,0.4259809774190385,0.01,0.1780774515563217,0.014072376315059995,0.01,0.5241359810713917,-2.483485,52.90355
264,Telford,0.2241573471431178,0.3344729566525181,0.01,0.01598596595047511,0.04200384537000646,0.01,0.6758772009426102,-2.4672611,52.67759
265,Montrose,0.10843565088578422,0.2407557315876485,0.3612505009073663,0.029851088403697188,0.01,0.01,0.8510422865636109,-2.4661150000000003,56.70692
266,Turriff,0.2250310570127872,0.5883125973559821,0.22886111352448155,0.02241351341535312,0.01,0.01,0.4581447174989335,-2.4623,57.53893000000001
267,Weymouth,0.10979291614582347,0.3900331816974083,0.01,0.0368996093717752,0.01077282035831818,0.01,0.7414300192667542,-2.457621,50.61443
268,Crewe,0.13681936505770287,0.3247087099831462,0.02931723073672373,0.1205896853105272,0.01,0.01,0.7400611912910832,-2.4438209,53.10041
269,Fortuneswell,0.058464034116013634,0.42113599948926506,0.01,0.027265455311866728,0.01,0.01,0.7718136063220173,-2.442219,50.55919
270,Dorchester,0.12834262744989866,0.3958449735664801,0.01,0.03896458707700934,0.011375689769863787,0.01,0.7174339776918292,-2.4411810000000003,50.71116
271,Alston,0.11681443852260084,0.2473923007163379,0.01,0.09658339201170482,0.01,0.01,0.8322655583585908,-2.438685,54.81217
272,Kelso,0.14092716616312442,0.2363946199215572,0.20284105580959472,0.01,0.026098404682225868,0.01,0.8379309587240575,-2.432207,55.60003
273,Wincanton,0.2604305830394592,0.3185790866432932,0.01,0.02466735743424744,0.01,0.27638008639426226,0.6543532646021843,-2.416007,51.05569000000001
274,Clitheroe,0.3490113295789071,0.12386000350441342,0.01,0.0238990246352369,0.01,0.01,0.733566661349285,-2.3930830000000003,53.8711
275,Sark,0.10206357940359884,0.3996401201605049,0.01,0.016731526736242116,0.01,0.01,0.7504042961903022,-2.3666256000000003,49.43007
276,Bath,0.14859765549194934,0.4455852542732142,0.01,0.01,0.023450095620868385,0.1285650857352265,0.6626942317226118,-2.3590167,51.38106
277,Kidderminster,0.3430194433596065,0.3314125656876585,0.01,0.01,0.5579984082090257,0.01,0.4622741266676923,-2.2496839,52.3886
278,Manchester,0.29611650626391034,0.13670462042907708,0.01,0.016565994844031103,0.010372605170712541,0.01,0.7752351986519964,-2.2426305,53.48076
279,Burnley,0.263266970292219,0.13815748227871386,0.01,0.021661092003303545,0.01,0.01,0.8070888668339571,-2.2405035,53.78929
280,Gloucester,0.17601164559338855,0.3263320847425048,0.05508886834373335,0.01,0.2882441680528697,0.01,0.6802186685974823,-2.238156,51.86424
281,Newcastle-under-Lyme,0.26778021846134337,0.1752562688468436,0.037430688895838886,0.742319354554347,0.01,0.01,0.5121776018477734,-2.2273002,53.01321
282,Worcester,0.21931298548511124,0.28626993307397003,0.01,0.01,0.5351492885330361,0.01,0.6244663911179983,-2.221575,52.19364
283,Trowbridge,0.14107263929197267,0.4232326767495485,0.01,0.014228827720686819,0.019939672086396118,0.09565430069977487,0.6876139694960547,-2.208853,51.31966
284,Shaftesbury,0.17981562756943242,0.5038418797618744,0.01,0.01,0.01,0.01,0.5929203032627387,-2.198083,51.0046
285,Alderney,0.10057322994384812,0.4167750026466819,0.011911946774265056,0.017498948213196124,0.01,0.01,0.7367274790544484,-2.1973557,49.715
286,Stoke-on-Trent,0.26764461776040105,0.1545928599527525,0.037278414266043385,0.7502520277973805,0.01,0.01,0.5267026529280785,-2.179404,53.00267
287,Colne,0.22037794944832964,0.13440585379430842,0.01,0.08997588872832317,0.01,0.01,0.828299491537243,-2.176991,53.85564
288,Blandford Forum,0.06546271440469499,0.5388627053015621,0.01,0.01,0.01,0.01,0.6766432861041506,-2.165353,50.85691
289,Rochdale,0.2892106461552459,0.29385127002837746,0.01,0.01582659228004284,0.018482259710412008,0.11821709527804575,0.6484175374278447,-2.1561,53.60971
290,Jersey,0.11583561633228658,0.4297540778994831,0.010623881065122338,0.01872809498113896,0.01,0.01,0.7104981368464985,-2.13125,49.21444
291,Wolverhampton,0.7695259444017767,0.19063733706831248,0.01,0.01,0.10506332680638944,0.01,0.2502022674974531,-2.12882,52.58697
292,Stafford,0.3684022298136676,0.2462227084615051,0.01,0.1035545181801142,0.042267053742626126,0.13517525598751293,0.5736726523836047,-2.12066,52.80669
293,Macclesfield,0.12386248095081162,0.3753337058207941,0.01,0.040439151394045116,0.02361237585357289,0.01,0.7359164986278293,-2.119287,53.25866
294,Hexham,0.09907775069312673,0.3323447029274713,0.01,0.02344132773772868,0.02053104817885423,0.01,0.8027951600993819,-2.1121439,54.97266
295,Aberdeen,0.15657486760541842,0.33501239749418354,0.060107214395309576,0.03973455002522292,0.01,0.01,0.7390754058961808,-2.094278,57.14972
296,Dudley,0.746420107619143,0.2245021195271384,0.01,0.01,0.12986743313090654,0.01,0.2385056181170549,-2.081112,52.51226
297,Cheltenham,0.160073868989978,0.3113318860978356,0.05407299429132604,0.01588691587726469,0.2481424337441728,0.01,0.7138366251751636,-2.0782533,51.89939
298,Bromsgrove,0.38308572413048825,0.26552878866480706,0.01,0.01,1.0,0.01,0.3880144925736548,-2.061906,52.33559
299,Skipton,0.17445218913829671,0.3198760181687534,0.01,0.2322579622146157,0.01,0.01,0.6688487039119049,-2.0162787,53.96285
300,Fraserburgh,0.1944158837686154,0.3739763771300047,0.08989546854038934,0.02200978186011578,0.01,0.01,0.6740517785689115,-2.007631,57.69335
301,Berwick,0.12709783043717918,0.29212214281793875,0.20054739548814526,0.01,0.025803292221567627,0.01,0.8053990854738976,-2.005395,55.77024
302,Poole,0.11709415731326712,0.4499036515942441,0.01,0.013452811817141806,0.01,0.01,0.6949194798644739,-1.987248,50.71505
303,Walsall,1.0,0.17478836305080545,0.01,0.015356629283799769,0.2555514872248318,0.01,0.01,-1.982919,52.58621
304,Cirencester,0.1761759924814686,0.3668066824526026,0.01,0.03935778525692565,0.1895929795752944,0.01,0.6581464368920641,-1.968243,51.71849
305,Evesham,0.209469787708924,0.5771921702309032,0.01,0.09757622637441048,0.17092395142541833,0.01,0.4333930981649297,-1.94677,52.09215
306,Buxton,0.11471219210970394,0.3217518898227102,0.01,0.05654779475451144,0.01,0.01,0.7877351867117652,-1.91483,53.25908
307,Keighley,0.22109766880036927,0.31260091551079583,0.058546423722769074,0.272352841173504,0.01,0.01,0.6115890917878933,-1.912358,53.8678
308,Birmingham,0.7058965011437981,0.2065286809603562,0.01,0.01650156343235179,0.5462057497264411,0.028813746874164888,0.20411488984898998,-1.890401,52.48624
309,Bournemouth,0.11269676498927345,0.4642392517732768,0.01,0.013529430983473714,0.01,0.01,0.6873063891693505,-1.880769,50.71916
310,Halifax,0.3887544335186349,0.3330076938639925,0.08428933790943682,0.3611508371247723,0.01,0.01,0.39630196746335067,-1.85754,53.72702
311,Salisbury,0.042145878672700456,0.5734016165772075,0.01,0.01,0.01,0.01,0.6679288285870129,-1.794472,51.06878
312,Ringwood,0.10683660793056003,0.4920344635870542,0.01,0.01313414228191222,0.01,0.01,0.6701067265524921,-1.788817,50.84495
313,Huddersfield,0.4112133359079076,0.19483815511691446,0.01,0.2951368811759515,0.01,0.01,0.5168954255545752,-1.7850351000000002,53.64579000000001
314,Peterhead,0.17452710344417066,0.33315248630787075,0.059434698200027884,0.030558870649948607,0.01,0.01,0.726196196129265,-1.784066,57.50812
315,Swindon,0.2924385429264296,0.4591062964848621,0.01,0.016121981238553323,0.02824082095085676,0.01,0.5075467030159125,-1.7797176,51.55577
316,Bradford,0.26489998601406045,0.281947402106644,0.06483613253874257,0.26748223777044083,0.01,0.01,0.5952605883572257,-1.759398,53.79598000000001
317,Ashbourne,0.06601857081119904,0.3436704344852657,0.01,0.01,0.05801111966619544,0.01,0.8241137244825343,-1.732179,53.016630000000006
318,Marlborough,0.2981995885520487,0.4716929049865324,0.01,0.01997504443218665,0.04198826282315614,0.01,0.4872387597062138,-1.727062,51.42007
319,Stratford-upon-Avon,0.16198553882888808,0.3487904147172505,0.01,0.026123635004054967,0.06292094098413666,0.01,0.7174912907961835,-1.708298,52.19173
320,Alnwick,0.13643559861998947,0.3514056349407017,0.01,0.01,0.01245297138125725,0.01,0.7600223903194336,-1.7062990000000002,55.41274
321,Otley,0.2607601479121993,0.3603393631750445,0.06563726177509817,0.2273970554397681,0.01,0.01,0.5483125589250367,-1.691786,53.90583
322,Bishop Auckland,0.16524576296203808,0.19366236239263715,0.01,0.017587956782694758,0.01,0.01,0.8590985985990767,-1.6787880000000002,54.66382
323,Burton upon Trent,0.5916958363035306,0.18466054381791386,0.01,0.038307292341913234,0.01,0.01,0.4367354073672173,-1.6371359,52.81403
324,Newcastle,0.13292807984664826,0.11597645107634412,0.01,0.02170234756626375,0.01,0.01,0.9533576404577022,-1.61778,54.97825
325,Durham,0.0882139180907886,0.25010362821617776,0.01,0.01,0.01,0.01,0.8929687328359197,-1.584852,54.77525
326,Ashington,0.16600419771763014,0.35681382217834434,0.01,0.013623414806031329,0.01,0.01,0.7240307160030591,-1.5659829,55.18298000000001
327,Darlington,0.2138689222260776,0.1400895026281953,0.01,0.049971907212064584,0.01,0.01,0.8427108716272429,-1.559458,54.52361
328,Leeds,0.2476549838097021,0.2670824655546699,0.01,0.2832105706871345,0.0249361938989548,0.01,0.6171284033237779,-1.5490774,53.80076
329,Harrogate,0.0939438946050569,0.4583122919254502,0.01,0.0703605058243726,0.01,0.01,0.6905799226464127,-1.5418120000000002,53.99211999999999
330,Leamington Spa,0.3085770588972595,0.3883202446016301,0.01,0.01,0.1080216324383605,0.01,0.5390841939055161,-1.5200789,52.28519
331,Coventry,0.577783843191001,0.3826986004621876,0.01,0.01,0.14156580734864493,0.01,0.2714052504534894,-1.519693,52.40682
332,Blyth,0.15231046269262724,0.2538831588130831,0.01,0.03128668367423541,0.01,0.01,0.8169056463915197,-1.510277,55.12696
333,Wakefield,0.21407701752017191,0.14114094149305928,0.01,0.39843928998391903,0.01,0.09373705185262908,0.7179870491488519,-1.505924,53.6833
334,Andover,0.010032128945523064,0.5656719276501666,0.01,0.04645893298728488,0.01,0.01,0.6925620008386812,-1.4919233,51.2112
335,Witney,0.05692509682480454,0.6921815984305005,0.01,0.01,0.1827353620661777,0.01,0.5189348168511991,-1.4850544,51.78594
336,Barnsley,0.27927056308166864,0.01,0.01,0.10643041098146812,0.1705670912011031,0.10148737095772263,0.8399970961360467,-1.479726,53.55263000000001
337,Derby,0.4735430062801224,0.18126601644410426,0.01,0.01,0.0204373288886199,0.01,0.5644891826291626,-1.4746186,52.92253
338,Sheffield,0.2187428043792929,0.19145430632937024,0.02433704818321416,0.02359614318253641,0.01,0.01,0.8033425002459679,-1.470085,53.38113000000001
339,Nuneaton,0.7694438677462456,0.3979504922368973,0.01,0.01196998798773609,0.18405058523484671,0.01,0.0575738789795599,-1.465382,52.52049
340,Northallerton,0.17036800442904212,0.20827985428437515,0.01,0.09244259496483584,0.01079542594516895,0.01,0.8131373097801956,-1.429959,54.33796
341,South Shields,0.11468915644459028,0.1377120818902889,0.01,0.027290132082436684,0.01,0.01,0.9520957969434922,-1.427406,54.99941999999999
342,Chesterfield,0.3129669017175605,0.2068381303150368,0.01,0.01,0.01,0.01,0.7085896104714858,-1.421629,53.23505
343,Southampton,0.19065361763989927,0.3796647337277291,0.01,0.01,0.03577427731371553,0.01,0.6752305180818085,-1.4043508999999998,50.9097
344,Wetherby,0.07795578797702822,0.3787325964879164,0.01,0.1269020236294755,0.01,0.01,0.752500045372874,-1.384816,53.92706
345,Sunderland,0.0990496820255512,0.1069225026288842,0.01,0.01,0.01,0.01,1.0,-1.383801,54.90687
346,Rotherham,0.23064537125894266,0.16604696419274825,0.021650639576628404,0.01887116339040976,0.01,0.01,0.8147029127474849,-1.3635008999999998,53.4326
347,Castleford,0.14452827942455354,0.1592604355623102,0.09609380048287053,0.5223075276024617,0.01,0.01,0.7240784769233561,-1.345968,53.72346999999999
348,Thirsk,0.013035863530138232,0.41716448398659867,0.01,0.16141889089069955,0.02692923191771308,0.01,0.7668980524051938,-1.341377,54.23385
349,Banbury,0.18908699883515026,0.7232008247083654,0.01,0.018897308237545225,0.14344352499442778,0.01,0.3655257856432584,-1.339775,52.0629
350,Stockton,0.1687400217096625,0.10522759282389824,0.01,0.132854623960671,0.01392347862372622,0.01,0.8855017905569024,-1.3289821000000002,54.57046
351,Newbury,0.1379713418904054,0.4081465901207232,0.01,0.01,0.01353319953803903,0.01,0.7083441193411671,-1.3231138999999998,51.40141
352,Isle of Wight,0.3105921956521633,0.3944355150029544,0.04772341767899528,0.017796364964241255,0.01,0.07250746549304396,0.5437733610601397,-1.304734,50.69385
353,Isle of Wight,0.3105921956521633,0.3944355150029544,0.04772341767899528,0.017796364964241255,0.01,0.07250746549304396,0.5437733610601397,-1.304734,50.69385
354,Abingdon,0.06462094474295632,0.7223982083858365,0.01,0.01,0.22252759922672688,0.01,0.4781431700451151,-1.2879528999999998,51.67078
355,Shetland Islands,0.236696008103134,0.6182320440720181,0.23853778514447976,0.011680598947497924,0.01,0.01,0.42504544451566223,-1.2659409,60.52965
356,Rugby,0.2642581814116701,0.4988638213860621,0.1870706646557133,0.03435143552021098,0.14441590902407936,0.01,0.4625349012925059,-1.265032,52.37088
357,Oxford,0.0708037946902792,0.7282694788321713,0.01,0.01,0.2296785055263647,0.01,0.4656575102614338,-1.2577263,51.75202
358,Middlesbrough,0.12843099535850702,0.09544462992268474,0.01,0.19406905935761407,0.016525353185719984,0.01,0.91117519565261,-1.234956,54.57423000000001
359,Hartlepool,0.1318300142133925,0.08067625994113231,0.01,0.1858094161449861,0.01582202864722728,0.01,0.9231794253597114,-1.212926,54.69174
360,Loughborough,0.3494715589386365,0.2953864603334153,0.01,0.01,0.027640803293466583,0.01,0.5933004801882911,-1.206166,52.7721
361,Mansfield,0.33033395423161777,0.14933761762807246,0.01,0.01,0.01,0.01,0.7392845987270757,-1.198674,53.1472
362,Nottingham,0.2721668672608513,0.2403727951877009,0.04343846725231447,0.01,0.033533882751745014,0.01,0.7083794624221864,-1.1581086,52.95478000000001
363,Bicester,0.11640231305178522,0.7040986710556806,0.01,0.01,0.07520443648775743,0.01,0.4736775239974739,-1.1535898999999998,51.8996
364,Leicester,0.6789714865892261,0.2867107405220657,0.01,0.01,0.0293400163145804,0.01,0.2734522834973608,-1.1397592,52.63688000000001
365,Doncaster,0.34017192542832536,0.0914829892417262,0.01,0.04920536690411826,0.010554229888897732,0.01,0.7581090878523928,-1.128462,53.52282
366,Worksop,0.4262910498214009,0.09598969711625344,0.01,0.036192055157955656,0.01,0.01,0.6761226920729297,-1.122745,53.3093
367,Basingstoke,0.2943427600501557,0.3590952504633703,0.01,0.01,0.01633994955137016,0.01,0.594790620901516,-1.0923964,51.26654
368,Portsmouth,0.3439640024177769,0.401782956471097,0.03997232581928132,0.026424155634565304,0.01,0.07895033090065218,0.5018641087191389,-1.0879769,50.81977
369,York,0.13078508547151246,0.2835168098171344,0.01715399939302371,0.19907726431450354,0.01,0.01,0.7530703107612026,-1.0872979,53.95997
370,Selby,0.19702936708542207,0.2814546944328281,0.01,0.7322883290270363,0.01,0.01,0.5011171279257141,-1.067189,53.78352
371,Helmsley,0.09387807841901777,0.39738647916447056,0.01,0.28369193934332576,0.01,0.01,0.6656382148496337,-1.0562636,54.24651
372,Towcester,0.2774012866096485,0.34056514752868805,0.01,0.01,0.2105945912413021,0.01,0.5897862316729416,-0.989688,52.13511
373,Reading,0.16338248737756858,0.4615570894445276,0.01,0.015692071990895173,0.08755357562754683,0.01,0.6210142317990291,-0.9781303,51.45426
374,Retford,0.3359472038041755,0.2031390909974006,0.01,0.02907906212542712,0.01,0.01,0.6786702595614977,-0.945503,53.32136
375,Petersfield,0.18144157773012554,0.3836098398235024,0.01,0.061601369011738835,0.01,0.01,0.6694801032782147,-0.93899,51.00759
376,Northampton,0.2942900103128156,0.3549580446383277,0.01,0.01,0.18755314062539152,0.01,0.5658121601213517,-0.902656,52.24048
377,Melton Mowbray,0.2393736622013288,0.4702612854859182,0.01,0.047892390083591814,0.01,0.01,0.5432642296497892,-0.887126,52.7664
378,Aylesbury,0.01,0.475960320669908,0.05723215268041203,0.01,0.01,0.01,0.7847510844116949,-0.8084,51.81561
379,Newark-on-Trent,0.2468287970978933,0.20753591277455155,0.01,0.01116338558527168,0.01,0.01,0.7693204862825853,-0.80657,53.07004000000001
380,Malton,0.15411847203852566,0.256213961206648,0.07919382916468927,0.29956961627258044,0.01,0.01,0.7138671921641525,-0.7978970000000001,54.13684
381,Chichester,0.3726056579658635,0.3740810961695107,0.01,0.02236277633387391,0.01,0.13543724745909233,0.499236302884473,-0.774936,50.83761
382,Gainsborough,0.3300351681047019,0.27321645218783563,0.01,0.12699228785807948,0.06458282983940332,0.01,0.5783856999983773,-0.774465,53.40058000000001
383,Milton Keynes,0.2635616913017618,0.5079998686419065,0.01,0.01,0.021077704031309475,0.01,0.5025423137873359,-0.7594171,52.04062
384,Aldershot,0.11389432920965888,0.3475342455372121,0.01,0.01479901325913771,0.01,0.01,0.7827613644721789,-0.7557509,51.24837
385,High Wycombe,0.19060367476931667,0.7569614622452265,0.01,0.0122143054889936,0.01,0.01,0.3673693571666705,-0.748229,51.62861
386,Midhurst,0.1132269724409239,0.3601797584986045,0.01,0.01,0.01,0.01,0.7750556175916851,-0.737274,50.9869
387,Kettering,0.7365930735239389,0.28402341113544605,0.01,0.033338513573279716,0.3132308031492708,0.01,0.15102385084837716,-0.7302489999999999,52.39632
388,Wellingborough,0.4722551383809508,0.38152120020879504,0.01,0.014204554247145128,0.28199679763712565,0.01,0.3439091931174603,-0.693964,52.30242
389,Corby,0.7257546962994363,0.16538029890396366,0.01,0.03949666777688039,0.2956136855722477,0.01,0.26180243981885304,-0.6842333,52.4923
390,Bognor Regis,0.16160186917968353,0.5196246006151324,0.01,0.02537831598112601,0.01,0.0649933411079128,0.5861888791562738,-0.673061,50.783
391,Scunthorpe,0.3032559170445048,0.143215802286779,0.01,0.3651762766834801,0.05380469739925831,0.01,0.6306361468017854,-0.654413,53.58865
392,Grantham,0.20760341489217035,0.4918871450259948,0.01,0.01453063739403516,0.01,0.01,0.5687389493170677,-0.643582,52.91252
393,Whitby,0.16600593991079005,0.1013441469520444,0.06383196557554242,0.4837008084857296,0.03558921558804153,0.01,0.7592333799161507,-0.613347,54.48633
394,Slough,0.24470767692576464,0.6939725006883668,0.01,0.03083301974700985,0.01,0.01,0.3597677290924183,-0.5950406,51.51054
395,Guildford,0.07014911721620762,0.5262561175094597,0.056917835295355414,0.02717446041027561,0.01,0.09368319600564932,0.6684140795372144,-0.570409,51.23622
396,Woking,0.054476637915640086,0.5947955326306593,0.0587296631270236,0.023725719717792186,0.010075215834072416,0.09666535116908033,0.625903994818896,-0.5600349,51.31677
397,Lincoln,0.16835780388809118,0.3044233000781489,0.01,0.05953323304386213,0.010788017137862536,0.01,0.7468174510761014,-0.540579,53.23069
398,Bedford,0.218595395480267,0.570485443938685,0.01,0.015263842160368081,0.04278019499928012,0.01,0.4851267718107407,-0.4667782,52.13864
399,Heathrow,0.14819598318009292,1.0,0.01,0.0560882604055894,0.01,0.01,0.19147161902833346,-0.4542955,51.47002
400,Driffield,0.2324614140510782,0.11312434995541408,0.011551405813130954,0.9938355193098392,0.01,0.22815467606784914,0.5091696190875561,-0.443377,54.006
401,Beverley,0.2429529012597509,0.1277568837267301,0.01181782456269628,0.9727768119935718,0.01,0.15561120009529109,0.4952492212581946,-0.435093,53.84196
402,Luton,0.4516455740308686,0.4409320316021852,0.0877014962460883,0.01,0.01,0.01,0.3701261174861324,-0.4200255,51.87867
403,Scarborough,0.15065750853795634,0.1613600982338078,0.09839833219648908,0.94920911175125,0.02532070722537222,0.16195749660600173,0.55700218076362,-0.399752,54.28311
404,Worthing,0.04864454952450225,0.3868093968803372,0.01,0.027458644549681027,0.010542294210723452,0.01,0.8074566259202338,-0.372882,50.81787
405,Dorking,0.13152513041041716,0.4873548315091322,0.01,0.01,0.03094120907011714,0.01,0.6480278083182329,-0.332378,51.2322
406,Hull,0.2385331507902056,0.14168095645226594,0.011731584660250859,0.9047844859725012,0.01,0.1544756181603919,0.5121747361925572,-0.3274198,53.76762
407,Horsham,0.2003134011917569,0.3998130443638996,0.01,0.01022740856528927,0.01,0.01,0.6556036454955252,-0.325858,51.06288
408,Biggleswade,0.2994971353021084,0.6073646879590787,0.01,0.01,0.058150206229126734,0.01,0.3769062577312997,-0.26421999999999995,52.08694000000001
409,Peterborough,0.4093685469286344,0.2880949379137808,0.01,0.01,0.1921396351787457,0.01,0.5069344080177215,-0.2405299,52.5695
410,Welwyn Garden City,0.13324912733060676,0.4437973374265618,0.025859222688459103,0.020893314343460083,0.01,0.01,0.680067744089347,-0.208661,51.80317
411,Bridlington,0.2445834004803613,0.11278872084085713,0.052497963781099284,1.0,0.010807383316859214,0.20738006815072232,0.4913041692417763,-0.198802,54.08535
412,Stevenage,0.13303561188001514,0.3795717266860627,0.06870833842945114,0.015140139815939887,0.01768062204387645,0.01,0.7299349209700045,-0.196612,51.90376
413,Crawley,0.22038743472220004,0.4158661745790399,0.01,0.01,0.01,0.01,0.6225798347663206,-0.1872275,51.10914
414,Huntingdon,0.27046397023559776,0.4173782853589233,0.01,0.01,0.09426778720606067,0.01,0.5562934087064338,-0.182552,52.33146
415,Hove,0.06384363622813245,0.3805313067443424,0.01,0.029277324613709133,0.01,0.01,0.7977688008474704,-0.168749,50.82793
416,Spalding,0.3616694275588824,0.3312311445446547,0.01,0.011483550927102765,0.1278783664403677,0.1102842623453866,0.5253194966763189,-0.1537024,52.7901
417,Brighton,0.06840924698056147,0.3897418744570283,0.01,0.029336024523095562,0.01,0.01,0.7855763931144036,-0.137163,50.82253
418,London,0.24913217003224505,0.5356632630682358,0.02246681319233617,0.01605994080211301,0.01265852074638462,0.017401869663613737,0.4883305743441697,-0.12775830000000002,51.50735
419,Grimsby,0.2674400068526264,0.09654532807257953,0.010843339505695136,0.7306164068131838,0.01,0.1427796629703871,0.5832210155691061,-0.08078400000000001,53.56746999999999
420,Boston,0.22265083400238392,0.32045266182708537,0.01,0.021230953107871608,0.015938652989152587,0.20389511764742504,0.6892177811995817,-0.026577,52.97894
421,Royston,0.2629474714244026,0.39750658455407945,0.01,0.018431559937548813,0.032286502281527824,0.01,0.5862576548815015,-0.024066,52.04814
422,Louth_Lincs,0.18771976435869625,0.15243153705733525,0.01,0.03951302607510098,0.01,0.01,0.8634391110355435,-0.007711,53.36596
423,Lewes,0.04549630969612764,0.36354029811397787,0.01,0.02638612348637107,0.01,0.01,0.8310734457880108,0.00878,50.87387
424,Chatteris,0.3816571257394037,0.3870987521210773,0.09544570826659067,0.01,0.19444055700830007,0.01,0.4464805455443371,0.054012,52.4561
425,Uckfield,0.01,0.5405709346335028,0.01,0.02911753983876273,0.01,0.01,0.7294964757216924,0.095913,50.96641
426,Cambridge,0.0647838398034032,0.628600721688714,0.028472119278407787,0.01,0.10676035632795976,0.01,0.5787037877275453,0.121817,52.20534
427,Bishop's Stortford,0.17624732561251394,0.4979216945010332,0.01,0.01,0.01,0.01,0.600334708529432,0.1536502,51.87216
428,Wisbech,0.4270178347345889,0.25660883925145184,0.01,0.01,0.15764256314693886,0.5831252479830391,0.5134633258221313,0.158797,52.66631999999999
429,Sevenoaks,0.2395498172874924,0.4147366557285793,0.01,0.01,0.01,0.01,0.6080949028590639,0.190898,51.27241
430,Tunbridge Wells,0.02611837912155716,0.642443614193931,0.01,0.03995404160600815,0.01,0.01,0.6151272207633908,0.263695,51.13238
431,Eastbourne,0.06151074279857195,0.3989534755812882,0.01,0.025617922876172858,0.01,0.01,0.7863491648047873,0.29047199999999995,50.76803
432,Brentwood,0.5624203128107819,0.2267569087582549,0.01,0.013392798096341538,0.01,0.01,0.4408867865593133,0.30717490000000003,51.62047000000001
433,Skegness,0.20334568838649208,0.360819440262955,0.01,0.0185233493181322,0.013905980916693136,0.3557843520427914,0.6736563181488628,0.337881,53.1464
434,Downham Market,0.4395383962434444,0.2080093300989848,0.14469391017140554,0.010627948474151378,0.03723388450759933,0.9526284585323612,0.54876246679422,0.385472,52.60661
435,King's Lynn,0.2380564673839663,0.39365092597121737,0.01,0.01,0.013246519724321969,0.677824073441735,0.6110111846523151,0.4022963,52.75168000000001
436,Bexhill,0.08274168937567053,0.5268065814079154,0.01,0.02877295510417145,0.01,0.01,0.6594111460614913,0.4662071,50.84991
437,Chelmsford,0.3353320160417275,0.4142750652254937,0.032533066245537416,0.01,0.01,0.01,0.5122540193202464,0.4685497,51.73559
438,Mildenhall,0.351414588254424,0.5856706232551133,0.07317017256449253,0.03224664421388805,0.04707194965453322,0.01,0.330704253874128,0.5156095,52.34757000000001
439,Medway,0.2324589943383561,0.4821896108149048,0.14995450206919045,0.017133426493762278,0.060025132485320334,0.01,0.5329259008425972,0.5417860999999999,51.40474
440,Braintree,0.29754200742271075,0.5444353198029904,0.04601805325155725,0.01,0.01,0.01,0.4405667883933325,0.5509269,51.88009
441,Gillingham,0.22625001149363536,0.4698939650830898,0.08789006321895981,0.01,0.04900269568534227,0.01,0.5577749524540037,0.551438,51.38632
442,Hastings,0.1335488813426115,0.5360104893571237,0.01,0.016979172918712888,0.01,0.01,0.6057966473744393,0.573453,50.85426
443,Maldon,0.3443371221195134,0.4195982830670461,0.03744343510833669,0.01,0.01445290133572373,0.01,0.4957554870133289,0.6714479999999999,51.73181
444,Southend,0.5136922348031152,0.2235890429896918,0.030188509042206213,0.01,0.01251570337030238,0.01,0.489301076244577,0.7077123000000001,51.54593
445,Bury St Edmunds,0.31099367438700204,0.5940914348781917,0.01,0.03474133732575207,0.02282110674448092,0.01,0.37143190104701457,0.7104931999999999,52.24292
446,Thetford,0.3761142414128024,0.4919804965381861,0.01,0.01220304817127671,0.051302493696449035,0.01,0.3943370832023879,0.751657,52.41286
447,Ashford,0.22478008440925856,0.5423618368913694,0.01,0.014009296294801328,0.01,0.01,0.5115290085501587,0.8750190000000001,51.14647
448,Faversham,0.2826642585685657,0.5507970014529766,0.08731534007113949,0.019240262553709826,0.01,0.01,0.4394616006976924,0.889358,51.31599
449,Colchester,0.25705585810030285,0.4817125191382082,0.01,0.01,0.01,0.01,0.5351009331528612,0.891874,51.89593
450,New Romney,0.19437136105453007,0.5610950626121107,0.01,0.015079389499232187,0.01,0.01,0.5255754952091013,0.939473,50.98512
451,Canterbury,0.2124863951652204,0.5839219760482756,0.01,0.0154386851525274,0.01,0.01,0.4885808415665196,1.0789089,51.28023
452,Ipswich,0.2487197541959028,0.4150338189678789,0.01,0.014692606649680725,0.012868495117174377,0.16462014247046391,0.5883715532137834,1.14822,52.05674000000001
453,Clacton,0.3052354356281405,0.3463499558733257,0.01,0.01,0.014746275485514281,0.18864163596676256,0.5911989996952849,1.153035,51.78953
454,Folkestone,0.18808659280735554,0.5417709551180168,0.01,0.02124983860849831,0.01,0.01,0.5456646935038466,1.169456,51.0814
455,Sheringham,0.1646002803963102,0.2789067607851999,0.01,0.024593907568727768,0.018463314196986137,0.31492243623846583,0.7776089163906876,1.2109589,52.94442
456,Harwich,0.2980900239599953,0.3715524528712652,0.01,0.01,0.015111693330286632,0.1933162414369384,0.5770627225061883,1.260297,51.93473
457,Norwich,0.17571208515840162,0.2863260817694945,0.01,0.02307159455273197,0.017016604269952485,0.3265272038932293,0.7611189810494219,1.297355,52.63089
458,Cromer,0.16237414469204556,0.2822716636938861,0.01,0.025008389493548337,0.018774477029882854,0.3202298403695079,0.7767119663075349,1.301866,52.93145
459,Dover,0.21215344269466951,0.4635544443701918,0.01,0.01612949365529346,0.01,0.01,0.5887985358412284,1.3134027,51.12788
460,Felixstowe,0.2982670501427388,0.3870690128324456,0.01,0.01,0.01490551815438297,0.1906787468020112,0.5641051848299854,1.351255,51.96173
461,Margate,0.17084226812255934,0.4735343295880201,0.01,0.016811942763715296,0.01,0.01,0.6210247392014949,1.3868339,51.38965
462,Ramsgate,0.17128188152989726,0.4933055598231626,0.01,0.016283196129530532,0.01,0.01,0.6043303871213646,1.419895,51.33555
463,Great Yarmouth,0.21068351561029264,0.3072286680312293,0.01,0.0263699668366646,0.011086124246922796,0.3545479299060028,0.7088035793944109,1.728047,52.59823000000001
464,Lowestoft,0.21253730592089184,0.2983422470822772,0.01,0.026216014522879985,0.011979783921866095,0.38312827530061655,0.7137879090364622,1.7534490000000005,52.48114
465,Swaffham,0.28868198731973743,0.3763628689250613,0.01,0.01,0.05897346620032121,0.4849828035330497,0.5693455130048221,0.687481,52.64747
466,Dereham,0.16405894226613835,0.3485197757083519,0.01,0.021722573531445667,0.01902567992779855,0.2655118775339155,0.7219187281075882,0.937827,52.68162
467,Ely,0.4083237149752633,0.5697307090190881,0.2028036455384636,0.014896181189808334,0.01,0.01,0.2967338217046629,0.262363,52.39954
468,March,0.4379767136526482,0.3174538162626372,0.09078985863391056,0.01,0.1849557302117086,0.29886884501934224,0.4462675318398173,0.088622,52.55172
469,St Neots,0.2674551058600118,0.5318675423566699,0.01,0.01,0.025442283819717932,0.01,0.477959768111181,-0.26510300000000003,52.23008
470,Banham,0.2276678663602342,0.5203405251889478,0.01,0.01,0.04101299497067335,0.01,0.5215855479276054,1.0402849,52.45125
471,Holt,0.16142474620843114,0.28725867830334034,0.01,0.0247067572385856,0.01854803350767651,0.3163674645673532,0.7737144909497836,1.086747,52.90936
472,Cromer,0.16237414469204556,0.2822716636938861,0.01,0.025008389493548337,0.018774477029882854,0.3202298403695079,0.7767119663075349,1.301866,52.93145
473,Hunstanton,0.361498015109654,0.21795924638116485,0.01,0.011156446614906848,0.01954271045458978,1.0,0.6276921636747634,0.491032,52.93891
474,Horncastle,0.16548473379046547,0.3406862863298709,0.01,0.04894975466305647,0.01,0.01,0.7238463588507197,-0.11245,53.20731
475,Market Weighton,0.18814011685276674,0.10029580832190264,0.01,0.7582504139566695,0.01,0.34383756627701906,0.6459406561013152,-0.6677465,53.86484
476,Hawes,0.29739566319728256,0.3086159656576665,0.11296500622932422,0.03318968350866717,0.019379419586999368,0.01,0.6176986687121078,-2.1968695,54.30383000000001
477,Reeth,0.26326125977019504,0.14008755062855532,0.01,0.05877390119915465,0.013727206537868854,0.01,0.7895405494989397,-1.9428115,54.38946
478,Aysgarth,0.09458221482112758,0.4414409293906615,0.01,0.12483322267918236,0.03644499036690934,0.01,0.6772765959072702,-1.9967434,54.29159
479,Stanhope,0.08648421064857498,0.27595453356509303,0.01,0.01,0.01,0.01,0.8746103902926886,-2.011302,54.74946
480,Keswick,0.18385238590933525,0.39001630264169856,0.01,0.06080028246342336,0.01,0.01,0.6620561458274631,-3.134706,54.60128
481,Oxenholme,0.26861898767930675,0.4571392549653704,0.052274845500647565,0.01,0.01,0.01,0.5395904596606483,-2.7243328,54.30134
