index,placename,longitude,latitude,himsel,himself,himsen,hissel,hisself
0,Dingle,-10.264013499999999,52.14094,0.01,0.0896662344932279,0.01,0.01,0.01
1,Tralee,-9.6999325,52.27131,0.01,0.15761001476137987,0.01,0.01,0.01
2,Killarney,-9.5044265,52.059940000000005,0.01,0.2663273753507747,0.01,0.01,0.01
3,Bantry,-9.4539805,51.68035,0.01,0.0980189320233621,0.01,0.01,0.01
4,Mayo,-9.4289369,54.01526,0.01,0.1480380080413049,0.01,0.01,0.01
5,Ballycastle,-9.3724643,54.279669999999996,0.01,0.01,0.01,0.01,0.01
6,Abbeyfeale,-9.2970823,52.386179999999996,0.01,0.01,0.01,0.01,0.01
7,Ennistymon,-9.2934951,52.940369999999994,0.01,0.01,0.01,0.01,0.01
8,Galway,-9.0567905,53.270669999999996,0.01,0.3717640114058742,0.01,0.01,0.01
9,Claremorris,-9.0017356,53.72388,0.01,0.24010673492932563,0.01,0.01,0.01
10,Clare,-8.9811351,52.90453,0.01,0.23453609480393803,0.01,0.01,0.01
11,Adare,-8.7925892,52.56363,0.01,0.08028625755474746,0.01,0.01,0.01
12,Charleville,-8.681017599999999,52.36206,0.01,0.01,0.01,0.01,0.01
13,Mallow,-8.6539164,52.13898,0.01,0.12875753013037403,0.01,0.01,0.01
14,Limerick,-8.6267343,52.66384,0.01,0.3465806097094341,0.01,0.01,0.01
15,Loughrea,-8.5660931,53.19891,0.01,0.01,0.01,0.01,0.01
16,Sligo,-8.476088800000001,54.27661,0.01,0.25251550044247784,0.01,0.01,0.01
17,Cork,-8.4756035,51.898509999999995,0.01,0.4487385680349361,0.01,0.01,0.01
18,Nenagh,-8.19834,52.8635,0.01,0.17744261785780388,0.01,0.01,0.01
19,Roscommon,-8.1890955,53.627590000000005,0.01,0.18831859439037157,0.01,0.01,0.01
20,Tipperary,-8.161851400000002,52.47379,0.01,0.24597789790604285,0.01,0.01,0.01
21,Donegal,-8.1096143,54.653830000000006,0.029981358812940614,0.2776643455122748,0.01,0.01,0.14076429985791938
22,Leitrim,-8.0020132,54.12469,0.01,0.16034417329083456,0.01,0.01,0.01
23,Athlone,-7.9406898,53.423930000000006,0.01,0.16841250933744695,0.01,0.01,0.01
24,Longford,-7.7932573000000005,53.727630000000005,0.01,0.18238928664879786,0.01,0.01,0.01
25,Offaly,-7.7122229,53.235690000000005,0.01,0.2371354465571364,0.01,0.01,0.01
26,Fermanagh,-7.6318728,54.343830000000004,0.01,0.12403981955451676,0.01,0.01,0.09066438684877053
27,Enniskillen,-7.631533599999999,54.343819999999994,0.01,0.16963073302641135,0.01,0.01,0.11111342026246905
28,Doon,-7.60964,54.185930000000006,0.01,0.08320205191041152,0.01,0.01,0.07177395383485027
29,Westmeath,-7.4653217000000005,53.534530000000004,0.01,0.17070846758969282,0.01,0.01,0.01
30,Strabane,-7.4633103,54.82739,0.02635777071605281,0.17882962977885805,0.01,0.01,0.12375132385013947
31,Balivanich,-7.3743509000000005,57.472269999999995,0.10966344195296132,0.013104093584770672,0.01,0.01,0.01
32,Cavan,-7.3633319,53.98972,0.01,0.20650010482198963,0.01,0.01,0.01
33,Mullingar,-7.340186800000001,53.525819999999996,0.01,0.16602768263802611,0.01,0.01,0.01
34,Laois,-7.332300699999999,52.9943,0.01,0.2286016407721968,0.01,0.01,0.1280562340425717
35,Omagh,-7.309959700000001,54.59771,0.01,0.19291491841359237,0.01,0.01,0.12855073454677993
36,Derry,-7.308574799999999,54.99661,0.1131595648608987,0.31336664999215585,0.01,0.01,0.2125164056547389
37,Derry,-7.308574799999999,54.99661,0.1131595648608987,0.31336664999215585,0.01,0.01,0.2125164056547389
38,Kilkenny,-7.2447879,52.65415,0.01,0.26819697446081175,0.01,0.01,0.09942485256002104
39,Tyrone,-7.131232000000001,54.491209999999995,0.01,0.1302656098031971,0.01,0.01,0.14948074235212064
40,Waterford,-7.110070200000001,52.25932,0.01,0.3038698512632107,0.01,0.01,0.14452932630486556
41,Western Isles,-7.0194034,57.759890000000006,0.22554430331049274,0.10967968556610272,0.01,0.01,0.01
42,Monaghan,-6.9683132,54.2492,0.01,0.1972849603446828,0.01,0.01,0.1428631941029651
43,Carlow,-6.934135899999999,52.83651,0.01,0.24107272431859036,0.01,0.01,0.13890896653165277
44,Kildare,-6.8194707999999995,53.21204,0.01,0.30917559826154994,0.01,0.01,0.3956275470323002
45,Dungannon,-6.7669352,54.508269999999996,0.01,0.1355846151580121,0.01,0.01,0.1559488296166164
46,Cookstown,-6.7443895000000005,54.641819999999996,0.01,0.17630466083454557,0.01,0.01,0.192179226551922
47,Coleraine,-6.6646103000000005,55.132580000000004,0.15215154274006004,0.26645715826049715,0.01,0.01,0.20410305562592637
48,Meath,-6.656416900000001,53.60555,0.01,0.26801053197389446,0.01,0.01,0.01
49,Armagh,-6.652792,54.350280000000005,0.01,0.1956909729027067,0.01,0.01,0.18698090740610662
50,Armagh,-6.652792,54.350280000000005,0.01,0.1956909729027067,0.01,0.01,0.18698090740610662
51,Magherafelt,-6.607980499999999,54.75536999999999,0.07522404776664655,0.19107820187041308,0.01,0.01,0.23545429312016047
52,Dunvegan,-6.581398200000001,57.4366,0.09609233623181683,0.01,0.01,0.01,0.01
53,Louth,-6.4889423,53.925230000000006,0.01,0.27043045120790016,0.01,0.01,0.01
54,Wexford,-6.4633381,52.33692,0.01,0.2856457453070335,0.01,0.01,0.10870744885072015
55,Craigavon,-6.4175653,54.442930000000004,0.01,0.22987855941526594,0.01,0.01,0.01
56,Stornoway,-6.384869200000001,58.209430000000005,0.3353915448389418,0.1695174174009149,0.01,0.01,0.01
57,Drogheda,-6.3560985,53.717859999999995,0.01,0.19364094927143322,0.01,0.01,0.01
58,Rosslare,-6.3414908,52.25131,0.01,0.01,0.01,0.01,0.028237104765084373
59,Newry,-6.34023,54.1751,0.01,0.22958257225151124,0.01,0.01,0.01
60,Scilly Isles,-6.327496599999999,49.92773,0.01,0.11650024050497919,0.01,0.01,0.25112912290505074
61,Ballymena,-6.2802213,54.86529,0.11178946881421577,0.21974037950896824,0.01,0.01,0.01
62,Banbridge,-6.2704803,54.34873,0.01,0.18395772669346028,0.01,0.01,0.01
63,Dublin,-6.2603097000000005,53.34981,0.01,0.6372841909027306,0.01,0.01,0.1846435904089522
64,Antrim,-6.2072498,54.719530000000006,0.02579281087702086,0.24417328317308315,0.01,0.01,0.01
65,Antrim,-6.2072498,54.719530000000006,0.02579281087702086,0.24417328317308315,0.01,0.01,0.01
66,Portree,-6.1960231,57.41246999999999,0.29397859573046364,0.16478034865608687,0.01,0.01,0.01
67,Islay,-6.177067,55.73625,0.18430236967778482,0.11890944956807566,0.01,0.01,0.01
68,Wicklow,-6.044589,52.980819999999994,0.01,0.26750414430761793,0.01,0.01,0.5254917834188846
69,Kilkeel,-6.007004,54.06312,0.01,0.11314464278665108,0.01,0.01,0.01
70,Mull,-6.0008870000000005,56.4392,0.10043293601490433,0.1213146600707511,0.01,0.01,0.01
71,Belfast,-5.93012,54.597280000000005,0.029490594590332275,0.5091128840087887,0.01,0.01,0.01
72,Broadford,-5.9096592,57.24139,0.03993004676904406,0.01,0.01,0.01,0.01
73,Down,-5.7156921999999994,54.32875,0.01,0.24805927445538567,0.01,0.01,0.01
74,Kyle of Lochalsh,-5.7143293,57.28261,0.098198763030417,0.01,0.01,0.01,0.01
75,Campbeltown,-5.605373999999999,55.424119999999995,0.40697190098069075,0.13008512480102033,0.01,0.01,0.01
76,Penzance,-5.537592,50.1188,0.01,0.2401880358419661,0.01,0.01,0.4107503203674537
77,Oban,-5.471047,56.41516,0.238535351897694,0.18678070717864426,0.01,0.01,0.01
78,Lochgilphead,-5.4323449,56.03829,0.13519941305701288,0.09249554594170316,0.01,0.01,0.01
79,Helston,-5.274996,50.10159,0.01,0.1623906324119964,0.01,0.01,0.3081534188056078
80,Redruth,-5.226666000000001,50.23302,0.01,0.19065001400496223,0.01,0.01,0.3447712878670004
81,Ullapool,-5.161313,57.895419999999994,0.23000969796388088,0.11015107844085917,0.01,0.01,0.01
82,Ballachulish,-5.133719999999999,56.673930000000006,0.035486301103141216,0.01,0.01,0.01,0.01
83,Fort William,-5.1052179,56.81981999999999,0.12948230961746202,0.17876836752579767,0.01,0.01,0.01
84,Achnasheen,-5.078765799999999,57.578590000000005,0.09600507475683467,0.01,0.01,0.01,0.01
85,Newquay,-5.0737190000000005,50.4155,0.01,0.2316278291140652,0.01,0.01,0.39178522900018686
86,Falmouth,-5.066269999999999,50.152570000000004,0.01,0.25580812289800287,0.01,0.01,0.42163518692737945
87,Rothesay,-5.055793,55.83596,0.14276697454578297,0.17256035550241242,0.01,0.01,0.06702995178902042
88,Truro,-5.051041000000001,50.2632,0.01,0.3835568409454768,0.01,0.01,0.5922497681356491
89,Milford Haven,-5.0426971,51.71431,0.01,0.1510079558132808,0.01,0.01,0.01
90,Stranraer,-5.024055000000001,54.903369999999995,0.27130003446509154,0.15632980871015678,0.01,0.01,0.01
91,Fishguard,-4.975989,51.99393,0.01,0.10562136366455063,0.01,0.01,0.01
92,Inchnadamph,-4.974295,58.15221,0.1602607147461019,0.01,0.01,0.01,0.01
93,Haverfordwest,-4.971319,51.800470000000004,0.01,0.17358851839603134,0.01,0.01,0.01
94,Dunoon,-4.926214,55.95097,0.1830973835238495,0.1509747980181954,0.01,0.01,0.06140380135452904
95,Pembroke,-4.908637000000001,51.674040000000005,0.01,0.24100890241014253,0.01,0.01,0.01
96,Girvan,-4.8542179,55.240159999999996,0.5393442506907918,0.14117957705903003,0.01,0.01,0.0666382579536395
97,Wadebridge,-4.836456,50.51665,0.01,0.18151896362182324,0.01,0.01,0.15767727331477735
98,Invergarry,-4.800261,57.07095,0.04516438324747178,0.01,0.01,0.01,0.01
99,St Austell,-4.7834252,50.340379999999996,0.01,0.20242745993812464,0.01,0.01,0.23670336276218765
100,Greenock,-4.7719830000000005,55.956480000000006,0.28115612681306984,0.2736545775865861,0.01,0.01,0.18857785000503804
101,Helensburgh,-4.734014,56.00232,0.1952149316210058,0.1637225213107536,0.01,0.01,0.13093512472394475
102,Bodmin,-4.7188629,50.4715,0.01,0.16374744986748718,0.01,0.01,0.10144133898858276
103,Tenby,-4.703579,51.672740000000005,0.01,0.17358851839603134,0.01,0.01,0.01
104,Camelford,-4.682364,50.62206,0.01,0.10718933089256358,0.01,0.01,0.08103710667591174
105,Irvine,-4.6696364,55.61156999999999,0.8854462274164691,0.29383516162281764,0.01,0.01,0.09898151689071201
106,Cardigan,-4.660864,52.0837,0.01,0.13774092587783046,0.01,0.01,0.01
107,Holyhead,-4.633038,53.30944,0.051739274199001,0.1545208366878544,0.01,0.01,0.01
108,Ayr,-4.629179,55.45856,1.0,0.3212177334525613,0.01,0.01,0.12038615883683315
109,Dumbarton,-4.564554,55.94529,0.3158139239270098,0.25441742431597697,0.01,0.01,0.17972915254101485
110,Bude,-4.543678,50.826640000000005,0.04029857810471673,0.1740513814557132,0.01,0.01,0.09460213576542816
111,Isle of Man,-4.5126330999999995,54.27697,0.1978826313606908,0.3057376300344717,0.01,0.01,0.5308976559987548
112,Kilmarnock,-4.498792,55.61472,0.7555182115095165,0.2762772681258051,0.01,0.01,0.10134866636382653
113,Newton Stewart,-4.483164,54.9603,0.39045899296172876,0.11396703562944406,0.01,0.01,0.28644196069174643
114,Liskeard,-4.4647190000000005,50.45552,0.01,0.18056431520340602,0.01,0.01,0.11822549400278493
115,Altnaharra,-4.442655,58.28023,0.1693070103868762,0.01,0.01,0.01,0.01
116,Pwllheli,-4.417633900000001,52.888819999999996,0.01,0.13774092587783046,0.01,0.01,0.01
117,Lairg,-4.402414,58.022059999999996,0.17130747592874324,0.01,0.01,0.01,0.01
118,Launceston,-4.360451599999999,50.636829999999996,0.01,0.16196636163095643,0.01,0.01,0.01
119,Carmarthen,-4.312131,51.857620000000004,0.01,0.2319192666613589,0.01,0.01,0.01
120,Llangefni,-4.311401999999999,53.255790000000005,0.06261408855330075,0.21614142976703257,0.01,0.01,0.01
121,Caernarfon,-4.273911,53.13955,0.06534783208428446,0.20100697433272766,0.01,0.01,0.01
122,Cumnock,-4.265828900000001,55.45355,0.577866960271834,0.20306763367842495,0.01,0.01,0.07332757468108116
123,Aberaeron,-4.2581619,52.24279,0.01,0.12365873088011484,0.01,0.01,0.0813567150496673
124,Alness,-4.256825,57.69595,0.391734745200203,0.1664468779546002,0.01,0.01,0.01
125,Glasgow,-4.251806,55.86424,0.556578429188215,0.6255755586599782,0.01,0.6994128404352764,0.6035666824065516
126,Dalwhinnie,-4.242783,56.9366,0.10393995047081742,0.01,0.01,0.01,0.01
127,Inverness,-4.224721,57.47776999999999,0.6693169476026729,0.3150333314073254,0.01,0.01,0.01
128,Saltash,-4.21643,50.409209999999995,0.01,0.16508509387030754,0.01,0.01,0.01
129,Bideford,-4.206666,51.01668,0.04521823535577036,0.19414218807228958,0.01,0.01,0.10615117581488603
130,Invergordon,-4.1728819999999995,57.688109999999995,0.39551620787989233,0.16933383283717723,0.01,0.01,0.01
131,Llanelli,-4.160248,51.680890000000005,0.01,0.26957066491066384,0.01,0.01,0.01
132,Plymouth,-4.1426565,50.37546,0.01,0.41058270979183537,0.01,0.01,0.01
133,Tavistock,-4.141654,50.551120000000004,0.01,0.19484871450152366,0.01,0.01,0.01
134,Porthmadog,-4.1333839999999995,52.92784,0.01,0.17821699003737293,0.01,0.01,0.01
135,Bangor,-4.129263,53.22739,0.07735500777248737,0.2860812958618706,0.01,0.01,0.01
136,Tywyn,-4.087249,52.58701,0.01,0.0903577576092862,0.01,0.01,0.0754591739262675
137,Aberystwyth,-4.08292,52.4153,0.01,0.25636471281385104,0.01,0.01,0.14827249713986124
138,Lampeter,-4.0785089999999995,52.1129,0.01,0.13967784594684482,0.01,0.01,0.08945572458870786
139,Barnstaple,-4.058338,51.07816,0.055875515126054424,0.25902964868719003,0.01,0.01,0.13116946257594522
140,Tain,-4.05523,57.8115,0.3682893990612096,0.10526333432195463,0.01,0.01,0.01
141,Okehampton,-4.004263,50.73831,0.018877327331966676,0.13562700210904663,0.01,0.01,0.04431509648960079
142,Llandeilo,-3.9914300000000003,51.88469,0.01,0.19216269401260053,0.01,0.01,0.01
143,Motherwell,-3.9810968,55.78321,0.3137562082411119,0.3631714639800317,0.13201062046972853,0.01,0.40637361549676787
144,Golspie,-3.976086,57.97341,0.18850961217018064,0.01,0.01,0.01,0.01
145,Airdrie,-3.9625660000000003,55.86626999999999,0.34359168113290595,0.30804141923445055,0.1270407999260272,0.01,0.19553740827003996
146,Swansea,-3.9436459999999998,51.62144,0.01,0.42911495785719,0.01,0.01,0.01
147,Stirling,-3.9369029,56.116519999999994,0.8038120575055111,0.33230430223251795,0.01,0.5726872469683115,0.01
148,Tregaron,-3.934385,52.22,0.01,0.13569236916377184,0.01,0.01,0.09745601885174074
149,Tregaron,-3.934385,52.22,0.01,0.13569236916377184,0.01,0.01,0.09745601885174074
150,Castle Douglas,-3.9314139999999997,54.940419999999996,0.0918798642395247,0.13634312328215004,0.01,0.5236888218763122,0.3697555820280597
151,Dolgellau,-3.8844,52.74215,0.01,0.09856149252881381,0.01,0.01,0.07747167449432275
152,Aberfeldy,-3.866969,56.62175,0.37521706133763916,0.1664136741177917,0.01,0.01,0.01
153,Machynlleth,-3.853485,52.59027,0.01,0.12930866060589324,0.01,0.01,0.09207149244203224
154,Brora,-3.8525480000000005,58.012159999999994,0.3863890833840649,0.08282578923732742,0.01,0.01,0.01
155,Llandudno,-3.827609,53.324059999999996,0.06996112167641977,0.2382605864175938,0.01,0.01,0.01
156,Llandudno,-3.827609,53.324059999999996,0.06996112167641977,0.2382605864175938,0.01,0.01,0.01
157,Aviemore,-3.823812,57.19449,0.2299534528720889,0.14705618372608045,0.01,0.01,0.01
158,Dalbeattie,-3.8225269999999996,54.934219999999996,0.05373341272127243,0.09245655629419844,0.01,0.42877100270700197,0.3027379426905033
159,Falkirk,-3.7839131,56.00188000000001,0.7398323400360033,0.33316054968241754,0.01,0.5271039929610228,0.24811124180163757
160,Kingsbridge,-3.777493,50.28395,0.01,0.17342271849341084,0.01,0.01,0.01
161,Pitlochry,-3.729711,56.70436,0.29303588938117414,0.11159312233946353,0.01,0.01,0.01
162,Colwyn Bay,-3.72764,53.29318000000001,0.06434600463721861,0.2176935927287606,0.01,0.01,0.01
163,Totnes,-3.685797,50.43374,0.01,0.1815175945826493,0.01,0.01,0.01
164,Grantown-on-Spey,-3.609628,57.33041,0.3286288790700693,0.09448009917747141,0.01,0.01,0.01
165,Dumfries,-3.60512,55.070859999999996,0.10154444890260805,0.25264320681491337,0.01,0.8102838426124835,0.5721087816227526
166,Whitehaven,-3.589233,54.5497,0.1455086366945114,0.21433703190056394,0.01,0.8293573914166498,0.5855758621363264
167,Dartmouth,-3.578807,50.35252,0.01,0.14517133372910082,0.01,0.01,0.01
168,Bridgend,-3.576945,51.504290000000005,0.01,0.32470825363632855,0.01,0.01,0.01
169,Paignton,-3.564235,50.43508,0.01,0.2705204630914126,0.01,0.01,0.01
170,Workington,-3.5427519999999997,54.64357,0.10599338035735914,0.2119386067873061,0.01,0.6041318158053248,0.42655313965728664
171,Llanidloes,-3.5401949999999998,52.447790000000005,0.01,0.11147369850396,0.01,0.01,0.08519940046082372
172,Exeter,-3.533899,50.71841,0.01,0.4448523297973273,0.01,0.01,0.01
173,Torquay,-3.525315,50.46192,0.01,0.27764536370400594,0.01,0.01,0.01
174,Thurso,-3.5220800000000003,58.59356999999999,0.5905218876871535,0.15097545338849552,0.01,0.01,0.01
175,Livingston,-3.518068,55.90071,0.2662372556586803,0.33050814131830525,0.01,0.01,1.0
176,Rhyl,-3.4916339999999995,53.319140000000004,0.03336984325869068,0.21443259891075978,0.01,0.01,0.01
177,Tiverton,-3.491207,50.90205,0.01,0.19275785377657484,0.01,0.01,0.14713367498394467
178,Tiverton,-3.491207,50.90205,0.01,0.19275785377657484,0.01,0.01,0.14713367498394467
179,Minehead,-3.481152,51.20428,0.01,0.1464365559122296,0.01,0.01,0.1717991912245959
180,Dunfermline,-3.452151,56.071740000000005,0.5042496786371332,0.3119941750234482,0.01,0.01,0.5261072698001186
181,Perth,-3.4308381000000003,56.39499,0.2127089747201673,0.20118596597896418,0.01,0.01,0.14266877939396247
182,Prestatyn,-3.4076129999999996,53.33651,0.02646733135858745,0.18040508563967664,0.01,0.01,0.01
183,Builth Wells,-3.4045919999999996,52.15002,0.01,0.15976354880523325,0.01,0.01,0.31514096588843027
184,Braemar,-3.3979439,57.00646999999999,0.05932038400420045,0.01,0.01,0.01,0.01
185,Brecon,-3.391463,51.94895,0.01,0.19199442158051916,0.01,0.01,0.5614938966185188
186,Merthyr Tydfil,-3.381646,51.74873,0.01,0.3703552251267751,0.01,0.01,0.7470248000231408
187,Llandrindod Wells,-3.377742,52.2417,0.01,0.13662998340679222,0.01,0.01,0.2687468286802075
188,Corwen,-3.369242,52.98005,0.01,0.1013441929261633,0.01,0.01,0.01
189,Cockermouth,-3.367985,54.66326,0.07326150102178586,0.15504507988583963,0.01,0.4871643942876765,0.3439671677097773
190,Lockerbie,-3.349008,55.122240000000005,0.09214464668145896,0.22261177342239488,0.01,0.7352772395008862,0.5191496241284325
191,Blairgowrie,-3.3378318,56.58941,0.15682811957816956,0.15329391168738282,0.01,0.01,0.29452699992176395
192,Elgin,-3.318485,57.64945,0.7689635964135809,0.28039823576074274,0.01,0.01,0.01
193,Newtown,-3.313106,52.51211,0.01,0.1193695322393338,0.01,0.01,0.3827788862410882
194,Ruthin,-3.3103108,53.114869999999996,0.01,0.1753841119050171,0.01,0.01,0.01
195,Ruthin,-3.3103108,53.114869999999996,0.01,0.1753841119050171,0.01,0.01,0.01
196,Sidmouth,-3.2375599999999998,50.67865,0.01,0.17554484737169737,0.01,0.01,0.01
197,Barrow-in-Furness,-3.2188939999999997,54.10896999999999,0.04466367507229844,0.2691464373548076,0.04541379624180101,0.01,0.01
198,Peebles,-3.1936419999999996,55.65306999999999,0.17008875299528511,0.16743312287244602,0.01,0.01,0.21779372386219123
199,Edinburgh,-3.1882669999999997,55.95325,0.3056792853688263,0.5772761459838845,0.01,0.01,0.7175913344349321
200,Cardiff,-3.17909,51.48158,0.01,0.5443561476948481,0.01,0.01,0.01
201,Llangollen,-3.1716599999999997,52.96921,0.01,0.131925121651089,0.01,0.01,0.01
202,Kirkcaldy,-3.158137,56.11682,0.2858080103081034,0.35107379997224236,0.01,0.01,0.36901862209288994
203,Welshpool,-3.146407,52.66035,0.01,0.17383841400116642,0.01,0.01,0.22197202539593042
204,Mold,-3.1419029999999997,53.1672,0.01,0.261070257626205,0.01,0.01,0.01
205,Mold,-3.1419029999999997,53.1672,0.01,0.261070257626205,0.01,0.01,0.01
206,Taunton,-3.106849,51.01534,0.01,0.290839024670481,0.01,0.01,0.31996788697465606
207,Wick,-3.093716,58.43894,0.6842016706949002,0.1405740526307954,0.01,0.01,0.01
208,John o' Groats,-3.0688997000000002,58.63734,0.24556378000873036,0.01,0.01,0.01,0.01
209,Dalkeith,-3.066606,55.893119999999996,0.17402636254140008,0.2869643884110264,0.01,0.01,0.3921908516183437
210,Oswestry,-3.056412,52.85715,0.01,0.22643594469360737,0.01,0.01,0.19170786899083322
211,Blackpool,-3.0356748,53.81751,0.03127260199443779,0.3910520416317715,0.04769672854386387,0.01,0.01
212,Birkenhead,-3.023009,53.389990000000004,0.011060660536496791,0.3820475178190339,0.01,0.01,0.01
213,Cupar,-3.010137,56.32023,0.16895348534425167,0.15933392534795107,0.01,0.01,0.19831169963607176
214,Southport,-3.010113,53.64571,0.01,0.3184602055879806,0.01,0.01,0.01
215,Bridgwater,-3.003632,51.12789,0.01,0.3438217260347819,0.01,0.01,0.3100234538963556
216,Langholm,-2.998913,55.153059999999996,0.09069994930453111,0.09536013494415257,0.01,0.36187456398946843,0.17033669231360923
217,Newport,-2.997664,51.58415,0.04747764182921893,0.3776476342238173,0.01,0.01,0.01
218,Axminster,-2.9949369999999997,50.78273,0.01,0.1887937426502795,0.01,0.01,0.3103023133633839
219,Wrexham,-2.9924939999999998,53.043040000000005,0.01,0.3150434684111559,0.01,0.01,0.01
220,Liverpool,-2.9915726,53.40837,0.016514932845206602,0.6002405694163034,0.01,0.01,0.01
221,Weston-super-Mare,-2.977255,51.347409999999996,0.01,0.30613824239338355,0.01,0.01,0.01
222,Dundee,-2.9707209999999997,56.462019999999995,0.19023949274502797,0.387268375410326,0.01,0.01,0.4465929420358528
223,Kirkwall,-2.9622491,58.984669999999994,0.7166676869535532,0.15010477964685087,0.01,0.01,0.01
224,Ambleside,-2.961333,54.428740000000005,0.15554947499468968,0.2364599270653158,0.01,0.01,0.01
225,Orkney Islands,-2.9605206,58.980940000000004,0.7333672014102587,0.15542221504022968,0.01,0.01,0.01
226,Lyme Regis,-2.936639,50.725159999999995,0.01,0.1680094933680251,0.01,0.01,0.21874192364918812
227,Carlisle,-2.932931,54.892469999999996,0.09788467007582057,0.3643159825369306,0.01,0.9763503693473705,0.68936166670102
228,Chester,-2.893075,53.19339,0.01,0.39285723510085574,0.01,0.01,0.01
229,Forfar,-2.889062,56.64356,0.12801341047261636,0.20141549778548448,0.01,0.01,0.30051534871303837
230,Morecambe,-2.864968,54.074169999999995,0.07742865742588487,0.22544527203794285,0.04723742625740239,0.01,0.01
231,Selkirk,-2.838524,55.55066,0.4384883220703044,0.2051606950917061,0.01,0.01,0.441156245014536
232,Galashiels,-2.814449,55.62373,0.4274447339911216,0.19248050880638795,0.01,0.01,0.430045469617778
233,Lancaster,-2.8007399,54.046569999999996,0.06755295419252401,0.3183504973654456,0.0686874851032821,0.01,0.01
234,St Andrews,-2.7967214,56.339780000000005,0.2141452079677044,0.23043127282945317,0.01,0.01,0.2681132572713566
235,Hawick,-2.780914,55.42706,0.2638145430986655,0.16962043809557523,0.01,0.01,0.3715875616821569
236,Bridport,-2.758301,50.733579999999996,0.01,0.17678939466667926,0.01,0.01,0.18499290118506415
237,Shrewsbury,-2.7553267999999997,52.7073,0.01,0.3711905380172788,0.01,0.01,0.2848375909017071
238,Penrith,-2.752708,54.6641,0.12531960685555843,0.31591609798120224,0.01,1.0,0.23535323941882846
239,Kendal,-2.74629,54.32801,0.09281478993054781,0.2776272641426547,0.01,0.01,0.01
240,Street,-2.7429189999999997,51.12468,0.01,0.138046212022307,0.01,0.01,0.01
241,Glastonbury,-2.718454,51.14743,0.01,0.17122645399650577,0.01,0.01,0.01
242,Hereford,-2.715974,52.0564,0.01,0.3146812304446314,0.01,0.01,0.01
243,Ludlow,-2.7139129,52.36775,0.01,0.20937840078083048,0.01,0.01,0.01
244,Preston,-2.70309,53.7632,0.04497050024034237,0.4471365379651465,0.01,0.01,0.01
245,Whitchurch,-2.682045,52.96872,0.01,0.16983544962411992,0.01,0.01,0.01
246,Wells,-2.6445979,51.20935,0.01,0.20146354550591752,0.01,0.01,0.01
247,Yeovil,-2.633308,50.94206,0.01,0.26670425809181414,0.01,0.01,0.01
248,Wigan,-2.6325074,53.54506,0.01,0.47405006553219553,0.01,0.01,0.21047970249928477
249,Warrington,-2.5969501,53.39004,0.01,0.4923121990278885,0.01,0.01,0.01
250,Arbroath,-2.591543,56.55911,0.11165228463661148,0.22291620053015285,0.01,0.01,0.3494761503839811
251,Bristol,-2.58791,51.45451,0.01,0.5703160509186306,0.01,0.01,0.29657722417222787
252,Guernsey,-2.5852779999999997,49.46569,0.01,0.01,0.01,0.01,0.01
253,Ross-on-Wye,-2.582446,51.91445,0.01,0.24190098139938898,0.01,0.01,0.01
254,Jedburgh,-2.5549369,55.47772,0.24156218337904575,0.12792906849292113,0.01,0.01,0.2835372611176481
255,Sedbergh,-2.5281740000000004,54.32363,0.06129880798827117,0.13842161876650702,0.01,0.01,0.01
256,Sedbergh,-2.5281740000000004,54.32363,0.06129880798827117,0.13842161876650702,0.01,0.01,0.01
257,Nantwich,-2.524102,53.067190000000004,0.01,0.22671222077709757,0.01,0.01,0.01
258,Banff,-2.524038,57.666509999999995,0.5077659599505022,0.1430671786033189,0.01,0.01,0.03696111926073124
259,Dunbar,-2.516737,56.00209,0.20596612857200713,0.24576159659302727,0.01,0.01,0.31194303836782883
260,Cinderford,-2.5009579,51.8253,0.01,0.22186523024446828,0.01,0.01,0.01
261,Banchory,-2.4909599,57.05386,0.2554435137156076,0.1801021258940777,0.01,0.01,0.04208149994651464
262,Blackburn,-2.487529,53.748580000000004,0.03211121615415449,0.35787057888985546,0.01,0.01,0.01
263,Market Drayton,-2.483485,52.90355,0.01,0.13834978306081663,0.01,0.01,0.01
264,Telford,-2.4672611,52.67759,0.01,0.3235738726286235,0.01,0.01,0.23079225626389677
265,Montrose,-2.4661150000000003,56.70692,0.09987794357957289,0.1983725659105108,0.01,0.01,0.312621990497114
266,Turriff,-2.4623,57.53893000000001,0.5182227279575375,0.15262570944705947,0.01,0.01,0.037722284462212166
267,Weymouth,-2.457621,50.61443,0.01,0.2507164559360952,0.01,0.01,0.01
268,Crewe,-2.4438209,53.10041,0.01,0.3035115489927928,0.01,0.01,0.01
269,Fortuneswell,-2.4422189999999997,50.55919,0.01,0.12135064053535013,0.01,0.01,0.01
270,Dorchester,-2.4411810000000003,50.71116,0.01,0.3255126609823642,0.01,0.01,0.01
271,Alston,-2.438685,54.812169999999995,0.06374597586515766,0.09057604681080836,0.01,0.01,0.09976373910494585
272,Kelso,-2.432207,55.600030000000004,0.2607202547905817,0.16130856995269355,0.01,0.01,0.306024330328311
273,Wincanton,-2.416007,51.055690000000006,0.01,0.1510079558132808,0.01,0.01,0.01
274,Clitheroe,-2.3930830000000003,53.8711,0.01,0.23383746969570618,0.01,0.01,0.01
275,Sark,-2.3666256000000003,49.43007,0.01,0.01,0.01,0.01,0.01
276,Bath,-2.3590167,51.38106,0.01,0.3983536540962977,0.01,0.01,0.19861926842617236
277,Kidderminster,-2.2496839,52.3886,0.01,0.2632344410777652,0.01,0.01,0.1682175886605714
278,Manchester,-2.2426305,53.48076,0.028218793172495576,0.7242387783132745,0.04303908941089729,0.01,0.14905005205611524
279,Burnley,-2.2405035,53.78929,0.01,0.32832742683436406,0.01,0.01,0.01
280,Gloucester,-2.238156,51.86424,0.01,0.3981023834864117,0.15636733537105055,0.01,0.24067593650505067
281,Newcastle-under-Lyme,-2.2273002,53.01321,0.01,0.2686563427657061,0.01,0.01,0.01
282,Worcester,-2.221575,52.19364,0.01,0.40281687988977927,0.1651831183052994,0.01,0.25424492652902725
283,Trowbridge,-2.208853,51.31966,0.01,0.3831457811970286,0.01,0.01,0.01
284,Shaftesbury,-2.198083,51.0046,0.01,0.17292267828668964,0.01,0.01,0.01
285,Alderney,-2.1973557,49.715,0.01,0.01,0.01,0.01,0.01
286,Stoke-on-Trent,-2.179404,53.002669999999995,0.01,0.394253550337171,0.01,0.01,0.01
287,Colne,-2.176991,53.85564,0.01,0.22178311669657014,0.01,0.01,0.01
288,Blandford Forum,-2.165353,50.85691,0.01,0.14596778743131078,0.01,0.01,0.01
289,Rochdale,-2.1561,53.60971,0.01,0.3980326684819595,0.05074451785794269,0.01,0.07810444763912441
290,Jersey,-2.13125,49.21444,0.01,0.01,0.01,0.01,0.01
291,Wolverhampton,-2.12882,52.586969999999994,0.01,0.36790212631723435,0.01,0.01,0.01
292,Stafford,-2.12066,52.80669,0.01,0.367447287873725,0.01,0.01,0.3106389429621127
293,Macclesfield,-2.119287,53.25866,0.01,0.342434106875548,0.07513032948353199,0.01,0.057819169181544686
294,Hexham,-2.1121439,54.97266,0.12722264583094087,0.29167228557796343,0.01,0.01,0.01
295,Aberdeen,-2.094278,57.149719999999995,0.9108968702348206,0.4225184342137929,0.01,0.01,0.08385716168095733
296,Dudley,-2.081112,52.51226,0.01,0.35267427776315047,0.01,0.01,0.01
297,Cheltenham,-2.0782533,51.899390000000004,0.01,0.37451581743272216,0.12601458598884016,0.01,0.1939578904007807
298,Bromsgrove,-2.061906,52.33559,0.01,0.2983242686566633,0.01,0.01,0.2709672883862489
299,Skipton,-2.0162787,53.96285,0.01,0.22153623494138608,0.01,0.01,0.01
300,Fraserburgh,-2.007631,57.69335,0.48086418807706355,0.16216617338699987,0.01,0.01,0.04067903434593625
301,Berwick,-2.005395,55.77024,0.2772664581837175,0.19034427725103845,0.01,0.01,0.35503165988278235
302,Poole,-1.987248,50.71505,0.01,0.3221003937800256,0.01,0.01,0.01
303,Walsall,-1.9829189999999999,52.586209999999994,0.01,0.35856945627857384,0.01,0.01,0.01
304,Cirencester,-1.968243,51.71849,0.01,0.3431766226840303,0.01,0.01,0.18275250968494253
305,Evesham,-1.9467700000000001,52.09215,0.01,0.2335842542207806,0.09405416394309422,0.01,0.14476536250674418
306,Buxton,-1.91483,53.259080000000004,0.01,0.27429188466138565,0.01,0.01,0.054341869291410126
307,Keighley,-1.9123580000000002,53.8678,0.01,0.28106649838716175,0.19557471481534733,0.01,0.01
308,Birmingham,-1.8904009999999998,52.48624,0.01,0.6418573804882313,0.01,0.01,0.1330157919130305
309,Bournemouth,-1.880769,50.719159999999995,0.01,0.4003536694924222,0.01,0.01,0.01
310,Halifax,-1.8575400000000002,53.727019999999996,0.01,0.2758457724686332,0.29065746201257386,0.01,0.16776423695824255
311,Salisbury,-1.794472,51.06878,0.01,0.2971540162940329,0.01,0.01,0.36728686165576957
312,Ringwood,-1.7888169999999999,50.84495,0.01,0.2495717389458862,0.01,0.01,0.01
313,Huddersfield,-1.7850351000000002,53.645790000000005,0.01,0.39172192039769443,0.4567558588799743,0.01,0.3515124940552602
314,Peterhead,-1.784066,57.50812,0.5552063056196369,0.20261418926437252,0.01,0.01,0.04827272219829215
315,Swindon,-1.7797176,51.55577,0.016548217531653735,0.36379353626981237,0.01,0.01,0.31077952741013
316,Bradford,-1.759398,53.79598000000001,0.01,0.427570017458979,0.42072411500815077,0.01,0.01
317,Ashbourne,-1.7321790000000001,53.016630000000006,0.01,0.3302888982309021,0.4011472740424864,0.01,0.17640968963521414
318,Marlborough,-1.7270619999999999,51.42007,0.010948980445184867,0.21901197565076605,0.01,0.01,0.01
319,Stratford-upon-Avon,-1.7082979999999999,52.19173,0.025078405233086607,0.2877255614968436,0.01,0.01,0.01
320,Alnwick,-1.7062990000000002,55.41274,0.07096428337972717,0.1902917639667366,0.01,0.01,0.01
321,Otley,-1.691786,53.90583,0.01,0.21081112716085287,0.17178738083823109,0.01,0.01
322,Bishop Auckland,-1.6787880000000002,54.663819999999994,0.058335987693214734,0.24177565112538524,0.01,0.01,0.01
323,Burton upon Trent,-1.6371358999999999,52.81403,0.01,0.31408075276178243,0.16248909441394316,0.01,0.01
324,Newcastle,-1.61778,54.97825,0.05699481577594991,0.5528166827408347,0.01,0.01,0.1337970406958897
325,Durham,-1.5848520000000001,54.77525,0.33584172172155907,0.36911277737935033,0.09313147776131261,0.01,0.01
326,Ashington,-1.5659829,55.18298000000001,0.07431521948488748,0.22380377068102467,0.01,0.01,0.01
327,Darlington,-1.559458,54.52361,0.01,0.3027250479425232,0.01,0.01,0.01
328,Leeds,-1.5490774,53.80076,0.01,0.5681125328405734,0.35919328287936203,0.01,0.30714420466329967
329,Harrogate,-1.5418120000000002,53.99211999999999,0.01,0.3786159410569162,0.2446696938099065,0.01,0.01
330,Leamington Spa,-1.5200789,52.28519,0.01820333400518671,0.3701994174568013,0.01,0.01,0.17093150976440907
331,Coventry,-1.519693,52.40682,0.02153239935756154,0.42636903728309544,0.01,0.01,0.20219182515128875
332,Blyth,-1.510277,55.12696,0.1040289647744752,0.23703888773316248,0.01,0.01,0.01
333,Wakefield,-1.505924,53.6833,0.01,0.3543382080177339,0.7426586648001637,0.01,0.25401734041228374
334,Andover,-1.4919233,51.2112,0.01,0.25890970680059755,0.01,0.01,0.18096424412744083
335,Witney,-1.4850543999999999,51.785940000000004,0.01,0.2618569475518892,0.01,0.01,0.1417717838494978
336,Barnsley,-1.479726,53.55263000000001,0.01,0.34721317919749917,0.7278620301964993,0.01,0.18671724122990482
337,Derby,-1.4746186000000001,52.92253,0.01,0.41521791144915327,0.3750508130888257,0.01,0.23090679716061466
338,Sheffield,-1.470085,53.381130000000006,0.01,0.5354401583469048,1.0,0.01,0.3694008556671511
339,Nuneaton,-1.465382,52.52049,0.01,0.3526603641338316,0.01,0.01,0.1957534081375338
340,Northallerton,-1.429959,54.337959999999995,0.01,0.19800700764827261,0.01,0.01,0.01
341,South Shields,-1.427406,54.99941999999999,0.09271952603590299,0.3296991849971191,0.021756171835346408,0.01,0.06697287875521535
342,Chesterfield,-1.421629,53.23505,0.01,0.33943122597228176,0.6242773218008913,0.01,0.16014482989097686
343,Southampton,-1.4043508999999998,50.9097,0.01,0.5085568529657758,0.01,0.01,0.01
344,Wetherby,-1.384816,53.92706,0.01,0.19360355483437122,0.14598229456392706,0.01,0.12482865870999302
345,Sunderland,-1.383801,54.90687,0.21030593919104545,0.37171905449764503,0.049347231102943166,0.01,0.01
346,Rotherham,-1.3635008999999998,53.4326,0.01,0.3523562630939959,0.7690947192519908,0.01,0.2630594680772776
347,Castleford,-1.345968,53.72346999999999,0.01,0.29167673108477515,0.6332818474724076,0.01,0.01
348,Thirsk,-1.341377,54.23385,0.01,0.1738419720360763,0.142968059992892,0.01,0.01
349,Banbury,-1.339775,52.0629,0.01,0.27141550948008336,0.01,0.01,0.01
350,Stockton,-1.3289821000000002,54.57046,0.04760461475294021,0.3071785946912978,0.01,0.01,0.01
351,Newbury,-1.3231138999999998,51.40141,0.01,0.34332401549482094,0.01,0.01,0.01
352,Isle of Wight,-1.304734,50.69385,0.01,0.3206129264967333,0.01,0.01,0.01
353,Isle of Wight,-1.304734,50.69385,0.01,0.3206129264967333,0.01,0.01,0.01
354,Abingdon,-1.2879528999999998,51.67078,0.01,0.2804614320955515,0.01,0.01,0.15327955381102745
355,Shetland Islands,-1.2659409,60.52965,0.5486212392426348,0.08142245208636124,0.01,0.01,0.01
356,Rugby,-1.265032,52.37088,0.01,0.32620514254662636,0.01,0.01,0.17850508447214178
357,Oxford,-1.2577263,51.75202,0.01,0.481538348696969,0.01,0.01,0.01
358,Middlesbrough,-1.234956,54.57423000000001,0.05595572231087495,0.3817035837187271,0.01,0.01,0.01
359,Hartlepool,-1.212926,54.69174,0.0846746821637484,0.29030325160811354,0.01,0.01,0.01
360,Loughborough,-1.206166,52.7721,0.01,0.36922222593269594,0.1688677492678521,0.01,0.01
361,Mansfield,-1.198674,53.1472,0.01,0.30989918750603224,0.2876419463387485,0.01,0.17709195170788822
362,Nottingham,-1.1581086,52.95478000000001,0.01,0.5350912100478445,0.25940690064250177,0.01,0.01
363,Bicester,-1.1535898999999998,51.8996,0.01,0.22037322658409986,0.01,0.01,0.01
364,Leicester,-1.1397591999999999,52.636880000000005,0.01,0.46634485672210924,0.1929874823967167,0.01,0.01
365,Doncaster,-1.128462,53.522819999999996,0.01,0.36804612995215047,0.7150001015854293,0.01,0.24455707118104789
366,Worksop,-1.122745,53.3093,0.01,0.24445211950759382,0.15808554765675073,0.01,0.48664113274527543
367,Basingstoke,-1.0923964,51.26654,0.01,0.31546596606269584,0.01,0.01,0.0867700184354716
368,Portsmouth,-1.0879769,50.81977,0.01,0.4453400310518657,0.01,0.01,0.01
369,York,-1.0872979,53.95997,0.023940614416863522,0.43831975708118354,0.01,0.01,0.01
370,Selby,-1.067189,53.783519999999996,0.012502148635366464,0.22355946224070003,0.19068178019253018,0.01,0.01
371,Helmsley,-1.0562636,54.24651,0.01,0.08699121808578261,0.01,0.01,0.01
372,Towcester,-0.9896879999999999,52.13511,0.01,0.23134168503846395,0.01,0.01,0.01
373,Reading,-0.9781303,51.45426,0.01,0.42979762853624426,0.01,0.01,0.12352612186568135
374,Retford,-0.9455030000000001,53.32136,0.01,0.1876754420411203,0.36675405179062476,0.01,0.2822484461741117
375,Petersfield,-0.93899,51.00759,0.01,0.21233284700219884,0.01,0.01,0.01
376,Northampton,-0.9026559999999999,52.24048,0.01,0.41770045788241406,0.01,0.01,0.01
377,Melton Mowbray,-0.887126,52.7664,0.01,0.22663475649132309,0.01,0.01,0.12552372527822306
378,Aylesbury,-0.8084,51.81561,0.01,0.3517830089147216,0.01,0.01,0.01
379,Newark-on-Trent,-0.80657,53.070040000000006,0.01,0.31285218133356374,0.3781674045391701,0.01,0.01
380,Malton,-0.7978970000000001,54.13684,0.011575542200806933,0.18791806741791636,0.035309856141635156,0.01,0.10869573935032877
381,Chichester,-0.774936,50.83761,0.01,0.27785934253685224,0.01,0.01,0.06366833862801222
382,Gainsborough,-0.774465,53.400580000000005,0.01,0.18298716010122032,0.27380722609199726,0.01,0.10535897084419506
383,Milton Keynes,-0.7594171,52.040620000000004,0.01,0.4067121833342484,0.01,0.01,0.01
384,Aldershot,-0.7557509,51.24837,0.01,0.35496522797426394,0.01,0.01,0.01
385,High Wycombe,-0.748229,51.628609999999995,0.01,0.3260121775812658,0.01,0.01,0.01
386,Midhurst,-0.737274,50.9869,0.01,0.2051939665199082,0.01,0.01,0.0994573131982399
387,Kettering,-0.7302489999999999,52.39632,0.01,0.2924209321115548,0.01,0.01,0.01
388,Wellingborough,-0.693964,52.30242,0.01,0.25862519750653096,0.01,0.01,0.01
389,Corby,-0.6842333,52.4923,0.01,0.2785944596950665,0.01,0.01,0.01
390,Bognor Regis,-0.673061,50.783,0.01,0.2616626266503984,0.01,0.01,0.058432068134507985
391,Scunthorpe,-0.654413,53.58865,0.01,0.2862993311095357,0.6185790102505676,0.01,0.01
392,Grantham,-0.643582,52.912519999999994,0.01,0.25668664739241265,0.01,0.01,0.14556183098775272
393,Whitby,-0.613347,54.48633,0.03934094994817788,0.202487185739859,0.04000167448319178,0.01,0.24627751948077206
394,Slough,-0.5950406,51.51054,0.01,0.3675320870341912,0.01,0.01,0.01
395,Guildford,-0.570409,51.23622,0.01,0.3490639109605351,0.01,0.01,0.01
396,Woking,-0.5600349,51.31677,0.01,0.4243168356047952,0.01,0.01,0.01
397,Lincoln,-0.540579,53.23069,0.01,0.38721003477400434,0.522561881878273,0.01,0.01
398,Bedford,-0.46677820000000003,52.13864,0.08264393822726943,0.35619734414458765,0.01,0.01,0.01
399,Heathrow,-0.4542955,51.47002,0.01,0.4619218106391104,0.01,0.01,0.01
400,Driffield,-0.443377,54.006,0.01,0.16487317289823694,0.0566479341757879,0.01,0.1307862148109324
401,Beverley,-0.435093,53.84196,0.01,0.290940520694368,0.04830591692700053,0.01,0.07435102585557939
402,Luton,-0.4200255,51.87867,0.01,0.3810271875403239,0.01,0.01,0.01
403,Scarborough,-0.399752,54.28311,0.01,0.27714566592244055,0.09638744403008676,0.01,0.5934267103604843
404,Worthing,-0.372882,50.81787,0.01,0.36006538780147856,0.01,0.01,0.05454878171659256
405,Dorking,-0.332378,51.2322,0.042333376110253076,0.336372297509658,0.01,0.01,0.01
406,Hull,-0.3274198,53.767619999999994,0.01,0.43565030165418883,0.1811361057539796,0.01,0.09293310556158882
407,Horsham,-0.325858,51.06288,0.01,0.2627957105726197,0.01,0.01,0.11424096706034333
408,Biggleswade,-0.26421999999999995,52.086940000000006,0.050834510695302794,0.213737260850108,0.01,0.01,0.01
409,Peterborough,-0.2405299,52.5695,0.01,0.3783648132828248,0.01,0.01,0.01
410,Welwyn Garden City,-0.208661,51.80317,0.01,0.4827926014349343,0.01,0.01,0.01
411,Bridlington,-0.198802,54.08535,0.01,0.20323856638100998,0.06670265888782778,0.01,0.154000113167277
412,Stevenage,-0.19661199999999998,51.90376,0.01,0.3304242409597805,0.01,0.01,0.01
413,Crawley,-0.18722750000000002,51.109140000000004,0.01,0.3197149848732623,0.01,0.01,0.01
414,Huntingdon,-0.182552,52.33146,0.01,0.22276259961438816,0.01,0.01,0.01
415,Hove,-0.168749,50.82793,0.01,0.2870499073518345,0.01,0.01,0.01
416,Spalding,-0.1537024,52.7901,0.01,0.24168264704306996,0.01,0.01,0.08409883206171033
417,Brighton,-0.137163,50.82253,0.01,0.5058450257280463,0.01,0.01,0.01
418,London,-0.12775830000000002,51.50735,0.0297687863727724,1.0,0.01,0.01,0.19567278126005588
419,Grimsby,-0.08078400000000001,53.56746999999999,0.01,0.3135676272989344,0.13901117340625538,0.01,0.0713206166424845
420,Boston,-0.026576999999999996,52.97894,0.01,0.31614236952596675,0.01,0.01,0.16795954257038342
421,Royston,-0.024066,52.048140000000004,0.01,0.185626990644866,0.01,0.01,0.01
422,Louth_Lincs,-0.007711,53.36596,0.01,0.20357604595830542,0.2328002504464281,0.01,0.01
423,Lewes,0.00878,50.873870000000004,0.01,0.26585394003386065,0.01,0.01,0.01
424,Chatteris,0.054012,52.4561,0.01,0.138046212022307,0.01,0.01,0.01
425,Uckfield,0.095913,50.966409999999996,0.01,0.2797769284031078,0.01,0.01,0.01
426,Cambridge,0.12181700000000001,52.20534,0.01,0.48300725956624146,0.01,0.01,0.01
427,Bishop's Stortford,0.15365020000000001,51.87216,0.01,0.3015169777261994,0.01,0.01,0.01
428,Wisbech,0.158797,52.66631999999999,0.01,0.1819549015706142,0.01,0.01,0.01
429,Sevenoaks,0.190898,51.27241,0.01,0.3596423561246711,0.01,0.01,0.01
430,Tunbridge Wells,0.26369499999999996,51.13238,0.01,0.32478394018224,0.01,0.01,0.01
431,Eastbourne,0.29047199999999995,50.768029999999996,0.01,0.30001291919112877,0.01,0.01,0.09939458238410778
432,Brentwood,0.30717490000000003,51.620470000000005,0.01,0.5213392412273917,0.01,0.01,0.37548200690213746
433,Skegness,0.337881,53.1464,0.01,0.19434135129854788,0.01,0.01,0.07994441791023045
434,Downham Market,0.385472,52.606609999999996,0.01,0.1472057146817169,0.01,0.01,0.17467454749531144
435,King's Lynn,0.4022963,52.75168000000001,0.01,0.2561462505717821,0.01,0.01,0.23810527694365446
436,Bexhill,0.4662071,50.849909999999994,0.01,0.2068044310603214,0.01,0.01,0.16324318135302018
437,Chelmsford,0.4685497,51.73559,0.011482661168612962,0.30419812078470815,0.01,0.01,0.21564715047986083
438,Mildenhall,0.5156095,52.347570000000005,0.01,0.24353178108297066,0.01,0.01,0.01
439,Medway,0.5417860999999999,51.404740000000004,0.01,0.2918551475318727,0.01,0.01,0.01
440,Braintree,0.5509269,51.88009,0.02141533112068037,0.250871536097313,0.01,0.01,0.01
441,Gillingham,0.551438,51.38632,0.01,0.4536733950284303,0.01,0.01,0.01
442,Hastings,0.573453,50.85426,0.01,0.27966320427528135,0.01,0.01,0.19345165371739328
443,Maldon,0.6714479999999999,51.731809999999996,0.02023195823076185,0.25973247376346664,0.01,0.01,0.01
444,Southend,0.7077123000000001,51.54593,0.01,0.3566822734080245,0.01,0.01,0.22542681862002736
445,Bury St Edmunds,0.7104931999999999,52.24292,0.01,0.3610626788945635,0.01,0.01,0.01
446,Thetford,0.751657,52.412859999999995,0.01,0.197803630529895,0.01,0.01,0.1103806591740827
447,Ashford,0.8750190000000001,51.14647,0.01,0.2672665110156677,0.01,0.01,0.01
448,Faversham,0.889358,51.31599,0.01,0.2518454506513484,0.01,0.01,0.01
449,Colchester,0.891874,51.89593,0.01,0.36152227019218314,0.01,0.01,0.2237505416163409
450,New Romney,0.939473,50.98512,0.01,0.1571779210570724,0.01,0.01,0.01
451,Canterbury,1.0789089,51.280229999999996,0.01,0.3438074165571008,0.01,0.01,0.01
452,Ipswich,1.14822,52.056740000000005,0.01,0.37115841924366383,0.01,0.01,0.1964747491953882
453,Clacton,1.153035,51.78953,0.01,0.20542484611411937,0.01,0.01,0.1413205650956142
454,Folkestone,1.169456,51.0814,0.01,0.2566378887448631,0.01,0.01,0.01
455,Sheringham,1.2109589,52.944419999999994,0.01,0.13195811287789116,0.01,0.01,0.16684506755494027
456,Harwich,1.260297,51.93473,0.01,0.15699069045644765,0.01,0.01,0.10162425002810863
457,Norwich,1.297355,52.63089,0.01,0.4577526272007568,0.01,0.01,0.4946016526339338
458,Cromer,1.301866,52.93145,0.01,0.18981606163376405,0.01,0.01,0.24539743479077275
459,Cromer,1.301866,52.93145,0.01,0.18981606163376405,0.01,0.01,0.24539743479077275
460,Dover,1.3134027,51.12788,0.01,0.22958257225151124,0.01,0.01,0.01
461,Felixstowe,1.3512549999999999,51.961729999999996,0.01,0.21011232515954686,0.01,0.01,0.1261451893659362
462,Margate,1.3868339,51.38965,0.01,0.2570602000130443,0.01,0.01,0.01
463,Ramsgate,1.4198950000000001,51.33555,0.01,0.25334549670491563,0.01,0.01,0.01
464,Great Yarmouth,1.728047,52.59823000000001,0.01,0.25819174872326717,0.01,0.01,0.20719425271378017
465,Lowestoft,1.7534490000000003,52.48114,0.01,0.27212250676854727,0.01,0.01,0.21659687184794052
466,Swaffham,0.687481,52.64747,0.01,0.14509475577366682,0.01,0.01,0.18634682671508562
467,Dereham,0.9378270000000001,52.681619999999995,0.01,0.34638478603786055,0.01,0.01,0.3386503821141678
468,Ely,0.262363,52.39954,0.01,0.2217009131118566,0.01,0.01,0.01
469,March,0.088622,52.551719999999996,0.01,0.16877132894216962,0.01,0.01,0.01
470,St Neots,-0.26510300000000003,52.23008,0.0612801368716259,0.20125904631848318,0.01,0.01,0.01
471,Banham,1.0402849,52.45125,0.01,0.21471123571689493,0.01,0.01,0.2011730307190412
472,Holt,1.086747,52.90936,0.01,0.18974884011258786,0.01,0.01,0.21228210868685818
473,Hunstanton,0.49103199999999997,52.93891,0.01,0.11232574722216296,0.01,0.01,0.1734466642061306
474,Horncastle,-0.11245,53.20731,0.01,0.1539491892907817,0.1666440572184816,0.01,0.05129871707196252
475,Market Weighton,-0.6677465,53.86484,0.01,0.14912888836831903,0.029179883672939565,0.01,0.04491280620359902
476,Hawes,-2.1968695,54.303830000000005,0.02558276789394223,0.01,0.01,0.01,0.01
477,Reeth,-1.9428115000000001,54.38946,0.024797128758626025,0.18144918181406677,0.01,0.01,0.01
478,Aysgarth,-1.9967433999999997,54.29159,0.01,0.08333429521115322,0.01,0.01,0.01
479,Stanhope,-2.011302,54.74946,0.11711255347117754,0.2617473956448461,0.01,0.01,0.01
480,Keswick,-3.134706,54.60128,0.09444088584776018,0.15068411848812138,0.01,0.5382859000097964,0.2533746606015703
481,Oxenholme,-2.7243327999999996,54.30134,0.051066752494790806,0.11067337889818504,0.01,0.01,0.01
