,placename,shiver,sliver,speel,spelk,spell,spile,spill,splint,splinter,spool,longitude,latitude
0,Dingle,0.01,0.375000003375,0.01,0.01,0.01,0.01,0.01,0.8611111036481479,0.8888889000000001,0.01,-10.2640135,52.14094
1,Tralee,0.01,0.421875000421875,0.01,0.01,0.01,0.01,0.01,0.6458333303194445,0.90625,0.01,-9.6999325,52.27131
2,Killarney,0.01,0.375000003375,0.01,0.01,0.01,0.01,0.01,0.8611111036481479,0.8888889000000001,0.01,-9.5044265,52.05994000000001
3,Bantry,0.01,0.3970588278970588,0.01,0.01,0.01,0.01,0.01,0.9117647004117648,0.8823529,0.01,-9.4539805,51.68035
4,Mayo,0.01,0.7714285702714286,0.01,0.01,0.01,0.01,0.01,0.2952380982888889,0.9142857,0.01,-9.4289369,54.01526
5,Ballycastle,0.01,0.7714285702714286,0.01,0.01,0.01,0.01,0.01,0.5904761862444444,0.8857143,0.01,-9.3724643,54.27967
6,Abbeyfeale,0.01,0.4354838779354839,0.01,0.01,0.01,0.01,0.01,1.0,0.8709677,0.01,-9.2970823,52.38618
7,Ennistymon,0.01,0.01,0.01,0.01,0.01,0.01,0.01,0.5904761862444444,0.9428571,0.01,-9.2934951,52.94037
8,Galway,0.01,0.01,0.01,0.01,0.01,0.01,0.01,0.2952380982888889,0.9714286,0.01,-9.0567905,53.27067
9,Claremorris,0.01,0.7714285702714286,0.01,0.01,0.01,0.01,0.01,0.2952380982888889,0.9142857,0.01,-9.0017356,53.72388
10,Clare,0.01,0.01,0.01,0.01,0.01,0.01,0.01,0.5904761862444444,0.9428571,0.01,-8.9811351,52.90453
11,Adare,0.01,0.44999999595,0.01,0.01,0.01,0.46666666479999996,0.01,0.34444443939259256,0.9,0.01,-8.7925892,52.56363
12,Charleville,0.01,0.01,0.01,0.01,0.01,0.01,0.01,0.8857142845333332,0.9142857,0.01,-8.681017599999999,52.36206
13,Mallow,0.01,0.01,0.01,0.01,0.01,0.01,0.01,0.9117647004117648,0.9117647,0.01,-8.6539164,52.13898
14,Limerick,0.01,0.44999999595,0.01,0.01,0.01,0.46666666479999996,0.01,0.34444443939259256,0.9,0.01,-8.6267343,52.66384
15,Loughrea,0.01,0.01,0.01,0.01,0.01,0.01,0.01,0.9117647004117648,0.9117647,0.01,-8.5660931,53.19891
16,Sligo,0.01,0.9310344804310344,0.01,0.01,0.01,0.01,0.01,0.3563218413371647,0.8965517,0.01,-8.476088800000001,54.27661
17,Cork,0.01,0.01,0.01,0.01,0.01,0.01,0.01,0.9393939359494948,0.9090909,0.01,-8.4756035,51.89851
18,Nenagh,0.01,0.9310344804310344,0.01,0.01,0.01,0.4827586288965518,0.01,0.3563218413371647,0.8620690000000001,0.01,-8.19834,52.8635
19,Roscommon,0.2421652426682008,0.5,0.01,0.01,0.01,0.01,0.01,0.7654320944279835,0.8148148000000001,1.0,-8.1890955,53.62759000000001
20,Tipperary,0.01,0.44999999595,0.01,0.01,0.01,0.46666666479999996,0.01,0.34444443939259256,0.9,0.01,-8.161851400000002,52.47379
21,Donegal,0.01,0.4655172469655173,0.01,0.01,0.01,0.4827586288965518,0.01,0.01,0.9310345,0.01,-8.1096143,54.653830000000006
22,Leitrim,0.21794871643984226,0.9000000053999999,0.01,0.01,0.01,0.01,0.01,0.34444443939259256,0.8333333,0.8999999918999999,-8.0020132,54.12469
23,Athlone,0.2421652426682008,1.0,0.01,0.01,0.01,0.01,0.01,0.7654320944279835,0.7777778000000001,1.0,-7.9406898,53.42393000000001
24,Longford,0.2335164861031277,0.4821428614821428,0.01,0.01,0.01,0.01,0.01,0.7380952302222221,0.8214286,0.9642857229642856,-7.7932573,53.72763000000001
25,Offaly,0.01,0.5,0.01,0.01,0.01,0.01,0.01,0.3827160472139918,0.9259259,0.01,-7.7122229,53.23569000000001
26,Fermanagh,0.01,0.01,0.01,0.01,0.01,0.01,0.01,0.3690476202777777,0.9642857,0.01,-7.6318728,54.34383
27,Enniskillen,0.01,0.01,0.01,0.01,0.01,0.01,0.01,0.3690476202777777,0.9642857,0.01,-7.631533599999999,54.34382
28,Doon,0.2254641941552745,0.01,0.01,0.01,0.01,0.01,0.01,0.3563218413371647,0.8965517,0.9310344939310344,-7.60964,54.185930000000006
29,Westmeath,0.2335164861031277,0.01,0.01,0.01,0.01,0.01,0.01,0.3690476202777777,0.8928571,0.9642857229642856,-7.4653217,53.53453
30,Strabane,0.01,0.4821428614821428,0.01,0.01,0.01,0.500000007,0.01,0.7380952302222221,0.8571429,0.01,-7.4633103,54.82739
31,Cavan,0.2254641941552745,0.01,0.01,0.01,0.01,0.01,0.01,0.3563218413371647,0.8965517,0.9310344939310344,-7.3633319,53.98972
32,Mullingar,0.2335164861031277,0.01,0.01,0.01,0.01,0.01,0.01,0.3690476202777777,0.8928571,0.9642857229642856,-7.3401868000000015,53.52582
33,Laois,0.01,0.4821428614821428,0.01,0.01,0.09509466509701282,0.01,0.01,0.01,0.9285714,0.01,-7.3323006999999985,52.99429
34,Omagh,0.01,0.01,0.01,0.01,0.01,0.4827586288965518,0.01,0.01,0.9655172,0.01,-7.309959700000001,54.59771
35,Derry,0.01,0.9310344804310344,0.01,0.01,0.01,0.01,0.01,0.7126436723409961,0.8620690000000001,0.01,-7.308574799999999,54.99661
36,Derry,0.01,0.9310344804310344,0.01,0.01,0.01,0.01,0.01,0.7126436723409961,0.8620690000000001,0.01,-7.308574799999999,54.99661
37,Kilkenny,0.01,0.9642857094642856,0.01,0.01,0.09509466509701282,1.0,0.01,0.01,0.8214286,0.01,-7.2447879,52.65415
38,Tyrone,0.01,0.01,0.01,0.01,0.01,0.01,0.01,0.3690476202777777,0.9642857,0.01,-7.131232000000002,54.49121
39,Waterford,0.01,0.4821428614821428,0.01,0.01,0.09509466509701282,1.0,0.01,0.01,0.8571429,0.01,-7.110070200000001,52.25932
40,Monaghan,0.01,0.01,0.01,0.01,0.01,0.500000007,0.01,0.01,0.9642857,0.01,-6.9683132,54.2492
41,Carlow,0.01,0.4821428614821428,0.01,0.01,0.09509466509701282,0.500000007,0.01,0.01,0.8928571,0.01,-6.9341358999999985,52.83651
42,Kildare,0.2335164861031277,0.01,0.7559523948115079,0.01,0.01,0.01,0.01,0.01,0.9285714,0.01,-6.8194708,53.21204
43,Dungannon,0.01,0.01,0.01,0.01,0.01,0.01,0.01,0.3690476202777777,0.9642857,0.01,-6.7669352,54.50827
44,Cookstown,0.01,0.01,0.01,0.01,0.01,0.01,0.01,0.3690476202777777,0.9642857,0.01,-6.7443895000000005,54.64182
45,Coleraine,0.01,0.01,0.01,0.01,0.01,0.01,0.01,0.6888888891185184,0.9333333,0.01,-6.6646103000000005,55.13258
46,Meath,0.01,0.44999999595,0.7055555557907407,0.01,0.01,0.01,0.01,0.34444443939259256,0.9,0.01,-6.656416900000001,53.60555
47,Armagh,0.01,0.01,0.01,0.01,0.01,0.5185185211111112,0.01,0.3827160472139918,0.9259259,0.01,-6.652792,54.35028000000001
48,Armagh,0.01,0.01,0.01,0.01,0.01,0.5185185211111112,0.01,0.3827160472139918,0.9259259,0.01,-6.652792,54.35028000000001
49,Magherafelt,0.01,0.01,0.01,0.01,0.01,0.01,0.01,0.3690476202777777,0.9642857,0.01,-6.607980499999999,54.75536999999999
50,Louth,0.2254641941552745,0.01,0.7298850730421458,0.01,0.01,0.01,0.01,0.7126436723409961,0.8620690000000001,0.01,-6.4889423,53.925230000000006
51,Wexford,0.01,0.01,0.01,0.01,0.09509466509701282,0.500000007,0.01,0.3690476202777777,0.8928571,0.01,-6.4633381,52.33692
52,Craigavon,0.01,0.5,0.01,0.01,0.01,0.01,0.01,0.01,0.962963,0.01,-6.4175653,54.44293
53,Drogheda,0.21794871643984226,0.01,0.7055555557907407,0.01,0.01,0.01,0.01,0.6888888891185184,0.8666666999999999,0.01,-6.3560985,53.71786
54,Rosslare,0.01,0.01,0.01,0.01,0.09509466509701282,0.500000007,0.01,0.3690476202777777,0.8928571,0.01,-6.3414908,52.25131
55,Newry,0.01,0.5,0.01,0.01,0.01,0.5185185211111112,0.01,0.3827160472139918,0.8888889000000001,0.01,-6.34023,54.1751
56,Ballymena,0.2335164861031277,0.01,0.01,0.042047853957484144,0.01,0.01,0.01,0.7380952302222221,0.8571429,0.01,-6.2802213,54.86529
57,Banbridge,0.01,1.0,0.01,0.01,0.01,0.01,0.01,0.01,0.9259259,0.01,-6.2704803,54.34873
58,Dublin,0.01,0.25000000675,0.01,0.01,0.01,0.01,0.01,0.19135802877366254,0.9259259,1.0,-6.2603097000000005,53.34981
59,Antrim,0.01,0.01,0.01,0.01,0.01,0.01,0.01,0.3690476202777777,0.9642857,0.01,-6.2072498,54.719530000000006
60,Antrim,0.01,0.01,0.01,0.01,0.01,0.01,0.01,0.3690476202777777,0.9642857,0.01,-6.2072498,54.719530000000006
61,Wicklow,0.01,0.01,0.01,0.01,0.01,0.01,0.01,0.3690476202777777,0.9285714,0.9642857229642856,-6.044589,52.98082
62,Kilkeel,0.01,0.01,0.01,0.01,0.01,0.01,0.01,0.01,1.0,0.01,-6.007004,54.06312
63,Belfast,0.01,0.01,0.01,0.01,0.01,0.500000007,0.01,0.01,0.9642857,0.01,-5.93012,54.59728000000001
64,Down,0.01,0.01,0.7839506246008231,0.01,0.01,0.01,0.01,0.01,0.962963,0.01,-5.7156922,54.32875
65,Balivanich,0.052729527854552385,0.27217741527217737,0.01,0.08545208942718334,0.010736494188761068,0.01,0.01,0.1666666632222222,0.8790323,0.01,-7.3743509,57.47227
66,Western Isles,0.027357577007254084,0.22594142722594146,0.08856345091515565,0.06896551740377102,0.011140796381381149,0.01,0.01,0.21617851965783355,0.8870293,0.11297070011297068,-7.0194034,57.75989000000001
67,Dunvegan,0.052517766700054674,0.21686746971686746,0.08500668887840246,0.07565236300918825,0.010693375224921751,0.01,0.01,0.20749664936501566,0.8835341,0.01,-6.5813982000000015,57.4366
68,Stornoway,0.027588443546425985,0.2848101212848101,0.1786216706790906,0.05961214644387103,0.022469626485583632,0.01,0.01,0.17440224818612285,0.8860759,0.11392404311392405,-6.384869200000002,58.20943000000001
69,Scilly Isles,0.01,0.20454545270454547,0.08017677299515999,0.01,0.010085798297437836,0.10606061263636367,0.01,0.03914141615067339,0.9545455,0.20454546620454547,-6.327496599999999,49.92773
70,Portree,0.027357577007254084,0.2824267772824268,0.01,0.06896551740377102,0.011140796381381149,0.01,0.01,0.21617851965783355,0.8870293,0.11297070011297068,-6.1960231,57.41246999999999
71,Islay,0.026907247005868454,0.4444444489444445,0.01,0.06298526175889271,0.02191482063036916,0.05761316434567899,0.01,0.21262002967443985,0.8765431999999999,0.01,-6.177067,55.73625
72,Mull,0.027357577007254084,0.4518828409518828,0.1771269229969782,0.07389162528518041,0.022281595425412897,0.01,0.01,0.30264992958763365,0.8535565,0.01,-6.0008870000000005,56.4392
73,Broadford,0.025741975463821464,0.265748026765748,0.01,0.06952794680274424,0.020965753437952542,0.01,0.01,0.2034120687174103,0.8858268,0.1062992161062992,-5.9096592,57.24139
74,Kyle of Lochalsh,0.027357577007254084,0.2824267772824268,0.08856345091515565,0.06896551740377102,0.011140796381381149,0.01,0.01,0.21617851965783355,0.8828451999999999,0.11297070011297068,-5.7143293,57.28261
75,Campbeltown,0.01,0.5062500005062499,0.01,0.05886699506954185,0.022188754124242756,0.05833333835000003,0.01,0.30138889092685184,0.8708333,0.01,-5.6053739999999985,55.42412
76,Penzance,0.01,0.20454545270454547,0.08017677299515999,0.01,0.010085798297437836,0.10606061263636367,0.01,0.03914141615067339,0.9545455,0.20454546620454547,-5.537592,50.1188
77,Oban,0.02724359200690336,0.44999999595,0.17638888365601846,0.06867816052201886,0.022188754124242756,0.01,0.01,0.30138889092685184,0.8583333000000001,0.01,-5.471047,56.41516
78,Lochgilphead,0.027130548545017074,0.4481327839481327,0.17565698264845547,0.07327841721626023,0.02209668499174702,0.05809129234854775,0.01,0.3430152153992623,0.8464729999999999,0.01,-5.4323449,56.03829
79,Helston,0.01,0.2007434882007435,0.07868649147976042,0.01,0.01,0.10408921662453532,0.01,0.038413877154068576,0.9553903,0.2007434882007435,-5.274996,50.10159
80,Redruth,0.01,0.20149253570149253,0.07898009431612764,0.01,0.01,0.10447761862686572,0.01,0.038557210820066336,0.9552239,0.20149254920149254,-5.226666000000002,50.23302
81,Ullapool,0.027357577007254084,0.2824267772824268,0.1771269229969782,0.03448275870188551,0.011140796381381149,0.01,0.01,0.08647140992980007,0.9205021,0.11297070011297068,-5.161313,57.89542
82,Ballachulish,0.02701843354467211,0.2789256197789256,0.26239669237809915,0.08270569568847001,0.02200537737732329,0.01,0.01,0.2988980719384756,0.8553719000000001,0.01,-5.1337199999999985,56.67393000000001
83,Fort William,0.05209929208338245,0.26892430676892426,0.2529880454475432,0.06566836052716736,0.021216338148702333,0.01,0.01,0.16467463423151835,0.8764940000000001,0.10756972810756972,-5.1052179,56.81981999999999
84,Achnasheen,0.027823239700994592,0.2297872397297872,0.2702127592921985,0.0450896128439589,0.011330427694563334,0.01,0.01,0.17588652817919614,0.9021277,0.1148936131148936,-5.078765799999998,57.57859000000001
85,Newquay,0.01,0.20454545270454547,0.08017677299515999,0.01,0.010085798297437836,0.10606061263636367,0.01,0.03914141615067339,0.9583333,0.10227273310227274,-5.0737190000000005,50.4155
86,Falmouth,0.01,0.20149253570149253,0.07898009431612764,0.01,0.01,0.10447761862686572,0.01,0.038557210820066336,0.9552239,0.20149254920149254,-5.0662699999999985,50.15257
87,Rothesay,0.027130548545017074,0.5041493735041493,0.01,0.07327841721626023,0.02209668499174702,0.05809129234854775,0.01,0.25726141413278003,0.8589211999999999,0.01,-5.055793,55.83596
88,Truro,0.01,0.2007434882007435,0.07868649147976042,0.01,0.01,0.10408921662453532,0.01,0.038413877154068576,0.9553903,0.2007434882007435,-5.0510410000000014,50.2632
89,Milford Haven,0.027942141624437363,0.17307692567307692,0.09045583560137696,0.010062734733246596,0.011378847995750068,0.1794871830769231,0.01,0.044159541127255474,0.9444444,0.1153846081153846,-5.0426971,51.71431
90,Stranraer,0.02880379316555013,0.2378854577378855,0.01,0.03630563524854885,0.09383790732639788,0.06167400437004403,0.01,0.09104258724180124,0.8986784,0.01,-5.0240550000000015,54.90337
91,Fishguard,0.028062063547883275,0.17381973617381974,0.09084405343872187,0.010105921915509412,0.011427683670430623,0.2403433494420601,0.01,0.044349064793037685,0.944206,0.01,-4.975989,51.99393
92,Inchnadamph,0.02701843354467211,0.2789256197789256,0.17493113530762172,0.03405528659846882,0.02200537737732329,0.01,0.01,0.08539945060146922,0.9173554,0.11157023711157024,-4.974295,58.15221
93,Haverfordwest,0.028062063547883275,0.17381973617381974,0.09084405343872187,0.010105921915509412,0.011427683670430623,0.18025750508154506,0.01,0.044349064793037685,0.944206,0.1158798151158798,-4.971319,51.80048
94,Dunoon,0.027357577007254084,0.39539749089539744,0.1771269229969782,0.07389162528518041,0.022281595425412897,0.01,0.01,0.30264992958763365,0.8577405999999999,0.01,-4.926214,55.95097
95,Pembroke,0.027588443546425985,0.17088607817088608,0.08931082475621188,0.01,0.011234811911466516,0.17721519306329114,0.01,0.04360055946319739,0.9451477,0.11392404311392405,-4.9086370000000015,51.67404000000001
96,Girvan,0.01,0.4556961994556962,0.01,0.07948286310250127,0.04493925030851666,0.1181434667088608,0.01,0.3052039369090483,0.8438819,0.01,-4.8542179,55.24016
97,Wadebridge,0.01,0.10227273310227274,0.08017677299515999,0.01,0.010085798297437836,0.10606061263636367,0.01,0.03914141615067339,0.9659091,0.10227273310227274,-4.836456,50.51665
98,Invergarry,0.027357577007254084,0.22594142722594146,0.1771269229969782,0.05418719258220291,0.011140796381381149,0.01,0.01,0.17294281985960014,0.8995815999999999,0.11297070011297068,-4.800261,57.07095
99,St Austell,0.01,0.20454545270454547,0.08017677299515999,0.01,0.010085798297437836,0.10606061263636367,0.01,0.03914141615067339,0.9583333,0.10227273310227274,-4.7834252,50.34038
100,Greenock,0.027357577007254084,0.39539749089539744,0.1771269229969782,0.06896551740377102,0.022281595425412897,0.01,0.01,0.345885629385867,0.8577405999999999,0.01,-4.7719830000000005,55.956480000000006
101,Helensburgh,0.02724359200690336,0.39375000489375,0.17638888365601846,0.06867816052201886,0.022188754124242756,0.01,0.01,0.4305555569907407,0.85,0.01,-4.734014,56.00232
102,Bodmin,0.01,0.15697674465697672,0.0820413446810939,0.01,0.010320351188916495,0.10852713265116283,0.01,0.04005167947975883,0.9612403,0.10465116310465117,-4.7188629,50.4715
103,Tenby,0.027588443546425985,0.17088607817088608,0.08931082475621188,0.01,0.011234811911466516,0.17721519306329114,0.01,0.04360055946319739,0.9451477,0.11392404311392405,-4.703579,51.67274000000001
104,Camelford,0.01,0.1516853926516854,0.01,0.01,0.01994494911303261,0.05243445231460672,0.01,0.038701619152725776,0.9700375,0.01,-4.682364,50.62206
105,Irvine,0.02770534470063183,0.5148305060148304,0.01,0.0648534694237793,0.03384725232470765,0.11864406471186438,0.01,0.3064971742363465,0.8516949,0.01,-4.6696364,55.61156999999999
106,Cardigan,0.027942141624437363,0.1153846216153846,0.09045583560137696,0.010062734733246596,0.011378847995750068,0.23931623943589744,0.01,0.044159541127255474,0.9487179,0.01,-4.660864,52.0837
107,Holyhead,0.01,0.059210527559210524,0.01,0.010327543201207323,0.01,0.01,0.01,0.13596491436549704,0.9736842,0.01,-4.633038,53.30944
108,Ayr,0.01,0.4556961994556962,0.01,0.06457982619719853,0.04493925030851666,0.1181434667088608,0.01,0.3488044963722457,0.8523207,0.01,-4.629179,55.45856
109,Dumbarton,0.02724359200690336,0.3375000003375,0.17638888365601846,0.06867816052201886,0.022188754124242756,0.01,0.01,0.38749999819166653,0.8583333000000001,0.01,-4.564554,55.94529
110,Bude,0.01,0.0531496080531496,0.01,0.01,0.01,0.055118112330708666,0.01,0.04068241581014872,0.980315,0.1062992161062992,-4.543678,50.82664000000001
111,Isle of Man,0.028428093164394132,0.05869565105869565,0.09202898461763284,0.025594345170522583,0.3009952846827608,0.01,0.01,0.0449275351236715,0.8478261,0.01,-4.5126331,54.27697
112,Kilmarnock,0.01,0.4576271179576271,0.01,0.0648534694237793,0.03384725232470765,0.11864406471186438,0.01,0.3940677924943502,0.8516949,0.01,-4.498792,55.61472
113,Newton Stewart,0.027472529699915475,0.11344537361344535,0.08893558208566768,0.06925528783232104,0.41394148038756395,0.17647058905882354,0.01,0.08683472992810458,0.7478991999999999,0.01,-4.483164,54.9603
114,Liskeard,0.01,0.15697674465697672,0.0820413446810939,0.01,0.010320351188916495,0.054263566325581415,0.01,0.04005167947975883,0.9689922,0.01,-4.4647190000000005,50.45552
115,Altnaharra,0.02701843354467211,0.2789256197789256,0.17493113530762172,0.03405528659846882,0.02200537737732329,0.01,0.01,0.08539945060146922,0.9173554,0.11157023711157024,-4.442655,58.28023
116,Pwllheli,0.01,0.05869565105869565,0.01,0.010237738068209034,0.01,0.01,0.01,0.1347826053710145,0.973913,0.01,-4.417633900000001,52.88882
117,Lairg,0.02701843354467211,0.2789256197789256,0.17493113530762172,0.03405528659846882,0.02200537737732329,0.01,0.01,0.08539945060146922,0.9173554,0.11157023711157024,-4.402414,58.02206
118,Launceston,0.01,0.10344827260344827,0.08109834850468292,0.01,0.010201727441972848,0.05363985232183912,0.01,0.0791826279638144,0.9693487,0.01,-4.360451599999998,50.63683
119,Carmarthen,0.028552232395545336,0.11790392411790393,0.09243085495511884,0.010282444018944648,0.011627294598066914,0.2445414874672489,0.01,0.04512372378942262,0.9475983,0.01,-4.312131,51.85762
120,Llangefni,0.01,0.059734516559734524,0.01,0.010418937743072492,0.011781640465479146,0.01,0.01,0.1371681380265487,0.9690265,0.01,-4.311401999999998,53.25578
121,Caernarfon,0.028305026240938544,0.05844155405844155,0.01,0.010193419462300976,0.01,0.01,0.01,0.1341991337070707,0.969697,0.01,-4.273911,53.13955
122,Cumnock,0.01,0.5192307635192307,0.01,0.050313671311553176,0.04551539464565088,0.11965812671794875,0.01,0.35327634968471033,0.8589744,0.01,-4.265828900000002,55.45355
123,Aberaeron,0.02770534470063183,0.11440677611440675,0.08968926359345572,0.01,0.011282417441569216,0.2372881434237289,0.01,0.04378530912900189,0.9491525,0.01,-4.2581619,52.24279
124,Alness,0.027130548545017074,0.280082988280083,0.17565698264845547,0.02931136735744005,0.01104834382719881,0.01,0.01,0.08575380126648224,0.9253112,0.11203320611203317,-4.256825,57.69595
125,Glasgow,0.027472529699915475,0.3970588278970588,0.2668067250903361,0.04452125671592208,0.03356282266216328,0.0588235343529412,0.01,0.39075630017647056,0.8613445,0.01,-4.251806,55.86424
126,Dalwhinnie,0.05471516055296973,0.22594142722594146,0.1771269229969782,0.039408866583294906,0.011140796381381149,0.01,0.01,0.21617851965783355,0.9037657,0.11297070011297068,-4.242783,56.9366
127,Inverness,0.027357577007254084,0.2824267772824268,0.1771269229969782,0.029556650820476107,0.011140796381381149,0.01,0.01,0.08647140992980007,0.9246862,0.11297070011297068,-4.224721,57.47776999999999
128,Saltash,0.01,0.21686746971686746,0.08500668887840246,0.01,0.010693375224921751,0.11244980667469884,0.01,0.08299866594600623,0.9558233,0.01,-4.21643,50.40921
129,Bideford,0.01,0.16735536916735536,0.01,0.01,0.011002687357336343,0.1157024826942149,0.01,0.04269972013406797,0.9669421,0.11157023711157024,-4.206666,51.01668
130,Invergordon,0.02724359200690336,0.28124999578125,0.17638888365601846,0.029433497534770925,0.011094378393446677,0.01,0.01,0.08611110726481483,0.925,0.11250000911250001,-4.172882,57.68811
131,Llanelli,0.028305026240938544,0.17532467567532467,0.09163058561351604,0.010193419462300976,0.011526625104128607,0.3030303098181819,0.01,0.01,0.9437229,0.01,-4.160248,51.68089000000001
132,Plymouth,0.01,0.21951220071951225,0.08604336872244815,0.01,0.010823783863427262,0.05691057434146345,0.01,0.08401083660794942,0.9593496,0.01,-4.1426565,50.37546
133,Tavistock,0.01,0.21862348221862346,0.0856950077188484,0.01,0.010779961959829169,0.11336032468016195,0.01,0.08367071494286997,0.9554656,0.01,-4.141654,50.55112
134,Porthmadog,0.01,0.05869565105869565,0.01,0.010237738068209034,0.01,0.01,0.01,0.1347826053710145,0.973913,0.01,-4.133384,52.92784
135,Bangor,0.01,0.059734516559734524,0.01,0.010418937743072492,0.011781640465479146,0.01,0.01,0.1371681380265487,0.9690265,0.01,-4.129263,53.22739
136,Tywyn,0.026471504312220014,0.054655870554655865,0.0856950077188484,0.01,0.01,0.1700404870202429,0.01,0.08367071494286997,0.9676113000000002,0.01,-4.087249,52.58701
137,Aberystwyth,0.02625888008079656,0.05421686405421687,0.1700133989234718,0.01,0.01,0.281124495686747,0.01,0.08299866594600623,0.9437751,0.10843372810843374,-4.08292,52.4153
138,Lampeter,0.028062063547883275,0.1158798286158798,0.09084405343872187,0.010105921915509412,0.011427683670430623,0.2403433494420601,0.01,0.01,0.9527897,0.01,-4.078509,52.1129
139,Barnstaple,0.01,0.16804979566804978,0.01,0.01,0.01104834382719881,0.11618257069709542,0.01,0.04287690579990777,0.966805,0.11203320611203317,-4.058338,51.07816
140,Tain,0.02724359200690336,0.28124999578125,0.17638888365601846,0.029433497534770925,0.011094378393446677,0.01,0.01,0.08611110726481483,0.925,0.11250000911250001,-4.05523,57.8115
141,Okehampton,0.01,0.2710843337710843,0.01,0.01,0.010693375224921751,0.11244980667469884,0.01,0.041499327806336465,0.9558233,0.2168674832168675,-4.004263,50.73831
142,Llandeilo,0.028931247396711532,0.11946903311946905,0.09365782313446418,0.01,0.011781640465479146,0.3097345178584071,0.01,0.01,0.9513274,0.01,-3.99143,51.88469
143,Motherwell,0.05944055902904787,0.2454545432454545,0.3848484849767677,0.05351544952806536,0.02420591431626044,0.06363637038181823,0.01,0.42272727169393937,0.8545455,0.01,-3.9810968,55.78321
144,Golspie,0.027130548545017074,0.280082988280083,0.17565698264845547,0.02931136735744005,0.02209668499174702,0.01,0.01,0.08575380126648224,0.9211618,0.11203320611203317,-3.976086,57.97341
145,Airdrie,0.08997882950762719,0.18577981818577985,0.4854740150165648,0.04320513434163508,0.02442798736437026,0.0642201843853211,0.01,0.42660550600917424,0.8577982,0.01,-3.962566,55.86626999999999
146,Swansea,0.028428093164394132,0.1173913021173913,0.09202898461763284,0.01,0.011576741513748445,0.18260869309565214,0.01,0.01,0.9608696,0.01,-3.943646,51.62144
147,Stirling,0.08756868065405747,0.2410714307410714,0.5669642855252975,0.036791871918463656,0.01,0.01,0.01,0.3690476202777777,0.875,0.01,-3.9369029,56.11652
148,Tregaron,0.027823239700994592,0.1148936131148936,0.09007091976406617,0.01,0.011330427694563334,0.23829787942978725,0.01,0.01,0.9531915,0.1148936131148936,-3.934385,52.22
149,Tregaron,0.027823239700994592,0.1148936131148936,0.09007091976406617,0.01,0.011330427694563334,0.23829787942978725,0.01,0.01,0.9531915,0.1148936131148936,-3.934385,52.22
150,Castle Douglas,0.01,0.01,0.16219667584269898,0.1443481871617477,0.561094953392844,0.16091954296551728,0.01,0.0791826279638144,0.6398467,0.01,-3.931414,54.94042
151,Dolgellau,0.026471504312220014,0.01,0.0856950077188484,0.01,0.010779961959829169,0.056680162340080976,0.01,0.08367071494286997,0.9757085,0.01,-3.8844,52.74215
152,Aberfeldy,0.028183025086717006,0.3491379318491379,0.3649425259377394,0.02537370460896253,0.011476942706556805,0.01,0.01,0.17816091550191568,0.9051724,0.11637931511637932,-3.866969,56.62175
153,Machynlleth,0.024038464304733737,0.0992647035992647,0.15563725277491827,0.01,0.01,0.2058823492352941,0.01,0.07598038997875818,0.9522059000000002,0.09926471709926472,-3.853485,52.59027
154,Brora,0.027130548545017074,0.2240663852240664,0.17565698264845547,0.02931136735744005,0.02209668499174702,0.01,0.01,0.08575380126648224,0.9253112,0.11203320611203317,-3.852548000000001,58.01216
155,Llandudno,0.01,0.01,0.01,0.010465243698734096,0.011834001489555976,0.01,0.01,0.1377777736903704,0.9733333,0.01,-3.827609,53.32406
156,Llandudno,0.01,0.01,0.01,0.010465243698734096,0.011834001489555976,0.01,0.01,0.1377777736903704,0.9733333,0.01,-3.827609,53.32406
157,Aviemore,0.02679697585168301,0.2766393407766393,0.17349726295947174,0.028950981258944505,0.010912503381466414,0.01,0.01,0.12704918007377047,0.9221311,0.11065574711065576,-3.823812,57.19449
158,Dalbeattie,0.01,0.01,0.1640826893621878,0.14602665472812612,0.5676193153904072,0.1627906989767442,0.01,0.08010335895951766,0.6356589,0.01,-3.822527,54.93422
159,Falkirk,0.05890505902740019,0.24324324324324326,0.5720720774114115,0.05303332883844581,0.01,0.01,0.01,0.2792792776966967,0.8738739,0.01,-3.7839131,56.00188000000001
160,Kingsbridge,0.01,0.11790392411790393,0.09243085495511884,0.01,0.011627294598066914,0.061135368366812215,0.01,0.09024744757884524,0.9563319,0.23580784823580786,-3.777493,50.28395
161,Pitlochry,0.027942141624437363,0.34615385134615384,0.3618233635721748,0.025156835067106642,0.011378847995750068,0.01,0.01,0.17663817484235514,0.9059829,0.1153846081153846,-3.729711,56.70436
162,Colwyn Bay,0.01,0.01,0.01,0.015094101511199944,0.022757698654150737,0.01,0.01,0.17663817484235514,0.9615385,0.01,-3.72764,53.29318000000001
163,Totnes,0.01,0.1148936131148936,0.01,0.01,0.03399128308369,0.059574466357446815,0.01,0.01,0.9574468,0.3446808393446808,-3.685797,50.43374
164,Grantown-on-Spey,0.02724359200690336,0.28124999578125,0.17638888365601846,0.029433497534770925,0.011094378393446677,0.01,0.01,0.12916666606388888,0.9208333,0.11250000911250001,-3.609628,57.33041
165,Dumfries,0.02554086546320267,0.01,0.08268229252105036,0.17476139161270235,0.5408509034124532,0.16406250098437505,0.01,0.08072916628993056,0.6210938,0.01,-3.60512,55.07086
166,Whitehaven,0.01,0.01,0.24804687756315105,0.0643857758573114,0.4992469877653414,0.10937500065625,0.01,0.04036458314496528,0.734375,0.01,-3.589233,54.5497
167,Dartmouth,0.01,0.1158798286158798,0.01,0.01,0.03428305367394248,0.060085830360514986,0.01,0.01,0.9570815,0.3476394723476395,-3.578807,50.35252
168,Bridgend,0.01,0.06081081756081081,0.01,0.01,0.01,0.1891891971351352,0.5135135597297288,0.04654655144944942,0.972973,0.01,-3.576945,51.50429000000001
169,Paignton,0.01,0.1639676116639676,0.01,0.01,0.03233988587948751,0.056680162340080976,0.01,0.01,0.951417,0.4372469644372469,-3.564235,50.43508
170,Workington,0.01,0.01,0.16798942106922402,0.11679959314900495,0.5600019113571078,0.11111111266666668,0.01,0.041005291141975306,0.6706349,0.01,-3.542752,54.64357
171,Llanidloes,0.023604552380321702,0.09747292959747292,0.1528279280792219,0.01,0.01,0.05054151230324908,0.01,0.111913357811071,0.9530686,0.09747291609747293,-3.540195,52.44779000000001
172,Exeter,0.01,0.3360995913360996,0.01,0.01,0.03314502881894583,0.17427386304564318,0.01,0.01,0.9377593,0.2240663852240664,-3.533899,50.71841
173,Torquay,0.01,0.21951220071951225,0.01,0.01,0.032471348927631184,0.05691057434146345,0.01,0.01,0.9471545,0.4390244014390245,-3.525315,50.46192
174,Thurso,0.027588443546425985,0.17088607817088608,0.1786216706790906,0.029806073810605464,0.011234811911466516,0.01,0.01,0.13080168872292544,0.92827,0.11392404311392405,-3.5220800000000003,58.59356999999999
175,Livingston,0.02958579970641785,0.4886877829886878,0.19155355164605334,0.04794596895212222,0.01,0.01,0.01,0.18702866179386626,0.8823529,0.2443438982443439,-3.518068,55.90071
176,Rhyl,0.01,0.01,0.01,0.010062734733246596,0.022757698654150737,0.01,0.01,0.17663817484235514,0.965812,0.01,-3.4916339999999995,53.31914
177,Tiverton,0.01,0.26892430676892426,0.08432935553807001,0.01,0.010608170405676465,0.22310757133864545,0.01,0.01,0.9521912,0.10756972810756972,-3.491207,50.90205
178,Tiverton,0.01,0.26892430676892426,0.08432935553807001,0.01,0.010608170405676465,0.22310757133864545,0.01,0.01,0.9521912,0.10756972810756972,-3.491207,50.90205
179,Minehead,0.01,0.058951962058951965,0.09243085495511884,0.01,0.01,0.061135368366812215,0.01,0.01,0.9868996,0.01,-3.481152,51.20428
180,Dunfermline,0.029720282783754718,0.4295454574295454,0.2886363743159092,0.032109269716839216,0.01,0.01,0.5181818596363628,0.14090909400909088,0.8954545,0.2454545432454545,-3.452151,56.07174000000001
181,Perth,0.028183025086717006,0.4073275894073276,0.2737068891616378,0.02537370460896253,0.011476942706556805,0.01,0.01,0.13362068404310345,0.9094828,0.11637931511637932,-3.4308381000000003,56.39499
182,Prestatyn,0.01,0.057203388057203375,0.01,0.01,0.022564834883138436,0.01,0.01,0.17514124684934085,0.9661017,0.01,-3.407613,53.33651
183,Builth Wells,0.01,0.01,0.08432935553807001,0.01,0.010608170405676465,0.05577689633466138,0.01,0.08233731194909254,0.9760956,0.10756972810756972,-3.404592,52.15002
184,Braemar,0.01,0.3319672143319672,0.17349726295947174,0.019300654565076302,0.010912503381466414,0.01,0.01,0.12704918007377047,0.9303279,0.11065574711065576,-3.3979439,57.00646999999999
185,Brecon,0.01,0.11392405661392405,0.01,0.01,0.01,0.23628691941772156,0.01,0.01,0.9704641,0.11392404311392405,-3.391463,51.94895
186,Merthyr Tydfil,0.01,0.01,0.01,0.01,0.01,0.12389381274336288,0.5044247959115039,0.01,0.9867257,0.01,-3.381646,51.74873
187,Llandrindod Wells,0.024306547767097075,0.01,0.07868649147976042,0.01,0.01,0.052044608312267655,0.01,0.07682775430813715,0.9702602,0.10037174410037177,-3.377742,52.2417
188,Corwen,0.052729527854552385,0.054435483054435484,0.08534946188194442,0.01,0.0322094825662832,0.05645161233870968,0.01,0.0833333316111111,0.9556452,0.01,-3.369242,52.98005
189,Cockermouth,0.01,0.01,0.15974843331740046,0.13328376222167854,0.5727210737619957,0.15849057095094346,0.01,0.038993711484696006,0.6490566,0.01,-3.367985,54.66326
190,Lockerbie,0.02448861776765729,0.01,0.07927589848585095,0.2425232002333111,0.4487613377360048,0.15730337094382024,0.01,0.038701619152725776,0.6029963,0.01,-3.349008,55.12224000000001
191,Blairgowrie,0.027942141624437363,0.40384615540384616,0.1809116923694208,0.025156835067106642,0.011378847995750068,0.01,0.01,0.13247863371509971,0.9145299,0.1153846081153846,-3.3378318,56.58941
192,Elgin,0.027130548545017074,0.2240663852240664,0.17565698264845547,0.02931136735744005,0.01104834382719881,0.01,0.01,0.12863070706639002,0.9253112,0.11203320611203317,-3.318485,57.64945
193,Newtown,0.023519643918521984,0.0971223075971223,0.1522781874068746,0.01,0.01,0.05035970830215825,0.01,0.11151079181294962,0.9532374,0.09712229409712228,-3.313106,52.51211
194,Ruthin,0.08105530717247787,0.05578511855578512,0.01,0.01,0.033008064734659635,0.01,0.01,0.1280991707355372,0.9545455,0.01,-3.3103108,53.11487
195,Ruthin,0.08105530717247787,0.05578511855578512,0.01,0.01,0.033008064734659635,0.01,0.01,0.1280991707355372,0.9545455,0.01,-3.3103108,53.11487
196,Sidmouth,0.01,0.26892430676892426,0.01,0.01,0.0318245085543788,0.11155377866932267,0.01,0.01,0.9482072,0.21513942921513945,-3.23756,50.67865
197,Barrow-in-Furness,0.01,0.0579399075579399,0.6359084375710539,0.01,0.07999379368096618,0.01,0.01,0.044349064793037685,0.9270386,0.01,-3.218894,54.10896999999999
198,Peebles,0.01,0.3616071393616071,0.2834821427626488,0.042047853957484144,0.01,0.12499999474999995,0.5089285938214281,0.18452381013888888,0.8839286,0.2410714172410714,-3.193642,55.65306999999999
199,Edinburgh,0.01,0.4256756824256757,0.1906906924704705,0.021213331535378327,0.01,0.12612612675675675,0.5135135597297288,0.1861861851311311,0.9009009,0.24324324324324326,-3.188267,55.95325
200,Cardiff,0.01,0.11790392411790393,0.01,0.01,0.01,0.061135368366812215,0.4978165580436688,0.04512372378942262,0.9737991,0.11790392411790393,-3.17909,51.48158
201,Llangollen,0.052943008624440034,0.10931174110931173,0.0856950077188484,0.01,0.03233988587948751,0.056680162340080976,0.01,0.12550607241430498,0.9473684,0.01,-3.17166,52.96921
202,Kirkcaldy,0.01,0.4295454574295454,0.19242424248838386,0.02675772535270263,0.01,0.12727272676363635,0.5181818596363628,0.14090909400909088,0.9,0.2454545432454545,-3.158137,56.11682
203,Welshpool,0.023690075457507925,0.09782608959782607,0.15338164808494367,0.01,0.01,0.10144927860869568,0.01,0.11231883780917874,0.9565217,0.01,-3.146407,52.66035
204,Mold,0.056124133634228114,0.0579399075579399,0.01,0.01,0.022855370003511847,0.01,0.01,0.17739627983881734,0.9613734,0.01,-3.141903,53.1672
205,Mold,0.056124133634228114,0.0579399075579399,0.01,0.01,0.022855370003511847,0.01,0.01,0.17739627983881734,0.9613734,0.01,-3.141903,53.1672
206,Taunton,0.02701843354467211,0.05578511855578512,0.08746555707047743,0.01,0.01,0.057851234347107414,0.01,0.01,0.9793388,0.11157023711157024,-3.106849,51.01534
207,Wick,0.02679697585168301,0.1659836071659836,0.17349726295947174,0.028950981258944505,0.021825004100282232,0.01,0.01,0.12704918007377047,0.9262295,0.11065574711065576,-3.093716,58.43894
208,John o' Groats,0.027588443546425985,0.17088607817088608,0.1786216706790906,0.029806073810605464,0.011234811911466516,0.01,0.01,0.13080168872292544,0.92827,0.11392404311392405,-3.0688997,58.63734
209,Dalkeith,0.01,0.4276018084276017,0.19155355164605334,0.02130932005753872,0.01,0.12669683676018104,0.5158371076832579,0.18702866179386626,0.9004525,0.2443438982443439,-3.066606,55.89312
210,Oswestry,0.04861309553419415,0.10037174410037177,0.07868649147976042,0.01,0.029694987169631988,0.10408921662453532,0.01,0.11524163146220573,0.9442379,0.01,-3.056412,52.85715
211,Blackpool,0.01,0.17456895917456894,0.01,0.01,0.12624636444682366,0.01,0.4913793201724136,0.04454023145881225,0.9224138,0.11637931511637932,-3.0356748,53.81751
212,Birkenhead,0.02999294316920905,0.06192660606192659,0.01,0.01,0.01,0.01,0.01,0.04740061177879713,0.9862385,0.01,-3.023009,53.38999
213,Cupar,0.01,0.4073275894073276,0.2737068891616378,0.015224222294441559,0.011476942706556805,0.06034483036206899,0.4913793201724136,0.13362068404310345,0.9137931,0.11637931511637932,-3.010137,56.32023
214,Southport,0.01,0.01,0.01,0.01,0.03399128308369,0.11914893271489363,0.9702127125957458,0.08794325892293146,0.9404255,0.4595744794595744,-3.010113,53.64571
215,Bridgwater,0.01,0.05818965755818966,0.09123563677610158,0.01,0.011476942706556805,0.06034483036206899,0.01,0.01,0.9741379,0.23275863023275864,-3.003632,51.12789
216,Langholm,0.023690075457507925,0.01,0.0766908134591384,0.3583208394513556,0.27977125946177217,0.15217391091304347,0.4130434237391315,0.03743960915861515,0.5652174,0.01,-2.998913,55.15306
217,Newport,0.01,0.22594142722594146,0.01,0.01,0.01,0.1171548147029289,0.01,0.043235699798233385,0.9665272,0.11297070011297068,-2.997664,51.58415
218,Axminster,0.05230769246863906,0.108000000108,0.08466666754155558,0.01,0.01,0.16800000100800005,0.01,0.01,0.9640000000000001,0.01,-2.994937,50.78273
219,Wrexham,0.05403687362780577,0.05578511855578512,0.01,0.01,0.04401075475464658,0.057851234347107414,0.01,0.08539945060146922,0.9545455,0.01,-2.992494,53.04304000000001
220,Liverpool,0.029452532782930876,0.1216216216216216,0.01,0.01,0.011993922947327571,0.06306307037837842,0.01,0.1861861851311311,0.9594595,0.01,-2.9915726,53.40837
221,Weston-super-Mare,0.01,0.1158798286158798,0.01,0.01,0.011427683670430623,0.01,0.01,0.08869813991940867,0.9656652,0.2317596572317596,-2.977255,51.34741
222,Dundee,0.01,0.40557939340557936,0.2725321814828326,0.020211843831018827,0.011427683670430623,0.060085830360514986,0.01,0.044349064793037685,0.9227468,0.1158798151158798,-2.970721,56.46202
223,Kirkwall,0.027588443546425985,0.17088607817088608,0.1786216706790906,0.029806073810605464,0.011234811911466516,0.01,0.01,0.13080168872292544,0.92827,0.11392404311392405,-2.9622491,58.98467
224,Ambleside,0.01,0.01,0.5508054615249898,0.11817166271540605,0.17816992834309314,0.052044608312267655,0.42379179952416396,0.01,0.7992564999999999,0.01,-2.961333,54.42874000000001
225,Orkney Islands,0.027588443546425985,0.17088607817088608,0.1786216706790906,0.029806073810605464,0.011234811911466516,0.01,0.01,0.13080168872292544,0.92827,0.11392404311392405,-2.9605206,58.98094
226,Lyme Regis,0.051892552467361706,0.10714285810714286,0.08399471053461201,0.01,0.01,0.11111111266666668,0.01,0.01,0.968254,0.01,-2.936639,50.72516
227,Carlisle,0.02458067930640209,0.01,0.07957392515559722,0.3009741104309625,0.4003985870793692,0.1578947309473684,0.01,0.038847112485380135,0.5714286,0.01,-2.932931,54.89247
228,Chester,0.049161365151265735,0.1522556326522556,0.01,0.01,0.010009963345658929,0.05263157231578943,0.01,0.07769423530409356,0.962406,0.01,-2.893075,53.19339
229,Forfar,0.01,0.39375000489375,0.17638888365601846,0.014716748767385462,0.011094378393446677,0.01,0.01,0.08611110726481483,0.9333333,0.11250000911250001,-2.889062,56.64356
230,Morecambe,0.01,0.10887096610887097,0.6827957162222225,0.01,0.10736494455026127,0.01,0.4596774028064519,0.0833333316111111,0.9032258,0.01,-2.864968,54.07417
231,Selkirk,0.01,0.2973568322973568,0.18649046376040146,0.031119116263710406,0.01,0.18502202711013216,0.502202593955948,0.18208516415026926,0.8986784,0.2378854712378855,-2.838524,55.55066
232,Galashiels,0.01,0.35526315185526314,0.18567252025194936,0.03098262842628207,0.01,0.1842105311052632,0.5,0.18128655248732944,0.8947368,0.2368421102368421,-2.814449,55.62373
233,Lancaster,0.01,0.10931174110931173,0.6855600617507872,0.01,0.07545973371880417,0.01,0.4615384527692309,0.08367071494286997,0.9149798,0.01,-2.8007399,54.04657
234,St Andrews,0.01,0.2307692297307692,0.2713675279707978,0.015094101511199944,0.011378847995750068,0.059829056358974335,0.487179446256411,0.13247863371509971,0.9273504,0.1153846081153846,-2.7967214,56.33978000000001
235,Hawick,0.0263647639272762,0.054435483054435484,0.17069892376388884,0.21363022415662836,0.15031092130530554,0.16935483701612902,0.01,0.12499999741666665,0.7217741999999999,0.01,-2.780914,55.42706
236,Bridport,0.05128204977317554,0.01,0.01,0.01,0.01,0.054901966329411814,0.01,0.01,0.9843136999999998,0.01,-2.758301,50.73358
237,Shrewsbury,0.01,0.15458015715458015,0.01,0.01,0.01,0.01,0.01,0.07888040896522476,0.9732824,0.01,-2.7553268,52.7073
238,Penrith,0.023186031994418564,0.01,0.5254137162626084,0.2463228869867249,0.2549346324469521,0.09929078659574474,0.4042552779148944,0.036643022828999235,0.6524823000000001,0.01,-2.752708,54.6641
239,Kendal,0.01,0.054435483054435484,0.938844101868056,0.0332313676527169,0.08589195617273915,0.01,0.9193548056129036,0.0833333316111111,0.875,0.01,-2.74629,54.32801
240,Street,0.027942141624437363,0.01,0.01,0.01,0.011378847995750068,0.059829056358974335,0.01,0.044159541127255474,0.974359,0.1153846081153846,-2.742919,51.12468
241,Glastonbury,0.029189562397506343,0.01,0.01,0.01,0.011886833802789251,0.06250000437500003,0.01,0.04613095511805553,0.9732143,0.1205357221205357,-2.718454,51.14743
242,Hereford,0.01,0.052734375052734365,0.01,0.013796951969423871,0.02080195782355589,0.01,0.01,0.08072916628993056,0.9648438,0.10546875010546873,-2.715974,52.0564
243,Ludlow,0.01,0.11065573361065574,0.0867486420630693,0.01,0.010912503381466414,0.1147540946885246,0.467213144655737,0.12704918007377047,0.9508197,0.11065574711065576,-2.7139129,52.36775
244,Preston,0.026907247005868454,0.01,0.01,0.01,0.25202042792996826,0.34567901407407403,0.01,0.0850480139364426,0.8559671,0.22222223122222226,-2.70309,53.7632
245,Whitchurch,0.0549450528613694,0.01,0.01,0.01,0.044750431103767904,0.11764705470588233,0.01,0.04341737013071893,0.9537815,0.11344538711344535,-2.682045,52.96872
246,Wells,0.01,0.01,0.01,0.01,0.012102958489455522,0.01,0.01,0.046969701447474727,0.9863636,0.01,-2.6445979,51.20935
247,Yeovil,0.05541068940126366,0.01,0.01,0.01,0.01,0.05932203235593219,0.01,0.01,0.9830508,0.01,-2.633308,50.94206
248,Wigan,0.01,0.01,0.09123563677610158,0.01,0.01,0.9051724134310344,0.01,0.2672413784195402,0.8879309999999999,0.3491379183491379,-2.6325074,53.54506
249,Warrington,0.027357577007254084,0.11297071361297073,0.01,0.01,0.022281595425412897,0.1171548147029289,0.01,0.08647140992980007,0.9539749,0.22594142722594146,-2.5969501,53.39004
250,Arbroath,0.01,0.17016806717016805,0.17787114300466847,0.01484041890530736,0.011187608441604626,0.0588235343529412,0.01,0.08683472992810458,0.9453782,0.11344538711344535,-2.591543,56.55911
251,Bristol,0.028428093164394132,0.1173913021173913,0.09202898461763284,0.01,0.011576741513748445,0.12173912873043477,0.01,0.0449275351236715,0.9521739,0.3521739063521739,-2.58791,51.45451
252,Guernsey,0.01,0.05869565105869565,0.01,0.01,0.02315348302749689,0.060869564365217385,0.01,0.01,0.973913,0.2347826042347826,-2.585278,49.46569
253,Ross-on-Wye,0.01,0.01,0.01,0.01,0.02017159659487567,0.01,0.01,0.15656565426936028,0.969697,0.01,-2.582446,51.91445
254,Jedburgh,0.025741975463821464,0.0531496080531496,0.08333333686111112,0.4357084672584452,0.020965753437952542,0.16535433699212604,0.4488189030236219,0.12204724743044615,0.5826772,0.01,-2.5549369,55.47772
255,Sedbergh,0.01,0.05378486405378486,0.9276228474187692,0.04221537529737325,0.09547352832578698,0.01,0.9083664598326708,0.08233731194909254,0.8645417999999999,0.01,-2.5281740000000004,54.32363
256,Sedbergh,0.01,0.05378486405378486,0.9276228474187692,0.04221537529737325,0.09547352832578698,0.01,0.9083664598326708,0.08233731194909254,0.8645417999999999,0.01,-2.5281740000000004,54.32363
257,Nantwich,0.02867746354977681,0.01,0.09283626012597468,0.01,0.011678292345035821,0.06140351036842107,0.01,0.13596491436549704,0.9692982,0.01,-2.524102,53.06718000000001
258,Banff,0.026687600466731083,0.2755102007755102,0.17278911095215413,0.019221876397594446,0.010867962562205942,0.01,0.01,0.12653061207619049,0.9306122,0.1102040911102041,-2.524038,57.66651
259,Dunbar,0.01,0.3568281933568281,0.18649046376040146,0.025932597278871983,0.01,0.12334802274008815,0.502202593955948,0.13656387569603526,0.907489,0.2378854712378855,-2.516737,56.00209
260,Cinderford,0.02615384623431953,0.01,0.01,0.01,0.02130120481132124,0.01,0.01,0.12399999942133333,0.972,0.108000000108,-2.5009579,51.8253
261,Banchory,0.01,0.2789256197789256,0.17493113530762172,0.014595122491532381,0.011002687357336343,0.01,0.01,0.08539945060146922,0.9421488,0.11157023711157024,-2.4909599,57.05386
262,Blackburn,0.01,0.01,0.01,0.01,0.5774422994228829,0.2248995993493976,0.01,0.01,0.7630522,0.10843372810843374,-2.487529,53.74858
263,Market Drayton,0.02701843354467211,0.05578511855578512,0.01,0.01,0.033008064734659635,0.01,0.01,0.08539945060146922,0.9669421,0.11157023711157024,-2.483485,52.90355
264,Telford,0.01,0.1168831216168831,0.01,0.01,0.01,0.060606056363636335,0.4935064461298711,0.04473304112457914,0.978355,0.01,-2.4672611,52.67759
265,Montrose,0.01,0.28124999578125,0.08819445241134267,0.014716748767385462,0.011094378393446677,0.01,0.01,0.08611110726481483,0.9458333,0.11250000911250001,-2.4661150000000003,56.70692
266,Turriff,0.02679697585168301,0.2766393407766393,0.17349726295947174,0.019300654565076302,0.010912503381466414,0.01,0.01,0.12704918007377047,0.9303279,0.11065574711065576,-2.4623,57.53893000000001
267,Weymouth,0.02564102815581856,0.05294118155294119,0.01,0.01,0.01,0.01,0.01,0.0405228794775599,0.9882353,0.01,-2.457621,50.61443
268,Crewe,0.028305026240938544,0.1168831216168831,0.09163058561351604,0.01,0.01,0.060606056363636335,0.01,0.1341991337070707,0.965368,0.01,-2.4438209,53.1004
269,Fortuneswell,0.01,0.054435483054435484,0.01,0.01,0.01,0.01,0.01,0.04166666580555555,0.9919355,0.01,-2.442219,50.55919
270,Dorchester,0.02615384623431953,0.054000000054,0.01,0.01,0.01,0.056000000336000014,0.01,0.01,0.988,0.01,-2.4411810000000003,50.71116
271,Alston,0.02467344046053366,0.01,0.07987421665870023,0.5553490098456638,0.16076380859055808,0.052830190316981135,0.4301886813962264,0.038993711484696006,0.4490566,0.01,-2.438685,54.81217
272,Kelso,0.01,0.1723404196723404,0.18014183952813234,0.21041819484159469,0.02266085538912667,0.1787233990723404,0.4851063562978729,0.17588652817919614,0.7489361999999999,0.22978722622978726,-2.432207,55.60003
273,Wincanton,0.027942141624437363,0.0576923040576923,0.01,0.01,0.034136546649900804,0.11965812671794875,0.01,0.01,0.965812,0.01,-2.416007,51.05569000000001
274,Clitheroe,0.01,0.01,0.08746555707047743,0.01,0.5611371111398161,0.01,0.01,0.1280991707355372,0.768595,0.11157023711157024,-2.3930830000000003,53.8711
275,Sark,0.01,0.05578511855578512,0.01,0.01,0.02200537737732329,0.057851234347107414,0.01,0.01,0.9752066,0.22314050122314047,-2.3666256000000003,49.43007
276,Bath,0.02679697585168301,0.11065573361065574,0.0867486420630693,0.01,0.01,0.01,0.467213144655737,0.01,0.9754098,0.11065574711065576,-2.3590167,51.38106
277,Kidderminster,0.01,0.11065573361065574,0.01,0.01,0.01,0.2868852437213115,0.01,0.08469944993806923,0.9590164,0.11065574711065576,-2.2496839,52.3886
278,Manchester,0.01,0.18080356968080355,0.2834821427626488,0.010511962900701086,0.023773664942927902,0.187499999125,0.01,0.3229166651597222,0.9017857,0.2410714172410714,-2.2426305,53.48076
279,Burnley,0.01,0.01,0.08710561790009137,0.01,0.7122316425291664,0.05761316434567899,0.01,0.12757201573799726,0.7037036999999999,0.22222223122222226,-2.2405035,53.78929
280,Gloucester,0.01,0.01,0.01,0.01,0.01,0.05243445231460672,0.01,0.1161048677915106,0.9775281,0.10112358610112357,-2.238156,51.86424
281,Newcastle-under-Lyme,0.01,0.10975609360975608,0.01,0.01,0.01,0.01,0.4634146647317066,0.16802168354923214,0.9715447,0.01,-2.2273002,53.01321
282,Worcester,0.01,0.16735536916735536,0.01,0.01946016410693644,0.01,0.01,0.4710743245785135,0.01,0.9628099,0.11157023711157024,-2.221575,52.19364
283,Trowbridge,0.01,0.058951962058951965,0.18486170991023768,0.01,0.023254589196133827,0.061135368366812215,0.01,0.01,0.9650655,0.23580784823580786,-2.208853,51.31966
284,Shaftesbury,0.01,0.05648535005648534,0.01,0.01,0.033422391806794044,0.0585774003514644,0.01,0.01,0.9748954,0.01,-2.198083,51.0046
285,Alderney,0.01,0.056016603056016585,0.01,0.01,0.01104834382719881,0.05809129234854775,0.01,0.04287690579990777,0.9792531,0.11203320611203317,-2.1973557,49.715
286,Stoke-on-Trent,0.01,0.11111111561111113,0.01,0.01,0.01,0.01,0.4691357546172849,0.17009601753955192,0.9670782,0.11111110211111108,-2.179404,53.00267
287,Colne,0.01,0.01,0.0867486420630693,0.01,0.6438376462535064,0.01,0.01,0.12704918007377047,0.7377049,0.11065574711065576,-2.176991,53.85564
288,Blandford Forum,0.01,0.058951962058951965,0.01,0.01,0.011627294598066914,0.01,0.01,0.09024744757884524,0.9781659,0.01,-2.165353,50.85691
289,Rochdale,0.01,0.05947136105947135,0.18649046376040146,0.015559558131855203,0.2463245044019752,0.01,0.01,0.18208516415026926,0.8634360999999999,0.01,-2.1561,53.60971
290,Jersey,0.0263647639272762,0.01,0.01,0.01,0.02147298837752213,0.05645161233870968,0.01,0.04166666580555555,0.9717742,0.2177419322177419,-2.13125,49.21444
291,Wolverhampton,0.01,0.01,0.01,0.01,0.01,0.06167400437004403,0.01,0.31864903984630444,0.9647577,0.01,-2.12882,52.58697
292,Stafford,0.01,0.1723404196723404,0.09007091976406617,0.020039828584726117,0.011330427694563334,0.11914893271489363,0.01,0.13191488838439716,0.9404255,0.01,-2.12066,52.80669
293,Macclesfield,0.02724359200690336,0.01,0.08819445241134267,0.01,0.022188754124242756,0.01,0.01,0.04305555879907405,0.975,0.01,-2.119287,53.25866
294,Hexham,0.01,0.01,0.08893558208566768,0.9299995855174876,0.022375214220558645,0.01,0.4789916244201674,0.01,0.1932773,0.01,-2.1121439,54.97266
295,Aberdeen,0.01,0.2789256197789256,0.17493113530762172,0.014595122491532381,0.011002687357336343,0.01,0.01,0.08539945060146922,0.9421488,0.11157023711157024,-2.094278,57.14972
296,Dudley,0.01,0.01,0.09709480300331297,0.01,0.01,0.2568807375412844,0.01,0.33180428245158,0.9449541,0.01,-2.081112,52.51225
297,Cheltenham,0.02615384623431953,0.054000000054,0.01,0.01,0.01,0.112000000672,0.01,0.04133333314044444,0.972,0.108000000108,-2.0782533,51.89939
298,Bromsgrove,0.01,0.058951962058951965,0.01,0.01,0.01,0.061135368366812215,0.01,0.09024744757884524,0.9737991,0.23580784823580786,-2.061906,52.33559
299,Skipton,0.01,0.05578511855578512,0.01,0.01,0.8912177638117138,0.01,0.01,0.08539945060146922,0.6528925999999999,0.01,-2.0162787,53.96285
300,Fraserburgh,0.02679697585168301,0.2766393407766393,0.17349726295947174,0.019300654565076302,0.010912503381466414,0.01,0.01,0.12704918007377047,0.9303279,0.11065574711065576,-2.007631,57.69335
301,Berwick,0.02534287430874731,0.10465116310465117,0.1640826893621878,0.5202199562916093,0.04128140475566598,0.1627906989767442,0.01,0.08010335895951766,0.503876,0.01,-2.005395,55.77024
302,Poole,0.01,0.1158798286158798,0.01,0.01,0.01,0.01,0.01,0.17739627983881734,0.9742489,0.01,-1.987248,50.71505
303,Walsall,0.01,0.01,0.09324522129686727,0.01,0.01,0.01,0.502202593955948,0.2276064629378365,0.969163,0.01,-1.982919,52.58621
304,Cirencester,0.02625888008079656,0.05421686405421687,0.08500668887840246,0.01,0.010693375224921751,0.2248995993493976,0.4578312868433743,0.01,0.9558233,0.10843372810843374,-1.968243,51.71849
305,Evesham,0.028183025086717006,0.11637931511637932,0.01,0.01,0.011476942706556805,0.01,0.01,0.01,0.9741379,0.11637931511637932,-1.94677,52.09215
306,Buxton,0.05230769246863906,0.054000000054,0.08466666754155558,0.01,0.042602409622642466,0.01,0.01,0.04133333314044444,0.9640000000000001,0.01,-1.91483,53.25908
307,Keighley,0.01,0.059210527559210524,0.09283626012597468,0.01,0.8174804481766036,0.06140351036842107,0.01,0.13596491436549704,0.6622806999999999,0.01,-1.912358,53.8678
308,Birmingham,0.02867746354977681,0.059210527559210524,0.27850878037792404,0.01,0.011678292345035821,0.06140351036842107,1.0,0.22660819060916176,0.9298246,0.11842105511842105,-1.890401,52.48624
309,Bournemouth,0.01,0.1148936131148936,0.01,0.01,0.011330427694563334,0.01,0.01,0.13191488838439716,0.9744681,0.01,-1.880769,50.71916
310,Halifax,0.01,0.05869565105869565,0.01,0.01,0.7872184389107979,0.01,0.01,0.089855070247343,0.673913,0.3521739063521739,-1.85754,53.72702
311,Salisbury,0.02679697585168301,0.1659836071659836,0.0867486420630693,0.01,0.010912503381466414,0.1147540946885246,0.01,0.01,0.954918,0.22131146722131148,-1.794472,51.06878
312,Ringwood,0.028183025086717006,0.11637931511637932,0.09123563677610158,0.01,0.02295388541311361,0.12068966072413798,0.01,0.13362068404310345,0.9482759,0.01,-1.788817,50.84495
313,Huddersfield,0.01,0.01,0.09163058561351604,0.015290128604781518,0.8068638185299665,0.12121212672727275,0.4935064461298711,0.1341991337070707,0.6406926,0.3506493513506493,-1.7850351000000002,53.64579000000001
314,Peterhead,0.026687600466731083,0.2755102007755102,0.17278911095215413,0.019221876397594446,0.010867962562205942,0.01,0.01,0.12653061207619049,0.9306122,0.1102040911102041,-1.784066,57.50812
315,Swindon,0.01,0.10843374160843376,0.1700133989234718,0.01,0.021386753112494102,0.11244980667469884,0.4578312868433743,0.01,0.9598394,0.10843372810843374,-1.7797176,51.55577
316,Bradford,0.029720282783754718,0.01,0.09621213182752536,0.010703089905613071,0.8230010947408067,0.06363637038181823,0.01,0.5636363657030302,0.6090909000000001,0.12272728512272728,-1.759398,53.79598000000001
317,Ashbourne,0.01,0.01,0.09045583560137696,0.01,0.04551539464565088,0.01,0.01,0.044159541127255474,0.965812,0.1153846081153846,-1.732179,53.016630000000006
318,Marlborough,0.01,0.16463414716463412,0.17208671627822938,0.01,0.021647565064203917,0.1138211346829268,0.4634146647317066,0.01,0.9552846,0.1097561071097561,-1.727062,51.42007
319,Stratford-upon-Avon,0.01,0.1124999956125,0.01,0.01,0.022188754124242756,0.17500000105000002,0.01,0.12916666606388888,0.95,0.11250000911250001,-1.708298,52.19173
320,Alnwick,0.024955960846018345,0.05152671905152672,0.16157761433630202,0.8942390857221005,0.05081394153523816,0.01,0.01,0.03944020448261238,0.2022901,0.01,-1.7062990000000002,55.41274
321,Otley,0.01,0.05947136105947135,0.09324522129686727,0.015559558131855203,0.5747571787130424,0.01,0.01,0.13656387569603526,0.7488986999999999,0.01,-1.691786,53.90583
322,Bishop Auckland,0.01,0.0531496080531496,0.01,0.8714169345168904,0.031448630156928815,0.01,0.01,0.04068241581014872,0.2401575,0.01,-1.6787880000000002,54.66382
323,Burton upon Trent,0.01,0.059999994060000006,0.09407406563876536,0.01,0.01,0.01,0.01,0.1377777736903704,0.9777778,0.01,-1.6371359,52.81403
324,Newcastle,0.01,0.05113636655113637,0.08017677299515999,0.8651664428671059,0.010085798297437836,0.01,0.01,0.07828283230134678,0.2386364,0.20454546620454547,-1.61778,54.97825
325,Durham,0.01,0.01,0.01,0.8724510828074544,0.021216338148702333,0.01,0.01,0.04116866114121291,0.247012,0.01,-1.584852,54.77525
326,Ashington,0.02534287430874731,0.052325581552325584,0.0820413446810939,0.9674265852191556,0.02064070237783299,0.01,0.01,0.01,0.15891470000000002,0.01,-1.5659829,55.18298000000001
327,Darlington,0.01,0.05487805355487805,0.01,0.6365292968642958,0.1298853957105247,0.01,0.01,0.04200542347064135,0.398374,0.1097561071097561,-1.559458,54.52361
328,Leeds,0.01,0.01,0.08466666754155558,0.014128078816690044,0.5751325299056733,0.112000000672,0.01,0.16533333256177776,0.7440000000000001,0.01,-1.5490774,53.80076
329,Harrogate,0.01,0.01,0.0856950077188484,0.02383279154996309,0.3665187066341917,0.01,0.01,0.08367071494286997,0.8299595,0.01,-1.5418120000000002,53.99211999999999
330,Leamington Spa,0.01,0.0579399075579399,0.01,0.01,0.022855370003511847,0.18025750508154506,0.01,0.13304720471244638,0.9570815,0.01,-1.5200789,52.28519
331,Coventry,0.01,0.12272727162272724,0.01,0.01,0.01,0.01,0.01,0.046969701447474727,0.9772727,0.12272728512272728,-1.519693,52.40682
332,Blyth,0.01,0.05696202155696203,0.08931082475621188,0.9885681025525688,0.011234811911466516,0.01,0.01,0.01,0.1434599,0.11392404311392405,-1.510277,55.12696
333,Wakefield,0.01,0.01,0.09577677582302667,0.01,1.0,0.01,0.5158371076832579,0.01,0.5972851,0.3665158473665159,-1.505924,53.6833
334,Andover,0.025051579307851016,0.2586206882586207,0.08109834850468292,0.01,0.010201727441972848,0.05363985232183912,0.01,0.03959131914857384,0.9501916,0.31034483131034485,-1.4919233,51.2112
335,Witney,0.01,0.10714285810714286,0.08399471053461201,0.01,0.010566073899668092,0.01,0.01,0.08201058228395061,0.968254,0.2142857162142857,-1.4850544,51.78594
336,Barnsley,0.01,0.0579399075579399,0.01,0.01,0.8685040601334503,0.01,0.01,0.044349064793037685,0.6566524,0.1158798151158798,-1.479726,53.55263000000001
337,Derby,0.01,0.01,0.17208671627822938,0.01,0.010823783863427262,0.01,0.01,0.08401083660794942,0.9715447,0.1097561071097561,-1.4746186,52.92253
338,Sheffield,0.028428093164394132,0.1173913021173913,0.01,0.010237738068209034,0.3704557364279021,0.060869564365217385,0.4956521540869569,0.01,0.8217391,0.2347826042347826,-1.470085,53.38113000000001
339,Nuneaton,0.01,0.0579399075579399,0.01,0.01,0.01,0.01,0.01,0.08869813991940867,0.9871245,0.01,-1.465382,52.52049
340,Northallerton,0.01,0.01,0.01,0.3079196670609911,0.3174698787850413,0.01,0.01,0.1987179454059829,0.5961538000000001,0.10384615810384616,-1.429959,54.33796
341,South Shields,0.01,0.01,0.08856345091515565,1.0,0.022281595425412897,0.01,0.01,0.01,0.13389120000000002,0.11297070011297068,-1.427406,54.99941999999999
342,Chesterfield,0.02724359200690336,0.056250004556250004,0.01,0.014716748767385462,0.13313253007075773,0.05833333835000003,0.01,0.08611110726481483,0.9166667,0.01,-1.421629,53.23505
343,Southampton,0.01,0.053359681553359684,0.01,0.01,0.021048620449969798,0.055335966332015804,0.01,0.04084321280939834,0.9683794,0.10671936310671937,-1.4043508999999998,50.9097
344,Wetherby,0.01,0.01,0.08782850190756117,0.01954091078673343,0.35354696785590417,0.05809129234854775,0.01,0.04287690579990777,0.8340249,0.11203320611203317,-1.384816,53.92706
345,Sunderland,0.01,0.01,0.01,0.9871146776216416,0.011627294598066914,0.12227073673362444,0.4978165580436688,0.04512372378942262,0.139738,0.01,-1.383801,54.90687
346,Rotherham,0.01,0.054435483054435484,0.42674730940972216,0.01424201470830724,0.5475612116147663,0.01,0.9193548056129036,0.2499999948333333,0.7177418999999999,0.2177419322177419,-1.3635008999999998,53.4326
347,Castleford,0.01,0.01,0.09365782313446418,0.01,0.8247147873184799,0.12389381274336288,0.01,0.045722716119960656,0.6681416,0.01,-1.345968,53.72346999999999
348,Thirsk,0.01,0.05578511855578512,0.08746555707047743,0.08270569568847001,0.4401075368958634,0.01,0.01,0.17079890120293845,0.7396694,0.01,-1.341377,54.23385
349,Banbury,0.01,0.21513944271513946,0.08432935553807001,0.01,0.042432678960055266,0.11155377866932267,0.01,0.08233731194909254,0.936255,0.3227091573227092,-1.339775,52.0629
350,Stockton,0.01,0.01,0.01,0.32109270070041185,0.4956449167546387,0.12121212672727275,0.01,0.04473304112457914,0.5238095,0.1168831081168831,-1.3289821000000002,54.57046
351,Newbury,0.05168744092826906,0.16007905816007906,0.01,0.01,0.01,0.055335966332015804,0.01,0.08168642561879669,0.9644269,0.10671936310671937,-1.3231138999999998,51.40141
352,Isle of Wight,0.05661005902033865,0.05844155405844155,0.09163058561351604,0.01,0.011526625104128607,0.060606056363636335,0.4935064461298711,0.01,0.965368,0.01,-1.304734,50.69385
353,Isle of Wight,0.05661005902033865,0.05844155405844155,0.09163058561351604,0.01,0.011526625104128607,0.060606056363636335,0.4935064461298711,0.01,0.965368,0.01,-1.304734,50.69385
354,Abingdon,0.01,0.056722693556722686,0.01,0.01,0.011187608441604626,0.01,0.01,0.13025210005882354,0.9747899,0.01,-1.2879528999999998,51.67078
355,Shetland Islands,0.027472529699915475,0.22689076072689074,0.17787114300466847,0.02968083781061472,0.011187608441604626,0.01,0.01,0.13025210005882354,0.9243697,0.11344538711344535,-1.2659409,60.52965
356,Rugby,0.01,0.05378486405378486,0.01,0.01,0.01,0.01,0.01,0.01,0.9920319,0.10756972810756972,-1.265032,52.37088
357,Oxford,0.01,0.16135457866135458,0.01,0.01,0.010608170405676465,0.01,0.01,0.12350597309030545,0.9641434,0.01,-1.2577263,51.75202
358,Middlesbrough,0.01,0.01,0.01,0.21120219607799,0.6605812559339997,0.1603053489618321,0.01,0.07888040896522476,0.5496183000000001,0.10305343810305344,-1.234956,54.57423000000001
359,Hartlepool,0.01,0.01,0.01,0.7270425680250954,0.2333797329489786,0.01,0.01,0.01,0.29482070000000005,0.01,-1.212926,54.69174
360,Loughborough,0.01,0.057446806557446814,0.01,0.01,0.01,0.11914893271489363,0.01,0.08794325892293146,0.9659574,0.22978722622978726,-1.206166,52.7721
361,Mansfield,0.01,0.01,0.01,0.010193419462300976,0.01,0.060606056363636335,0.01,0.04473304112457914,0.978355,0.1168831081168831,-1.198674,53.1472
362,Nottingham,0.02534287430874731,0.052325581552325584,0.0820413446810939,0.01,0.01,0.054263566325581415,0.01,0.32041343583807064,0.9534884,0.01,-1.1581086,52.95478000000001
363,Bicester,0.01,0.11790392411790393,0.09243085495511884,0.01,0.023254589196133827,0.061135368366812215,0.01,0.04512372378942262,0.9606987,0.11790392411790393,-1.1535898999999998,51.8996
364,Leicester,0.025946276233680853,0.05357142905357143,0.01,0.01,0.010566073899668092,0.05555555633333334,0.01,0.041005291141975306,0.9722222,0.2142857162142857,-1.1397592,52.63688000000001
365,Doncaster,0.01,0.1723404196723404,0.09007091976406617,0.015029870555539662,0.1699564207437512,0.01,0.4851063562978729,0.17588652817919614,0.8808511,0.1148936131148936,-1.128462,53.52282
366,Worksop,0.01,0.05696202155696203,0.08931082475621188,0.01,0.16852218932260016,0.01,0.01,0.08720112925972806,0.907173,0.11392404311392405,-1.122745,53.3093
367,Basingstoke,0.05471516055296973,0.16945606366945604,0.01,0.01,0.022281595425412897,0.0585774003514644,0.01,0.12970710972803348,0.9497908000000002,0.11297070011297068,-1.0923964,51.26654
368,Portsmouth,0.01,0.17841409667841407,0.09324522129686727,0.01,0.01,0.06167400437004403,0.502202593955948,0.01,0.969163,0.1189427221189427,-1.0879769,50.81977
369,York,0.01,0.0498154995498155,0.01,0.03475542120432842,0.3242342068427559,0.01,0.01,0.03813038215539155,0.8413284,0.01,-1.0872979,53.95997
370,Selby,0.01,0.0579399075579399,0.01,0.03031776574652824,0.4342520300667251,0.12017167472103005,0.01,0.17739627983881734,0.7811159000000001,0.01,-1.067189,53.78352
371,Helmsley,0.01,0.05696202155696203,0.01,0.03974143096258068,0.5168013825419175,0.01,0.01,0.17440224818612285,0.7510549,0.01,-1.0562636,54.24651
372,Towcester,0.027130548545017074,0.11203319261203318,0.08782850190756117,0.01,0.01104834382719881,0.01,0.01,0.08575380126648224,0.9709544,0.01,-0.989688,52.13511
373,Reading,0.01,0.11344537361344535,0.01,0.01,0.01,0.01,0.01,0.08683472992810458,0.9789916,0.11344538711344535,-0.9781303,51.45426
374,Retford,0.02615384623431953,0.054000000054,0.08466666754155558,0.01,0.08520481924528495,0.01,0.01,0.08266666628088888,0.9359999999999999,0.108000000108,-0.945503,53.32136
375,Petersfield,0.01,0.01,0.09163058561351604,0.01,0.023053252870907814,0.12121212672727275,0.4935064461298711,0.1341991337070707,0.961039,0.01,-0.93899,51.00759
376,Northampton,0.02701843354467211,0.11157025061157023,0.08746555707047743,0.01,0.01,0.01,0.01,0.04269972013406797,0.9752066,0.11157023711157024,-0.902656,52.24048
377,Melton Mowbray,0.01,0.05696202155696203,0.01,0.01,0.011234811911466516,0.01,0.01,0.04360055946319739,0.978903,0.2278481132278481,-0.887126,52.7664
378,Aylesbury,0.01,0.01,0.08746555707047743,0.01,0.011002687357336343,0.057851234347107414,0.01,0.04269972013406797,0.9710744,0.11157023711157024,-0.8084,51.81561
379,Newark-on-Trent,0.05661005902033865,0.17532467567532467,0.01,0.01,0.046106503079165036,0.01,0.01,0.08946609258249155,0.9480519,0.01,-0.80657,53.07004000000001
380,Malton,0.01,0.04787233654787233,0.01,0.02087482041225063,0.45321712375843703,0.01,0.01,0.036643022828999235,0.8049645000000001,0.01,-0.7978970000000001,54.13684
381,Chichester,0.02770534470063183,0.17161016417161015,0.01,0.01,0.011282417441569216,0.11864406471186438,0.4830508223389835,0.13135592738700566,0.9533898,0.01,-0.774936,50.83761
382,Gainsborough,0.052729527854552385,0.054435483054435484,0.17069892376388884,0.01,0.053682470943805335,0.01,0.01,0.0833333316111111,0.9354839,0.2177419322177419,-0.774465,53.40057
383,Milton Keynes,0.01,0.01,0.01,0.01,0.022281595425412897,0.0585774003514644,0.01,0.08647140992980007,0.9665272,0.3389121273389121,-0.7594171,52.04062
384,Aldershot,0.01,0.18161435268161435,0.18983558029496767,0.01,0.01,0.06278027037668163,0.01,0.09267563623418036,0.9596413,0.01,-0.7557509,51.24837
385,High Wycombe,0.01,0.1124999956125,0.17638888365601846,0.014716748767385462,0.011094378393446677,0.05833333835000003,0.01,0.04305555879907405,0.95,0.224999991225,-0.748229,51.62861
386,Midhurst,0.01,0.01,0.08819445241134267,0.01,0.011094378393446677,0.17500000105000002,0.01,0.08611110726481483,0.9708333,0.01,-0.737274,50.9869
387,Kettering,0.01,0.11842105511842105,0.01,0.01,0.011678292345035821,0.12280702073684215,0.01,0.04532163812183235,0.9649123,0.2368421102368421,-0.7302489999999999,52.39632
388,Wellingborough,0.01,0.17920353617920354,0.09365782313446418,0.01,0.011781640465479146,0.12389381274336288,0.01,0.01,0.9646018,0.11946903311946905,-0.693964,52.30242
389,Corby,0.01,0.1158798286158798,0.01,0.01,0.011427683670430623,0.060085830360514986,0.01,0.044349064793037685,0.9742489,0.1158798151158798,-0.6842333,52.4923
390,Bognor Regis,0.02770534470063183,0.3432203418432203,0.01,0.01,0.011282417441569216,0.11864406471186438,0.4830508223389835,0.04378530912900189,0.9491525,0.01,-0.673061,50.783
391,Scunthorpe,0.193119117901905,0.01,0.08931082475621188,0.014903036905302732,0.2359310661167004,0.01,0.01,0.08720112925972806,0.8523207,0.11392404311392405,-0.654413,53.58865
392,Grantham,0.02679697585168301,0.055327873555327874,0.01,0.01,0.03273750748174864,0.01,0.01,0.08469944993806923,0.9631148000000002,0.11065574711065576,-0.643582,52.91252
393,Whitby,0.027357577007254084,0.01,0.01,0.05418719258220291,0.7575742284881349,0.0585774003514644,0.01,0.12970710972803348,0.6485356,0.01,-0.613347,54.48634000000001
394,Slough,0.01,0.057203388057203375,0.08968926359345572,0.01,0.011282417441569216,0.05932203235593219,0.01,0.13135592738700566,0.9661017,0.11440677611440675,-0.5950406,51.51054
395,Guildford,0.01,0.2213114807213115,0.01,0.01,0.01,0.057377054344262324,0.01,0.08469944993806923,0.9508197,0.442622961442623,-0.570409,51.23622
396,Woking,0.01,0.24000000324,0.01,0.01,0.011834001489555976,0.0622222163733333,0.01,0.04592592111901237,0.9466667,0.5999999946000001,-0.5600349,51.31677
397,Lincoln,0.04972214284529891,0.1026616006026616,0.1609632518299536,0.01342973259014066,0.02024829424544943,0.10646388263878333,0.01,0.15716095759991552,0.9353612,0.01,-0.540579,53.23069
398,Bedford,0.01,0.056016603056016585,0.01,0.01,0.02209668499174702,0.05809129234854775,0.01,0.08575380126648224,0.966805,0.01,-0.4667782,52.13864
399,Heathrow,0.01,0.06081081756081081,0.1906906924704705,0.01,0.01,0.01,0.01,0.13963964401501494,0.9594595,0.24324324324324326,-0.4542955,51.47002
400,Driffield,0.01,0.01,0.08893558208566768,0.01,0.6265060248021483,0.11764705470588233,0.01,0.01,0.7521008000000001,0.01,-0.443377,54.006
401,Beverley,0.01,0.01,0.08534946188194442,0.01,0.7408181096751162,0.01,0.01,0.0833333316111111,0.7096774,0.01,-0.435093,53.84196
402,Luton,0.01,0.17088607817088608,0.08931082475621188,0.01,0.022469626485583632,0.059071726354430365,0.01,0.01,0.9704641,0.01,-0.4200255,51.87867
403,Scarborough,0.02615384623431953,0.01,0.01,0.014128078816690044,0.5644819275000127,0.112000000672,0.01,0.12399999942133333,0.752,0.01,-0.399752,54.28311
404,Worthing,0.01,0.2934782552934782,0.01,0.01,0.02315348302749689,0.01,0.4956521540869569,0.0449275351236715,0.9565217,0.1173913021173913,-0.372882,50.81787
405,Dorking,0.028931247396711532,0.059734516559734524,0.18731564626892835,0.01,0.011781640465479146,0.06194690637168145,0.01,0.01,0.9734513,0.01,-0.332378,51.2322
406,Hull,0.01,0.01,0.01,0.01,0.8159735716590942,0.01,0.01,0.12499999741666665,0.6814515999999999,0.01,-0.3274198,53.76762
407,Horsham,0.0263647639272762,0.16330644916330644,0.01,0.01,0.01,0.01,0.01,0.01,0.9758065,0.10887096610887097,-0.325858,51.06288
408,Biggleswade,0.01,0.05510204555510205,0.01,0.01,0.032603885023967216,0.11428571068571425,0.01,0.08435373793968254,0.9632653,0.01,-0.26421999999999995,52.08694000000001
409,Peterborough,0.01,0.05075187305075186,0.07957392515559722,0.01,0.010009963345658929,0.05263157231578943,0.01,0.038847112485380135,0.9699248,0.2030075192030075,-0.2405299,52.5695
410,Welwyn Garden City,0.01,0.3360995913360996,0.17565698264845547,0.01,0.01,0.05809129234854775,0.9460580510788388,0.08575380126648224,0.9419087,0.11203320611203317,-0.208661,51.80317
411,Bridlington,0.01,0.01,0.08639456605941052,0.01,0.6086058528931713,0.11428571068571425,0.01,0.04217687413650792,0.755102,0.01,-0.198802,54.08535
412,Stevenage,0.01,0.10975609360975608,0.08604336872244815,0.01,0.01,0.1138211346829268,0.4634146647317066,0.04200542347064135,0.9715447,0.01,-0.196612,51.90376
413,Crawley,0.01,0.1639676116639676,0.0856950077188484,0.01,0.01,0.01,0.01,0.01,0.9757085,0.10931174110931173,-0.1872275,51.10914
414,Huntingdon,0.08382643141177365,0.1153846216153846,0.01,0.015094101511199944,0.01,0.01,0.01,0.01,0.9615385,0.1153846081153846,-0.182552,52.33146
415,Hove,0.053593945164904455,0.055327873555327874,0.01,0.01,0.043650010863215065,0.01,0.01,0.08469944993806923,0.9508197,0.3319672143319672,-0.168749,50.82793
416,Spalding,0.14693171968286686,0.1516853926516854,0.15855181813836874,0.01,0.01994494911303261,0.01,0.01,0.038701619152725776,0.9400749,0.2022471992022472,-0.1537024,52.7901
417,Brighton,0.0533751943950006,0.05510204555510205,0.01,0.01,0.043471847586173167,0.01,0.01,0.04217687413650792,0.955102,0.33061224633061226,-0.137163,50.82253
418,London,0.026907247005868454,0.2777777822777778,0.01,0.01,0.010957408983859279,0.01,0.4691357546172849,0.34019204541243714,0.9259259,0.22222223122222226,-0.12775830000000002,51.50735
419,Grimsby,0.01,0.12217194912217196,0.01,0.01,0.060240962796777466,0.06334841838009052,0.01,0.046757165448466566,0.9547511,0.01,-0.08078400000000001,53.56746999999999
420,Boston,0.2984360078413416,0.056016603056016585,0.17565698264845547,0.01,0.03314502881894583,0.05809129234854775,0.01,0.12863070706639002,0.9045643,0.11203320611203317,-0.026577,52.97894
421,Royston,0.01,0.11946903311946905,0.01,0.010418937743072492,0.011781640465479146,0.12389381274336288,0.01,0.1371681380265487,0.9513274,0.11946903311946905,-0.024066,52.04814
422,Louth_Lincs,0.05735492709955362,0.17763158267763154,0.09283626012597468,0.010327543201207323,0.011678292345035821,0.06140351036842107,0.01,0.04532163812183235,0.9517544,0.01,-0.007711,53.36596
423,Lewes,0.053593945164904455,0.055327873555327874,0.01,0.01,0.03273750748174864,0.01,0.01,0.042349730135701265,0.954918,0.3319672143319672,0.00878,50.87387
424,Chatteris,0.02880379316555013,0.2973568322973568,0.01,0.01,0.011729737417305758,0.06167400437004403,0.01,0.01,0.9515419,0.3568281933568281,0.054012,52.4561
425,Uckfield,0.01,0.10588234960588233,0.01,0.01,0.01,0.054901966329411814,0.01,0.1215686280993464,0.9686275,0.10588236310588238,0.095913,50.96641
426,Cambridge,0.01,0.1401384106401384,0.01,0.01,0.018426647161792452,0.01,0.01,0.01,0.9653979,0.3737024103737024,0.121817,52.20534
427,Bishop's Stortford,0.01,0.01,0.08432935553807001,0.01,0.010608170405676465,0.01,0.01,0.08233731194909254,0.9800797,0.01,0.1536502,51.87216
428,Wisbech,0.16483516512256974,0.22689076072689074,0.01,0.01,0.022375214220558645,0.0588235343529412,0.01,0.04341737013071893,0.9327731,0.22689074722689076,0.158797,52.66631999999999
429,Sevenoaks,0.02724359200690336,0.056250004556250004,0.01,0.01,0.011094378393446677,0.05833333835000003,0.01,0.08611110726481483,0.975,0.01,0.190898,51.27241
430,Tunbridge Wells,0.0263647639272762,0.01,0.01,0.01,0.01,0.05645161233870968,0.01,0.0833333316111111,0.9798386999999998,0.01,0.263695,51.13238
431,Eastbourne,0.01,0.11297071361297073,0.01,0.01,0.01,0.0585774003514644,0.4769873904602521,0.043235699798233385,0.9748954,0.01,0.29047199999999995,50.76803
432,Brentwood,0.028062063547883275,0.0579399075579399,0.18168812804411066,0.01,0.01,0.12017167472103005,0.01,0.044349064793037685,0.9656652,0.1158798151158798,0.30717490000000003,51.62047000000001
433,Skegness,0.4688936549042882,0.10756971460756973,0.08432935553807001,0.01,0.0318245085543788,0.01,0.01,0.08233731194909254,0.8884462,0.01,0.337881,53.1464
434,Downham Market,0.16211061434495574,0.3904958703904958,0.01,0.01,0.02200537737732329,0.1157024826942149,0.01,0.01,0.9214876,0.22314050122314047,0.385472,52.60661
435,King's Lynn,0.5197940154455201,0.2824267772824268,0.01,0.01,0.033422391806794044,0.0585774003514644,0.01,0.043235699798233385,0.8744770000000001,0.11297070011297068,0.4022963,52.75168000000001
436,Bexhill,0.01,0.11111111561111113,0.08710561790009137,0.01,0.01,0.11522634269135805,0.4691357546172849,0.0850480139364426,0.9670782,0.01,0.4662071,50.84991
437,Chelmsford,0.052517766700054674,0.05421686405421687,0.08500668887840246,0.01,0.01,0.11244980667469884,0.01,0.01,0.9638554,0.2168674832168675,0.4685497,51.73559
438,Mildenhall,0.02514793007737825,0.5192307635192307,0.08141026050790602,0.01,0.0102409642612353,0.2692307676153846,0.43846154723076897,0.01,0.9153846,0.10384615810384616,0.5156095,52.34757000000001
439,Medway,0.01,0.17608695317608694,0.18405796923526568,0.01,0.01,0.01,0.01,0.089855070247343,0.9695652,0.01,0.5417860999999999,51.40474
440,Braintree,0.02770534470063183,0.2288135657288136,0.08968926359345572,0.01,0.011282417441569216,0.01,0.01,0.01,0.9618644,0.11440677611440675,0.5509269,51.88009
441,Gillingham,0.01,0.17920353617920354,0.09365782313446418,0.01,0.01,0.01,0.01,0.09144543223992133,0.9734513,0.01,0.551438,51.38632
442,Hastings,0.01,0.11065573361065574,0.0867486420630693,0.01,0.01,0.1147540946885246,0.467213144655737,0.08469944993806923,0.9672131,0.01,0.573453,50.85426
443,Maldon,0.026687600466731083,0.05510204555510205,0.01,0.01,0.010867962562205942,0.057142862342857176,0.01,0.04217687413650792,0.9673469,0.22040815522040813,0.6714479999999999,51.7318
444,Southend,0.027130548545017074,0.056016603056016585,0.17565698264845547,0.01,0.02209668499174702,0.05809129234854775,0.01,0.01,0.9585062,0.11203320611203317,0.7077123000000001,51.54593
445,Bury St Edmunds,0.05049005246304632,0.5212355270212354,0.08172458551115405,0.013637142205888882,0.01,0.16216216897297306,0.4401544471969111,0.01,0.9227799,0.01,0.7104931999999999,52.24292
446,Thetford,0.12770432731601333,0.421875000421875,0.08268229252105036,0.013796951969423871,0.01,0.16406250098437505,0.44531249109375015,0.08072916628993056,0.9101562,0.01,0.751657,52.41286
447,Ashford,0.05541068940126366,0.2288135657288136,0.01,0.01,0.011282417441569216,0.01,0.01,0.01,0.9661017,0.01,0.8750190000000001,51.14647
448,Faversham,0.01,0.21862348221862346,0.01,0.01,0.03233988587948751,0.01,0.01,0.01,0.9676113000000002,0.01,0.889358,51.31599
449,Colchester,0.01,0.2836134407836134,0.01,0.01,0.022375214220558645,0.01,0.01,0.01,0.9705882,0.01,0.891874,51.89593
450,New Romney,0.0549450528613694,0.17016806717016805,0.08893558208566768,0.01,0.011187608441604626,0.0588235343529412,0.01,0.04341737013071893,0.9579832,0.01,0.939473,50.98512
451,Canterbury,0.01,0.21686746971686746,0.01,0.01,0.021386753112494102,0.01,0.01,0.01,0.9759036,0.01,1.0789089,51.28023
452,Ipswich,0.02679697585168301,0.9405737694405736,0.0867486420630693,0.01,0.01,0.01,0.01,0.01,0.9180328,0.11065574711065576,1.14822,52.05674000000001
453,Clacton,0.01,0.22222221772222225,0.01,0.01,0.010957408983859279,0.01,0.01,0.01,0.9794239,0.01,1.153035,51.78953
454,Folkestone,0.027823239700994592,0.1148936131148936,0.01,0.01,0.011330427694563334,0.01,0.01,0.01,0.9829787,0.01,1.169456,51.0814
455,Sheringham,0.9304733736322258,0.01,0.08141026050790602,0.01,0.0204819285224706,0.01,0.01,0.03974359114786324,0.8307691999999999,0.3115384743115384,1.2109589,52.94442
456,Harwich,0.027823239700994592,0.6319148991319148,0.09007091976406617,0.01,0.01,0.01,0.01,0.04397162946146573,0.9361702,0.1148936131148936,1.260297,51.93473
457,Norwich,0.836923079498225,0.054000000054,0.08466666754155558,0.01,0.010650602405660618,0.01,0.01,0.08266666628088888,0.836,0.432000000432,1.297355,52.63089
458,Cromer,0.8683894257488907,0.01,0.08268229252105036,0.01,0.02080195782355589,0.01,0.01,0.04036458314496528,0.8359375,0.421875000421875,1.301866,52.93145
459,Dover,0.026579114312551125,0.01,0.01,0.01,0.010823783863427262,0.01,0.01,0.01,0.9918699,0.01,1.3134027,51.12788
460,Felixstowe,0.0263647639272762,0.7620967762620967,0.08534946188194442,0.01,0.010736494188761068,0.01,0.01,0.04166666580555555,0.9233871,0.10887096610887097,1.351255,51.96173
461,Margate,0.01,0.01,0.08893558208566768,0.01,0.011187608441604626,0.0588235343529412,0.01,0.08683472992810458,0.9789916,0.01,1.3868339,51.38965
462,Ramsgate,0.01,0.01,0.01,0.01,0.010957408983859279,0.05761316434567899,0.01,0.0850480139364426,0.9835391,0.01,1.419895,51.33555
463,Great Yarmouth,1.0,0.15882353115882356,0.08300654469106764,0.01,0.01,0.01,0.01,0.0405228794775599,0.8156863,0.2117646992117647,1.728047,52.59823000000001
464,Lowestoft,0.8736737449959192,0.23275861673275855,0.09123563677610158,0.01,0.01,0.01,0.01,0.04454023145881225,0.8275861999999999,0.23275863023275864,1.7534490000000005,52.48114
465,Swaffham,0.601866753005744,0.16945606366945604,0.01,0.01,0.011140796381381149,0.1171548147029289,0.01,0.08647140992980007,0.8702929,0.11297070011297068,0.687481,52.64747
466,Dereham,0.7886860239651879,0.05252918855252919,0.08236058035105932,0.01,0.020721015907923475,0.01,0.01,0.12062257010376133,0.8443579999999999,0.2101167272101167,0.937827,52.68162
467,Ely,0.01,0.40557939340557936,0.09084405343872187,0.01,0.011427683670430623,0.12017167472103005,0.01,0.01,0.944206,0.1158798151158798,0.262363,52.39954
468,March,0.028552232395545336,0.2358078617358079,0.01,0.01,0.023254589196133827,0.061135368366812215,0.01,0.01,0.9519651,0.3537117993537118,0.088622,52.55172
469,St Neots,0.054261090551572584,0.056016603056016585,0.01,0.01954091078673343,0.01,0.01,0.01,0.01,0.966805,0.11203320611203317,-0.26510300000000003,52.23008
470,Banham,0.6852536101853959,0.2358078617358079,0.09243085495511884,0.01,0.01,0.01,0.01,0.13537118170160115,0.8515284,0.11790392411790393,1.0402849,52.45125
471,Holt,0.9269083428520256,0.01,0.08109834850468292,0.01,0.020403452221295096,0.01,0.01,0.03959131914857384,0.8314176,0.31034483131034485,1.086747,52.90936
472,Cromer,0.8683894257488907,0.01,0.08268229252105036,0.01,0.02080195782355589,0.01,0.01,0.04036458314496528,0.8359375,0.421875000421875,1.301866,52.93145
473,Hunstanton,0.6202493172930749,0.10671936310671937,0.01,0.01,0.03157293333760529,0.01,0.01,0.08168642561879669,0.8735178,0.10671936310671937,0.491032,52.93891
474,Horncastle,0.1930173140554379,0.099630999099631,0.15621156794751953,0.01,0.019650558474588343,0.10332103661992624,0.01,0.11439114646617465,0.9225092,0.01,-0.11245,53.20731
475,Market Weighton,0.01,0.01,0.18731564626892835,0.020837874308805085,0.6126452722531084,0.01,0.01,0.01,0.7433628000000001,0.01,-0.6677465,53.86484
476,Hawes,0.01,0.01,0.4134114626052518,0.08738069580635117,0.40563817755934,0.01,0.44531249109375015,0.08072916628993056,0.7421875,0.01,-2.1968695,54.30383000000001
477,Reeth,0.01,0.01,0.01,0.4700406453642827,0.21260708292059252,0.01,0.01,0.03929023681664556,0.5171103,0.01,-1.9428115,54.38946
478,Aysgarth,0.01,0.054000000054,0.08466666754155558,0.17895566501140722,0.447325301037746,0.01,0.01,0.12399999942133333,0.66,0.01,-1.9967434,54.29159
479,Stanhope,0.01,0.01,0.01,0.9292228143254267,0.033008064734659635,0.01,0.4710743245785135,0.01,0.1942149,0.01,-2.011302,54.74946
480,Keswick,0.01,0.01,0.24423078152371805,0.1630162934953436,0.5222891560217956,0.10769231264615388,0.01,0.03974359114786324,0.6423076999999999,0.01,-3.134706,54.60128
481,Oxenholme,0.01,0.0531496080531496,1.0,0.02781117848562972,0.11531164124608842,0.01,0.8976378060472437,0.08136483162029744,0.8661416999999999,0.01,-2.7243328,54.30134
