,Unnamed:_0,Unnamed:_0,placename,past_participle,past_participle_was,present_participle,present_participle_was,present_participle_were,longitude,latitude
0,0,381,Scunthorpe,1.0,0.988869359666696,0.01,0.01,0.01,-0.654413,53.58865
1,1,409,Grimsby,0.9841798810311944,0.9696691157788296,0.011007081971644355,0.2640931609352528,0.01,-0.08078400000000001,53.56746999999999
2,2,338,Castleford,0.9960134797249376,0.3057749433913376,0.027057657444941367,0.01,0.8321861733629954,-1.345968,53.72346999999999
3,3,355,Doncaster,0.9879195977964644,0.4592947310943913,0.02837850189693024,0.01,1.0,-1.128462,53.522819999999996
4,4,278,Colne,0.9979162452422118,0.10949662820242173,0.03147505559944759,0.22366370967151047,0.01,-2.176991,53.85564
5,5,269,Manchester,0.9931484603420478,0.16878071083016227,0.03613853035997047,0.09850303646676556,0.01,-2.2426305,53.48076
6,6,319,Leeds,0.9887964917860462,0.2290822249063767,0.036940433172903415,0.01,0.8312823039520265,-1.5490774,53.80076
7,7,304,Huddersfield,0.9859796298680488,0.22326467358176968,0.03709874066123799,0.15201750377160908,0.8101721103647138,-1.7850351000000002,53.64579000000001
8,8,270,Burnley,0.9897330579394183,0.11423930684530773,0.03898537284576956,0.2333513682884861,0.01,-2.2405035,53.78929
9,9,393,Scarborough,0.9791657963018704,0.4886773039503174,0.039192545655758464,0.01,0.01,-0.399752,54.28311
10,10,280,Rochdale,0.985417018601849,0.16835745889746384,0.043598232286893024,0.0982560016389493,0.01,-2.1561,53.60971
11,11,337,Rotherham,0.9738096144853624,0.3390920051080287,0.046826843511566976,0.01,0.9228606222648954,-1.3635008999999998,53.4326
12,12,412,Louth_Lincs,0.944735979147174,1.0,0.04796111128087584,0.2553317212975916,0.01,-0.007711,53.36596
13,13,324,Wakefield,0.9765886304002992,0.24002730128995906,0.04812749568188057,0.01,0.8709993442065648,-1.505924,53.6833
14,14,307,Bradford,0.9794252338008544,0.2392109422911836,0.04849230290414813,0.01,0.01,-1.759398,53.79598000000001
15,15,370,Malton,0.9715630169809488,0.4098224192352664,0.04952601311071389,0.01,0.01,-0.7978970000000001,54.13684
16,16,327,Barnsley,0.9704048173582672,0.2882356141343132,0.05308793159824197,0.01,0.6275613940185361,-1.479726,53.55263000000001
17,17,301,Halifax,0.9692904379505896,0.2327034772342781,0.055523255383497866,0.15844421646141252,0.01,-1.8575400000000002,53.727019999999996
18,18,329,Sheffield,0.9654089770607328,0.2434615372848077,0.05870878974059781,0.01,0.8834613336457254,-1.470085,53.38113000000001
19,19,312,Otley,0.9672200167384268,0.2419539774537357,0.06013046098575218,0.01,0.01,-1.691786,53.90583
20,20,298,Keighley,0.9652084562045912,0.2314273175861924,0.06246886181896647,0.01,0.01,-1.9123580000000002,53.8678
21,21,236,Preston,0.9686449152558736,0.10115052673160756,0.06414939811519854,0.01,0.01,-2.70309,53.7632
22,22,391,Beverley,0.940039269180669,0.8053435116919847,0.06471626276943063,0.01,0.01,-0.435093,53.84196
23,23,464,Market Weighton,0.9442640164036468,0.6826470575926961,0.06534814657065721,0.01,0.01,-0.6677465,53.86484
24,24,396,Hull,0.93798040464079,0.8324566002013151,0.06565924232366857,0.01,0.01,-0.3274198,53.767619999999994
25,25,390,Driffield,0.9432104144589248,0.6802461905796308,0.06645374129998717,0.01,0.01,-0.443377,54.006
26,26,290,Skipton,0.9596769235724242,0.23866978355866197,0.06751370147273072,0.01,0.01,-2.0162787,53.96285
27,27,360,Selby,0.9506779415389645,0.30913486166963106,0.0705164283730634,0.01,0.8413301466289808,-1.067189,53.783519999999996
28,28,335,Wetherby,0.955886377036685,0.2305842917041236,0.07147031175940596,0.01,0.01,-1.384816,53.92706
29,29,339,Thirsk,0.9587110180222248,0.1520063409719905,0.07176054215468601,0.01,0.01,-1.341377,54.23385
30,30,320,Harrogate,0.9531238986358398,0.22686545890970186,0.07427057738214067,0.01,0.01,-1.5418120000000002,53.99211999999999
31,31,284,Macclesfield,0.957082436653556,0.12627169436059246,0.07431257732802539,0.01,0.01,-2.119287,53.25866
32,32,372,Gainsborough,0.9378690632388104,0.5974919098204288,0.07476071136600641,0.01,0.01,-0.774465,53.400569999999995
33,33,361,Helmsley,0.9538239587501232,0.1916648494291694,0.07494446112925196,0.01,0.01,-1.0562636,54.24651
34,34,265,Clitheroe,0.9522063464263341,0.21696658030788346,0.0755323257564264,0.01,0.01,-2.3930830000000003,53.8711
35,35,401,Bridlington,0.9303121748199364,0.7289572847732307,0.0769990930973223,0.01,0.01,-0.198802,54.08535
36,36,359,York,0.9445308831919562,0.3348940546143256,0.07840312974981355,0.01,0.01,-1.0872979,53.95997
37,37,297,Buxton,0.9441831896533028,0.1459341970477654,0.08437479513247545,0.08516947709788167,0.01,-1.91483,53.259080000000004
38,38,253,Blackburn,0.9412627374186104,0.10353287497803404,0.08644073477828408,0.2114818541102386,0.01,-2.487529,53.748580000000004
39,39,356,Worksop,0.9238065798095532,0.4908879403970014,0.08923978886411815,0.01,0.8906551541038007,-1.122745,53.3093
40,40,240,Wigan,0.9300308971690938,0.1287108578736004,0.09696212506803108,0.17527447875220334,0.01,-2.6325074,53.54506
41,41,364,Retford,0.9088554918160152,0.5005931174824437,0.10638518984985147,0.01,0.01,-0.9455030000000001,53.32136
42,42,225,Lancaster,0.9241019325358408,0.10302734359545898,0.10693441991142047,0.01,0.01,-2.8007399,54.046569999999996
43,43,247,Sedbergh,0.9190968580933824,0.11035564788446654,0.11146947176048827,0.01,0.01,-2.5281740000000004,54.32363
44,44,222,Morecambe,0.9118763863634513,0.09924741223446222,0.11884180841536213,0.01,0.01,-2.864968,54.074169999999995
45,45,387,Lincoln,0.8809880316807283,0.6573208718140187,0.12360382151046068,0.19181130188288092,0.01,-0.540579,53.23069
46,46,241,Warrington,0.8925260537901254,0.1996593475338443,0.12750173956506633,0.3262679983800148,0.01,-2.5969501,53.39004
47,47,333,Chesterfield,0.8904478255281629,0.29321845297683896,0.127544547202218,0.11978876115805098,0.6384101239499362,-1.421629,53.23505
48,48,465,Hawes,0.8919538586007846,0.13270440211761006,0.13672961229069186,0.01,0.01,-2.1968695,54.30383000000001
49,49,467,Aysgarth,0.8864582551870501,0.2157464200597137,0.13883835957365204,0.01,0.01,-1.9967433999999997,54.29159
50,50,470,Oxenholme,0.888363203320397,0.11035564788446654,0.14103972212189647,0.01,0.01,-2.7243327999999996,54.30134
51,51,231,Kendal,0.8810357414295034,0.11001042726831768,0.14810311686713787,0.01,0.01,-2.74629,54.32801
52,52,331,Northallerton,0.8839350810510281,0.01,0.14952465349708105,0.01,0.01,-1.429959,54.337959999999995
53,53,351,Mansfield,0.8627300704696774,0.3842185117403389,0.15276807239498366,0.13080425891203826,0.01,-1.198674,53.1472
54,54,466,Reeth,0.8784994715970434,0.01,0.1547544544509913,0.01,0.01,-1.9428115000000001,54.38946
55,55,234,Hereford,0.8541139276900973,0.15693566318126315,0.16019479359516978,0.6411305158480852,0.01,-2.715974,52.0564
56,56,463,Horncastle,0.8250928850045909,0.9504504480743244,0.16520921021120988,0.2426801475801434,0.01,-0.11245,53.20731
57,57,190,Barrow-in-Furness,0.8519092196249308,0.11405405236225225,0.1759722348050051,0.01,0.01,-3.2188939999999997,54.10896999999999
58,58,369,Newark-on-Trent,0.8283305021351721,0.5557506590497073,0.178205097312663,0.18920102227451047,0.01,-0.80657,53.07004000000001
59,59,288,Cheltenham,0.8336823327106628,0.14180107630396505,0.1870190282639443,0.28965052653113826,0.01,-2.0782533,51.899390000000004
60,60,216,Ambleside,0.8382452874870537,0.10932642505267703,0.18929994840198955,0.01,0.01,-2.961333,54.42874000000001
61,61,383,Whitby,0.8296515165222218,0.05787164159652587,0.19953810828743732,0.01,0.01,-0.613347,54.48634000000001
62,62,245,Ross-on-Wye,0.8133247228196512,0.20530284495871245,0.20174445159849505,0.4193627033008997,0.01,-2.582446,51.91445
63,63,251,Cinderford,0.8124655415989693,0.20803549540461344,0.20236193157212665,0.4249445123429059,0.01,-2.5009579,51.8253
64,64,108,Isle of Man,0.8203968745945196,0.10972438863541342,0.2064575993719392,0.01,0.01,-4.5126330999999995,54.27697
65,65,271,Gloucester,0.8007886295552351,0.1937557398593664,0.21839850706346198,0.19788797074716866,0.01,-2.238156,51.86424
66,66,203,Blackpool,0.7917447639809921,0.2580645166962366,0.22464222978789614,0.1976762060852314,0.01,-3.0356748,53.81751
67,67,469,Keswick,0.7990259851916215,0.11696230755788985,0.2267423616973416,0.01,0.01,-3.134706,54.60128
68,68,161,Whitehaven,0.7950884338669149,0.10983862403524207,0.23080356800309496,0.01,0.01,-3.589233,54.5497
69,69,352,Nottingham,0.7564995438472317,0.3730551628904173,0.24643185555895525,0.6096180952185294,0.01,-1.1581086,52.95478000000001
70,70,382,Grantham,0.7468426010056656,0.3900184832483056,0.2545544027856733,0.6373382187661132,0.01,-0.643582,52.912519999999994
71,71,328,Derby,0.7560484698588136,0.23100503625349245,0.25488488312909285,0.4718633867950511,0.01,-1.4746186000000001,52.92253
72,72,165,Workington,0.7698495150576864,0.11235356819813633,0.2549908253002827,0.01,0.01,-3.5427519999999997,54.64357
73,73,266,Sark,0.7665009342855994,0.01,0.2587277435623304,0.20201544215498848,0.01,-2.3666256000000003,49.43007
74,74,423,Skegness,0.7355750274135179,0.5687331514302335,0.26178983577078857,0.4646900384552559,0.01,0.337881,53.1464
75,75,367,Melton Mowbray,0.734266605042274,0.4824695116429624,0.2627468153069879,0.6570121471600622,0.01,-0.887126,52.7664
76,76,314,Burton upon Trent,0.7500890185561819,0.17690953153463573,0.2647602550204406,0.3613649740961823,0.01,-1.6371358999999999,52.81403
77,77,206,Southport,0.7514085778658497,0.1952799616570801,0.26582183057571823,0.19944467087906906,0.01,-3.010113,53.64571
78,78,341,Stockton,0.7598759669653782,0.01,0.268887692010089,0.01,0.01,-1.3289821000000002,54.57046
79,79,158,Totnes,0.755106139360428,0.01,0.2691554416651039,0.2306046053498305,0.01,-3.685797,50.43374
80,80,168,Torquay,0.7545120900280999,0.01,0.26970615249399565,0.2317203924915779,0.01,-3.525315,50.46192
81,81,318,Darlington,0.7588414209379087,0.01,0.26988303688147164,0.01,0.01,-1.559458,54.52361
82,82,164,Paignton,0.7541589679315215,0.01,0.2700597866537364,0.2309753371748841,0.01,-3.564235,50.43508
83,83,308,Ashbourne,0.740756110254683,0.1723715369581094,0.2707881895613711,0.5281430782048047,0.01,-1.7321790000000001,53.016630000000006
84,84,155,Kingsbridge,0.7533066003905036,0.01,0.2708235933619085,0.23398479460767296,0.01,-3.777493,50.28395
85,85,125,Saltash,0.7518919713615028,0.01,0.27205222639424675,0.2410514704498505,0.01,-4.21643,50.409209999999995
86,86,348,Middlesbrough,0.7559823198024475,0.01,0.2726338987217074,0.01,0.01,-1.234956,54.57423000000001
87,87,350,Loughborough,0.7266231954836859,0.4088830331700088,0.2727086101639061,0.6681652775776422,0.01,-1.206166,52.7721
88,88,189,Sidmouth,0.7497869360970028,0.01,0.2738548586870089,0.2529342838511344,0.01,-3.2375599999999998,50.67865
89,89,129,Plymouth,0.7478895851465254,0.01,0.2758726060872191,0.2426801475801434,0.01,-4.1426565,50.37546
90,90,281,Jersey,0.7524265024324557,0.01,0.276055144313564,0.01,0.01,-2.13125,49.21444
91,91,276,Alderney,0.7486987760644584,0.01,0.27964183199994724,0.01,0.01,-2.1973557,49.715
92,92,244,Guernsey,0.743092334929376,0.01,0.27987175478062354,0.2755754316788154,0.01,-2.5852779999999997,49.46569
93,93,130,Tavistock,0.7428170874549916,0.01,0.28073248444083737,0.2437782637222855,0.01,-4.141654,50.551120000000004
94,94,410,Boston,0.7056030077121059,0.8612244878581633,0.2826448281307022,0.2931972972852604,0.01,-0.026576999999999996,52.97894
95,95,162,Dartmouth,0.7392652995300576,0.01,0.2842973644630112,0.2359058333981031,0.01,-3.578807,50.35252
96,96,349,Hartlepool,0.7421555449179449,0.01,0.28593738158068144,0.01,0.01,-1.212926,54.69174
97,97,272,Newcastle-under-Lyme,0.7350904866453137,0.01,0.2880586480782803,0.2495367827603452,0.01,-2.2273002,53.01321
98,98,293,Poole,0.7394108492416429,0.01,0.288578128178181,0.01,0.01,-1.987248,50.71505
99,99,210,Axminster,0.7325822410435859,0.01,0.2899707225377228,0.2762820561630341,0.01,-2.9949369999999997,50.78273
100,100,326,Witney,0.7241843039067904,0.342532465602868,0.2901165108114188,0.01,0.01,-1.4850543999999999,51.785940000000004
101,101,295,Cirencester,0.7265885534490916,0.2573170738140244,0.2910651442045257,0.01,0.01,-1.968243,51.71849
102,102,300,Bournemouth,0.7356070251247931,0.01,0.2922380465394399,0.01,0.01,-1.880769,50.719159999999995
103,103,313,Bishop Auckland,0.734944097466008,0.01,0.2928758534099581,0.01,0.01,-1.6787880000000002,54.663819999999994
104,104,239,Yeovil,0.7262410837684972,0.1037875062609854,0.2933035259358415,0.21200192743195687,0.01,-2.633308,50.94206
105,105,218,Lyme Regis,0.7293435885694829,0.01,0.2934016604247836,0.25948225120489643,0.01,-2.936639,50.725159999999995
106,106,267,Bath,0.7293989794478993,0.11280406374746055,0.2938930059455501,0.01,0.01,-2.3590167,51.38106
107,107,258,Weymouth,0.7288311354995759,0.01,0.2940642364941569,0.2504357769069344,0.01,-2.457621,50.61443
108,108,259,Crewe,0.7237763365858138,0.04904239584310307,0.29423439012107416,0.4007065813842197,0.01,-2.4438209,53.1004
109,109,248,Nantwich,0.7209740953972796,0.048501286343914735,0.2970341172829642,0.39628538348295983,0.01,-2.524102,53.06718000000001
110,110,212,Liverpool,0.7150281875072036,0.2187176060052569,0.2976852510593879,0.3191174212063776,0.01,-2.9915726,53.40837
111,111,264,Wincanton,0.7259086685423546,0.10081223043211501,0.29771028948866546,0.01,0.01,-2.416007,51.05569000000001
112,112,260,Fortuneswell,0.7299043530066976,0.01,0.2977248279314717,0.01,0.01,-2.4422189999999997,50.55919
113,113,303,Ringwood,0.7275339480046565,0.01,0.3000054788390946,0.01,0.01,-1.7888169999999999,50.84495
114,114,204,Birkenhead,0.7123016942893052,0.2179430425897521,0.3003593822292574,0.3179872673982844,0.01,-3.023009,53.389990000000004
115,115,198,Taunton,0.7184706067793006,0.06868489573030599,0.3034673782247242,0.14029947603331172,0.01,-3.106849,51.01534
116,116,277,Stoke-on-Trent,0.717685102842211,0.01,0.30502703006132664,0.2377013075246709,0.01,-2.179404,53.002669999999995
117,117,183,Cockermouth,0.7168174429975533,0.13105590132008282,0.30529962586394355,0.01,0.01,-3.367985,54.66326
118,118,233,Glastonbury,0.7184524323031544,0.07580384230296093,0.3058414520888981,0.01,0.01,-2.718454,51.14743
119,119,209,Newport,0.7130585024214866,0.08468793750630142,0.3074494307863103,0.17298816746993095,0.01,-2.997664,51.58415
120,120,261,Dorchester,0.7137475375263758,0.01,0.3087652944754859,0.24037925413153,0.01,-2.4411810000000003,50.71116
121,121,334,Southampton,0.7129480704428703,0.01,0.30958671649403824,0.2375964308603465,0.01,-1.4043508999999998,50.9097
122,122,275,Shaftesbury,0.713726382939822,0.08936891271594663,0.3098694084374929,0.01,0.01,-2.198083,51.0046
123,123,232,Street,0.7138454754270869,0.07654634426851381,0.3102456579527099,0.01,0.01,-2.7429189999999997,51.12468
124,124,207,Bridgwater,0.7105679276152728,0.07807585513288623,0.3103518693543221,0.1594819926049022,0.01,-3.003632,51.12789
125,125,279,Blandford Forum,0.7148926834260054,0.01,0.3121682323986236,0.01,0.01,-2.165353,50.85691
126,126,193,Cardiff,0.7080081946600283,0.08358090842462862,0.31239330903169793,0.17072685418710026,0.01,-3.17909,51.48158
127,127,167,Exeter,0.7093114543047919,0.01,0.3142800758314408,0.17386043961711686,0.01,-3.533899,50.71841
128,128,274,Trowbridge,0.7076718339356001,0.11307609901371918,0.314787305947125,0.01,0.01,-2.208853,51.31966
129,129,238,Wells,0.7088652352380229,0.07696516520121892,0.3150214017993477,0.01,0.01,-2.6445979,51.20935
130,130,243,Bristol,0.7081672877841693,0.07830766324920517,0.3156414394619914,0.01,0.01,-2.58791,51.45451
131,131,228,Bridport,0.7061137258820573,0.01,0.31568990093801225,0.2628049019640239,0.01,-2.758301,50.733579999999996
132,132,111,Liskeard,0.7020650010489149,0.01,0.31628113094546584,0.439123765526236,0.01,-4.4647190000000005,50.45552
133,133,83,Falmouth,0.7019955770684393,0.01,0.3165083614219189,0.4305694213839496,0.01,-5.066269999999999,50.152570000000004
134,134,115,Launceston,0.7010317282141546,0.01,0.31742361024265603,0.4312156340361842,0.01,-4.360451599999998,50.636829999999996
135,135,213,Weston-super-Mare,0.7060718364428104,0.07730353535071137,0.3176960714300617,0.01,0.01,-2.977255,51.347409999999996
136,136,325,Andover,0.704341357684016,0.01,0.3178479173882602,0.2386489328368405,0.01,-1.4919233,51.2112
137,137,316,Durham,0.7081114631807639,0.01,0.31869276245355604,0.01,0.01,-1.5848520000000001,54.77525
138,138,96,St Austell,0.6989405721492984,0.01,0.3192747040114391,0.4397959100112248,0.01,-4.7834252,50.340379999999996
139,139,354,Leicester,0.6793329707019331,0.2858884888211673,0.3217588931183492,0.7299640675308026,0.01,-1.1397591999999999,52.63688000000001
140,140,138,Okehampton,0.6958065593265409,0.01,0.3222775655269829,0.4404700658295019,0.01,-4.004263,50.73831
141,141,76,Helston,0.6949744929132274,0.01,0.3227944879378713,0.4556025473248765,0.01,-5.274996,50.10159
142,142,85,Truro,0.6946575798576549,0.01,0.32315323747563635,0.4527310817223392,0.01,-5.0510410000000014,50.2632
143,143,343,Isle of Wight,0.6983579395779677,0.01,0.3237739482143359,0.22962170987178185,0.01,-1.304734,50.69385
144,144,99,Bodmin,0.6930628430292461,0.01,0.32457935102275914,0.4585106479265956,0.01,-4.7188629,50.4715
145,145,406,Spalding,0.6712673928267651,0.6050179211091398,0.3251926579248446,0.3089605472665478,0.01,-0.1537024,52.7901
146,146,306,Swindon,0.6911674508367829,0.23963657149054515,0.3258222532674814,0.01,0.01,-1.7797176,51.55577
147,147,73,Penzance,0.6909779409989066,0.01,0.326557790781308,0.4599786338938106,0.01,-5.537592,50.1188
148,148,77,Redruth,0.6854437500522919,0.01,0.3318686300923419,0.4607162185440046,0.01,-5.226666000000002,50.23302
149,149,66,Scilly Isles,0.6843857129197803,0.01,0.33287272495245057,0.4614561018608138,0.01,-6.327496599999999,49.92773
150,150,166,Llanidloes,0.6864210443812312,0.01,0.333222320655856,0.33830453511119873,0.01,-3.5401949999999998,52.44779000000001
151,151,358,Portsmouth,0.6883671404240056,0.01,0.3335896855671358,0.2187817009472087,0.01,-1.0879769,50.81977
152,152,302,Salisbury,0.6922724561882497,0.01,0.3339322812795606,0.01,0.01,-1.794472,51.06878
153,153,82,Newquay,0.6817813202818116,0.01,0.3354611062328053,0.4570519284591736,0.01,-5.0737190000000005,50.4155
154,154,172,Tiverton,0.6867037771094557,0.01,0.3358979325930484,0.18101640429063365,0.01,-3.491207,50.90205
155,155,220,Chester,0.6737080472858735,0.2260829618942089,0.3369580273810032,0.329863759466376,0.01,-2.893075,53.19339
156,156,101,Camelford,0.6795558074083081,0.01,0.33760243039686844,0.4570519284591736,0.01,-4.682364,50.62206
157,157,94,Wadebridge,0.6795558074083081,0.01,0.33760243039686844,0.4570519284591736,0.01,-4.836456,50.51665
158,158,197,Mold,0.6708561235994216,0.2292410375728051,0.3394947164202691,0.3344715085301363,0.01,-3.1419029999999997,53.1672
159,159,237,Whitchurch,0.6754259480199908,0.04973599855872934,0.3406217149681749,0.4063737284243201,0.01,-2.682045,52.96872
160,160,211,Wrexham,0.6676515535147659,0.22341552099821008,0.34296025041660044,0.32597182955329584,0.01,-2.9924939999999998,53.04304000000001
161,161,188,Ruthin,0.6667735682171477,0.23197738403536725,0.3432432115904774,0.3384639332743056,0.01,-3.3103108,53.114869999999996
162,162,107,Bude,0.6705713621575394,0.01,0.34627393845473303,0.4556025473248765,0.01,-4.543678,50.82664000000001
163,163,344,Abingdon,0.6640009602391429,0.2377464792100469,0.34748237920539593,0.24281691824375554,0.01,-1.2879528999999998,51.67078
164,164,273,Worcester,0.6598662599203049,0.10662309657339868,0.352867391497784,0.4355882007718636,0.01,-2.221575,52.19364
165,165,296,Evesham,0.6566827045109161,0.10355320131133687,0.35364035204031563,0.5640622582359429,0.01,-1.9467700000000001,52.09215
166,166,133,Tywyn,0.6676255300154341,0.01,0.3576462314942786,0.01,0.01,-4.087249,52.58701
167,167,173,Minehead,0.6614688457718991,0.01,0.3600473630158977,0.1879633339688189,0.01,-3.481152,51.20428
168,168,181,Llandrindod Wells,0.6559120871347347,0.01,0.3617175339408697,0.3841354937543074,0.01,-3.377742,52.2417
169,169,126,Bideford,0.65107061095985,0.01,0.3643647420685054,0.4914480981909926,0.01,-4.206666,51.01668
170,170,309,Marlborough,0.6438603947272362,0.12500000087916666,0.3709419066710048,0.2553317212975916,0.01,-1.7270619999999999,51.42007
171,171,347,Oxford,0.6439567376392785,0.22094240758525305,0.3719614822803977,0.01,0.01,-1.2577263,51.75202
172,172,187,Newtown,0.6368104328824431,0.01,0.3729316541072918,0.766449294215966,0.01,-3.313106,52.51211
173,173,230,Penrith,0.643383507106416,0.09846010090230983,0.3772016486055681,0.01,0.01,-2.752708,54.6641
174,174,177,Builth Wells,0.639349137171292,0.01,0.3775986288633051,0.3870678021888191,0.01,-3.4045919999999996,52.15002
175,175,171,Rhyl,0.6298624383834192,0.22175512331736733,0.3784173585776341,0.3774741734030768,0.01,-3.4916339999999995,53.319140000000004
176,176,235,Ludlow,0.6362378179592422,0.01,0.3786402813673297,0.4912240500293296,0.01,-2.7139129,52.36775
177,177,194,Llangollen,0.6303564371546062,0.2075069650220729,0.3789419540555592,0.35322079827806885,0.01,-3.1716599999999997,52.96921
178,178,468,Stanhope,0.6439854754175729,0.01,0.3803913560342142,0.01,0.01,-2.011302,54.74946
179,179,365,Petersfield,0.6394070884262558,0.01,0.3809847398850467,0.20339780279078248,0.01,-0.93899,51.00759
180,180,176,Prestatyn,0.62635973133787,0.2196772515871508,0.3819332386629424,0.3739371719820699,0.01,-3.4076129999999996,53.33651
181,181,342,Newbury,0.6330362419761226,0.1133799038465968,0.3822459497984877,0.2315959053276915,0.01,-1.3231138999999998,51.40141
182,182,196,Welshpool,0.6319419538292195,0.01,0.3830591602891588,0.4759800832031116,0.01,-3.146407,52.66035
183,183,262,Alston,0.6387430274860479,0.01,0.3854353879967115,0.01,0.01,-2.438685,54.812169999999995
184,184,182,Corwen,0.6222073322412605,0.21526951082709567,0.3862378292704891,0.3664342523163017,0.01,-3.369242,52.98005
185,185,336,Sunderland,0.6373913445449472,0.01,0.386735905551814,0.01,0.01,-1.383801,54.90687
186,186,332,South Shields,0.6352215723280771,0.01,0.3888235182466207,0.01,0.01,-1.427406,54.99941999999999
187,187,268,Kidderminster,0.62429560613361,0.03723441737748171,0.3893587483262281,0.4563422151416906,0.01,-2.2496839,52.3886
188,188,163,Bridgend,0.6218757424917097,0.01,0.3936214736031012,0.4291759984150694,0.01,-3.576945,51.50429000000001
189,189,149,Machynlleth,0.6301584067193682,0.01,0.3936951081236105,0.01,0.01,-3.853485,52.59027
190,190,180,Merthyr Tydfil,0.6205057451631758,0.01,0.3948300489689753,0.4350239499511319,0.01,-3.381646,51.74873
191,191,134,Aberystwyth,0.6154770117221314,0.01,0.3959863936329159,0.6315018323964591,0.01,-4.08292,52.4153
192,192,202,Oswestry,0.6092760315652175,0.21012447980147994,0.3990406781591263,0.35767633251189523,0.01,-3.056412,52.85715
193,193,157,Colwyn Bay,0.6060557214608049,0.22773880197505844,0.40090294499043616,0.3876596370089348,0.01,-3.72764,53.29318000000001
194,194,136,Barnstaple,0.6154385641005379,0.01,0.4015451941629229,0.3368503411436757,0.01,-4.058338,51.07816
195,195,310,Stratford-upon-Avon,0.6062883239749938,0.10968256140214283,0.4040658639920599,0.44808705682605576,0.01,-1.7082979999999999,52.19173
196,196,323,Blyth,0.6187797575566856,0.01,0.4046429594023407,0.01,0.01,-1.510277,55.12696
197,197,287,Dudley,0.6112682703503555,0.03744587102716452,0.4047031324017332,0.30595583083365313,0.01,-2.081112,52.51225
198,198,113,Pwllheli,0.6032899131713353,0.2393647190909529,0.4058024002161381,0.2444696595401777,0.01,-4.417633900000001,52.888819999999996
199,199,289,Bromsgrove,0.6027398939209413,0.03483687713107802,0.4080738972894016,0.5692775017861358,0.01,-2.061906,52.33559
200,200,179,Brecon,0.6051996042973025,0.01,0.4094567993537392,0.4403575748320143,0.01,-3.391463,51.94895
201,201,104,Holyhead,0.5970282394982378,0.2205959209691061,0.4100900293070776,0.3755009836138114,0.01,-4.633038,53.30944
202,202,254,Market Drayton,0.6060021074557298,0.01,0.4127546027969541,0.22317732618237307,0.01,-2.483485,52.90355
203,203,145,Tregaron,0.5962712634725125,0.01,0.4134484095953184,0.6857597028513667,0.01,-3.934385,52.22
204,204,135,Lampeter,0.5955678594784762,0.01,0.41393840896397294,0.6957223394622012,0.01,-4.0785089999999995,52.1129
205,205,294,Walsall,0.6014450149622529,0.0369708432112104,0.4142454662606492,0.3020745322536689,0.01,-1.9829189999999999,52.586209999999994
206,206,143,Swansea,0.5998972463527995,0.01,0.4144016199056052,0.4487245776451512,0.01,-3.9436459999999998,51.62144
207,207,131,Porthmadog,0.591414676878661,0.2257891901113162,0.4151266574329606,0.3843410089163842,0.01,-4.1333839999999995,52.92784
208,208,151,Llandudno,0.5905964896649911,0.2358859691295044,0.4152052727162831,0.401527851865878,0.01,-3.827609,53.324059999999996
209,209,147,Dolgellau,0.5934177447973918,0.2410051385884923,0.4152067534836061,0.2461450283360944,0.01,-3.8844,52.74215
210,210,116,Carmarthen,0.5937506776952951,0.01,0.4156551567520096,0.6974109974244878,0.01,-4.312131,51.857620000000004
211,211,282,Wolverhampton,0.5984059179564132,0.037048744411093563,0.4171546355892195,0.30271104740612,0.01,-2.12882,52.586969999999994
212,212,118,Caernarfon,0.5882631891361908,0.2294725397391245,0.4179004038590949,0.39061083760969134,0.01,-4.273911,53.13955
213,213,255,Telford,0.5957678066983424,0.01,0.4180312498443511,0.4670568030690648,0.01,-2.4672611,52.67759
214,214,117,Llangefni,0.5881784308786896,0.2267598076931936,0.4181723265856561,0.3859931755461525,0.01,-4.311401999999998,53.25578
215,215,317,Ashington,0.6040422441423411,0.01,0.4188226526708129,0.01,0.01,-1.5659829,55.18298000000001
216,216,103,Cardigan,0.590089730984454,0.01,0.4191138253725713,0.700813024015176,0.01,-4.660864,52.0837
217,217,120,Aberaeron,0.5898220806929392,0.01,0.4193069982005984,0.7042483812717862,0.01,-4.2581619,52.24279
218,218,315,Newcastle,0.6030362819907508,0.01,0.419790536039117,0.01,0.01,-1.61778,54.97825
219,219,90,Haverfordwest,0.5908772216618153,0.01,0.4199837088671444,0.6139601327882237,0.01,-4.971319,51.80048
220,220,330,Nuneaton,0.5852722216129863,0.09941575506754304,0.4203914583417747,0.6769066038824193,0.01,-1.465382,52.52049
221,221,86,Milford Haven,0.5897347200855048,0.01,0.4211563419716362,0.6100495262088941,0.01,-5.0426971,51.71431
222,222,285,Hexham,0.6000974454129818,0.01,0.42261812854971903,0.01,0.01,-2.1121439,54.97266
223,223,132,Bangor,0.5832715601683871,0.22823147642431946,0.4227901667895928,0.3884982911568715,0.01,-4.129263,53.22739
224,224,139,Llandeilo,0.5856905283780524,0.01,0.4235047043304769,0.6923694468704158,0.01,-3.9914300000000003,51.88469
225,225,340,Banbury,0.5755764533893523,0.254216868402008,0.4248022603509336,0.623132530916707,0.01,-1.339775,52.0629
226,226,299,Birmingham,0.5879559159682739,0.035007962964154725,0.4249195101998617,0.429054959251106,0.01,-1.8904009999999998,52.48624
227,227,462,Hunstanton,0.5810932113896405,0.10481867732610532,0.4288658897304881,0.4282165924364961,0.01,0.49103199999999997,52.93891
228,228,100,Tenby,0.5870091222998416,0.01,0.4295190427350795,0.3037350315499177,0.01,-4.703579,51.67274000000001
229,229,92,Pembroke,0.5870091222998416,0.01,0.4295190427350795,0.3037350315499177,0.01,-4.9086370000000015,51.67404000000001
230,230,321,Leamington Spa,0.5853120683474471,0.038202492409362916,0.4295319657953516,0.31213787919558744,0.01,-1.5200789,52.28519
231,231,346,Rugby,0.5641669817702031,0.2312176715031735,0.4306359451421475,0.9445953822373698,0.01,-1.265032,52.37088
232,232,88,Fishguard,0.5779833892283588,0.01,0.4307297719443324,0.7025264644769089,0.01,-4.975989,51.99393
233,233,366,Northampton,0.5593141587899644,0.2937354979260634,0.4318737320088451,1.0,0.01,-0.9026559999999999,52.24048
234,234,379,Corby,0.5541112357969408,0.5040611556772416,0.4321324624447118,0.8236980172707443,0.01,-0.6842333,52.4923
235,235,283,Stafford,0.572934732420084,0.01,0.43714957136497534,0.6191638830053401,0.01,-2.12066,52.80669
236,236,128,Llanelli,0.5719870852928025,0.01,0.4372288597243536,0.6635873393465495,0.01,-4.160248,51.68089000000001
237,237,322,Coventry,0.5701988371637172,0.09988638353350376,0.4373652249332678,0.5440888566820157,0.01,-1.519693,52.40682
238,238,377,Kettering,0.5471250035432533,0.5217606339340257,0.4376347245860278,0.8526211336247949,0.01,-0.7302489999999999,52.39632
239,239,371,Chichester,0.5842938359760104,0.01,0.43782345511208665,0.01,0.01,-0.774936,50.83761
240,240,219,Carlisle,0.581257970920894,0.01,0.4407444705792399,0.01,0.01,-2.932931,54.892469999999996
241,241,357,Basingstoke,0.572008071985812,0.01,0.4448762152556457,0.2544274114844545,0.01,-1.0923964,51.26654
242,242,229,Shrewsbury,0.5671299110715468,0.01,0.4455498297723346,0.4689369686937411,0.01,-2.7553267999999997,52.7073
243,243,311,Alnwick,0.5729955798386829,0.01,0.4486940372596057,0.01,0.01,-1.7062990000000002,55.41274
244,244,378,Wellingborough,0.5429355979113035,0.31969696953712123,0.4490615367860966,0.8707070425542094,0.01,-0.693964,52.30242
245,245,399,Peterborough,0.5357695516719104,0.45157838373929904,0.44993882411728425,0.9224183495659904,0.01,-0.2405299,52.5695
246,246,380,Bognor Regis,0.5643574150225715,0.01,0.4570053150123826,0.01,0.01,-0.673061,50.783
247,247,414,Chatteris,0.5443944249157826,0.25209080075519713,0.4617378473762351,0.25746711074990125,0.01,0.054012,52.4561
248,248,353,Bicester,0.538059409746181,0.24364896155119325,0.4636544987528573,0.4976904865515792,0.01,-1.1535898999999998,51.8996
249,249,362,Towcester,0.5293632377105914,0.2990080292181546,0.4677832818946175,0.6107699426928047,0.01,-0.9896879999999999,52.13511
250,250,418,Wisbech,0.5325652334275711,0.3675958192319396,0.4688323382352563,0.25029038624351474,0.01,0.158797,52.66631999999999
251,251,458,March,0.5367721979260054,0.25529340446705995,0.4688876650870468,0.26073804151018376,0.01,0.088622,52.551719999999996
252,252,363,Reading,0.5327091321859732,0.01,0.482539666727737,0.26232498347474204,0.01,-0.9781303,51.45426
253,253,376,Midhurst,0.5284070979682056,0.01,0.4872917182972091,0.22962170987178185,0.01,-0.737274,50.9869
254,254,445,Sheringham,0.5137220652775136,0.10705225650608828,0.4934303065417204,0.4373414368993746,0.01,1.2109589,52.944419999999994
255,255,368,Aylesbury,0.5066079680988835,0.2508917967736623,0.5029648327183885,0.01,0.01,-0.8084,51.81561
256,256,425,King's Lynn,0.5025393898541539,0.11253333316453333,0.5035602357973884,0.4597333230659559,0.01,0.4022963,52.75168000000001
257,257,461,Holt,0.4985793687767985,0.11128692099973628,0.5075134807037842,0.45464134551301,0.01,1.086747,52.90936
258,258,448,Cromer,0.4981679876204255,0.1107611547171916,0.5079696916544355,0.4524934570609795,0.01,1.301866,52.93145
259,259,424,Downham Market,0.4967061665144106,0.1127136748642628,0.5091518824389207,0.460470045716169,0.01,0.385472,52.606609999999996
260,260,374,Aldershot,0.4995476388277438,0.01,0.5143294526908974,0.2685358370026997,0.01,-0.7557509,51.24837
261,261,373,Milton Keynes,0.4856467669257889,0.2317408002857221,0.5149947210644937,0.4733662837614863,0.01,-0.7594171,52.040620000000004
262,262,457,Ely,0.4899669476374454,0.1329552600172338,0.5234904216565721,0.01,0.01,0.262363,52.39954
263,263,404,Huntingdon,0.4766735145779586,0.2047549729095342,0.5256943418938287,0.418243539992561,0.01,-0.182552,52.33146
264,264,456,Dereham,0.4829235336408714,0.01,0.5271106285305363,0.440020389172878,0.01,0.9378270000000001,52.681619999999995
265,265,455,Swaffham,0.4766639306548176,0.11041339506771324,0.5286996264831735,0.4510727374260423,0.01,0.687481,52.64747
266,266,388,Bedford,0.4730813762379316,0.09896810450154786,0.5334609665022161,0.40431520063696064,0.01,-0.46677820000000003,52.13864
267,267,453,Great Yarmouth,0.4699933942285083,0.01,0.5388724979912044,0.4762430650305716,0.01,1.728047,52.59823000000001
268,268,447,Norwich,0.4668097688634762,0.01,0.5419504747945806,0.4754550533815039,0.01,1.297355,52.63089
269,269,459,St Neots,0.4642211582186506,0.09754969920367547,0.5421486283854209,0.3985205494330411,0.01,-0.26510300000000003,52.23008
270,270,436,Thetford,0.4694071379548514,0.01,0.5438237800732064,0.24213486075898816,0.01,0.751657,52.412859999999995
271,271,208,Langholm,0.4693403163243089,0.01,0.5484257356822251,0.01,0.01,-2.998913,55.153059999999996
272,272,454,Lowestoft,0.4646730996570467,0.01,0.5485314086229925,0.23398479460767296,0.01,1.7534490000000005,52.48114
273,273,416,Cambridge,0.4692191251677431,0.01,0.5485423124550973,0.01,0.01,0.12181700000000001,52.20534
274,274,428,Mildenhall,0.4639389991267018,0.01,0.5536225559093989,0.01,0.01,0.5156095,52.34757000000001
275,275,386,Woking,0.4594425162026365,0.01,0.5579488195659439,0.01,0.01,-0.5600349,51.31677
276,276,460,Banham,0.4546050274994236,0.01,0.5581333770204564,0.2385169031731225,0.01,1.0402849,52.45125
277,277,375,High Wycombe,0.4589086986792459,0.01,0.5584623765965531,0.01,0.01,-0.748229,51.628609999999995
278,278,435,Bury St Edmunds,0.43893736985976783,0.01,0.5731529345914111,0.2414566104408024,0.01,0.7104931999999999,52.24292
279,279,394,Worthing,0.44041595233793296,0.01,0.5762551421327977,0.01,0.01,-0.372882,50.81787
280,280,398,Biggleswade,0.4296460711749423,0.1147986924611353,0.5778285247209393,0.2344940210963002,0.01,-0.26421999999999995,52.08694000000001
281,281,411,Royston,0.4217171866269098,0.01,0.5899838744438539,0.2274406344204925,0.01,-0.024066,52.048140000000004
282,282,392,Luton,0.4200948173193719,0.01,0.5910836807191037,0.2520467830376219,0.01,-0.4200255,51.87867
283,283,385,Guildford,0.4210909856808913,0.01,0.5948485989450744,0.01,0.01,-0.570409,51.23622
284,284,442,Ipswich,0.40909203982849,0.01,0.5994319776549517,0.3714716365371335,0.01,1.14822,52.05674000000001
285,285,450,Felixstowe,0.4057617034881927,0.01,0.605619835066751,0.21226296975946035,0.01,1.3512549999999999,51.961729999999996
286,286,446,Harwich,0.3829530577205972,0.01,0.627128115046467,0.2355835172386348,0.01,1.260297,51.93473
287,287,443,Clacton,0.3741115878137381,0.01,0.6355835656904056,0.2383190741775407,0.01,1.153035,51.78953
288,288,389,Heathrow,0.3727751412117621,0.1472435434791347,0.6356992001567997,0.01,0.01,-0.4542955,51.47002
289,289,402,Stevenage,0.37209868413155,0.01,0.6366339681831563,0.2856195991211623,0.01,-0.19661199999999998,51.90376
290,290,395,Dorking,0.3762501178402812,0.01,0.637992101048639,0.01,0.01,-0.332378,51.2322
291,291,439,Colchester,0.3688471458279391,0.01,0.6408198281744522,0.2291943733813257,0.01,0.891874,51.89593
292,292,384,Slough,0.3713021272028088,0.01,0.6427527679916258,0.01,0.01,-0.5950406,51.51054
293,293,397,Horsham,0.3657250394556824,0.01,0.648118799539239,0.01,0.01,-0.325858,51.06288
294,294,451,Margate,0.3526800468680425,0.01,0.6564948272085879,0.2227966095242091,0.01,1.3868339,51.38965
295,295,430,Braintree,0.3446119365985848,0.01,0.6597873806585671,0.4613326203635716,0.01,0.5509269,51.88009
296,296,452,Ramsgate,0.3484173976774894,0.01,0.6605033989667743,0.2277411132471152,0.01,1.4198950000000001,51.33555
297,297,403,Crawley,0.34826703501764045,0.01,0.6649159509736785,0.01,0.01,-0.18722750000000002,51.109140000000004
298,298,407,Brighton,0.3473622567086133,0.01,0.6657865075443075,0.01,0.01,-0.137163,50.82253
299,299,405,Hove,0.34487936303204103,0.01,0.6681753890817101,0.01,0.01,-0.168749,50.82793
300,300,413,Lewes,0.3374188035340808,0.01,0.6753536106020785,0.01,0.01,0.00878,50.873870000000004
301,301,421,Eastbourne,0.3343113458735446,0.01,0.678343414442139,0.01,0.01,0.29047199999999995,50.768029999999996
302,302,153,Dalbeattie,0.3283680823067879,0.141137122604961,0.6786590871123299,0.01,0.01,-3.8225269999999996,54.934219999999996
303,303,449,Dover,0.32516162341976146,0.01,0.6828744278348716,0.2279820422417345,0.01,1.3134027,51.12788
304,304,432,Hastings,0.3278497949362244,0.01,0.6845603487395505,0.01,0.01,0.573453,50.85426
305,305,434,Southend,0.3190844647516039,0.01,0.6849909828000798,0.4270498036292211,0.01,0.7077123000000001,51.54593
306,306,444,Folkestone,0.3228822167186097,0.01,0.6850765980743833,0.227500687085818,0.01,1.169456,51.0814
307,307,433,Maldon,0.3134115237819386,0.01,0.6884589398702121,0.5332508590907308,0.01,0.6714479999999999,51.7318
308,308,437,Ashford,0.3190432468865331,0.01,0.688763439477876,0.22786150591109305,0.01,0.8750190000000001,51.14647
309,309,415,Uckfield,0.3234592948118573,0.01,0.6887847086812405,0.01,0.01,0.095913,50.966409999999996
310,310,441,Canterbury,0.3183551212050078,0.01,0.6893474002639264,0.2320322928179455,0.01,1.0789089,51.280229999999996
311,311,427,Chelmsford,0.3060437254670806,0.01,0.6908511867878939,0.7838739054934829,0.01,0.4685497,51.73559
312,312,440,New Romney,0.3103593870441757,0.01,0.6960644300708305,0.2841133978214675,0.01,0.939473,50.98512
313,313,400,Welwyn Garden City,0.302102746315849,0.01,0.7043004579205638,0.2685358370026997,0.01,-0.208661,51.80317
314,314,426,Bexhill,0.3040675345065305,0.01,0.7074423769492452,0.01,0.01,0.4662071,50.849909999999994
315,315,146,Castle Douglas,0.2975160206118427,0.14285714185238094,0.7082773951041256,0.01,0.01,-3.9314139999999997,54.940419999999996
316,316,417,Bishop's Stortford,0.2901257945177217,0.01,0.7103327001482517,0.5615635357917477,0.01,0.15365020000000001,51.87216
317,317,408,London,0.29414969908859834,0.05566914974982961,0.7116573138261532,0.17056925185728672,0.01,-0.12775830000000002,51.50735
318,318,438,Faversham,0.2951759623678933,0.01,0.7119191404118768,0.2176218081397797,0.01,0.889358,51.31599
319,319,429,Medway,0.29035971219800605,0.01,0.7167387688173557,0.2077108196944584,0.01,0.5417860999999999,51.404740000000004
320,320,431,Gillingham,0.28425016406697035,0.01,0.7226020689550263,0.20851477834317003,0.01,0.551438,51.38632
321,321,422,Brentwood,0.2613362070738531,0.01,0.7351504950945543,0.7153526650237905,0.01,0.30717490000000003,51.62047000000001
322,322,184,Lockerbie,0.26342130497999394,0.1461218850641505,0.7409565837674786,0.01,0.01,-3.349008,55.12224000000001
323,323,419,Sevenoaks,0.25982001644181474,0.01,0.7456585584783957,0.2324703324748293,0.01,0.190898,51.27241
324,324,160,Dumfries,0.2547010821942153,0.1461218850641505,0.7493467460340003,0.01,0.01,-3.60512,55.070859999999996
325,325,420,Tunbridge Wells,0.2529640835694593,0.01,0.7566113905199391,0.01,0.01,0.26369499999999996,51.13238
326,326,246,Jedburgh,0.246365307642114,0.01,0.7588542145532233,0.21911536677309013,0.01,-2.5549369,55.47772
327,327,292,Berwick,0.23384439475230825,0.01,0.7708353721928858,0.22262399402806413,0.01,-2.005395,55.77024
328,328,345,Shetland Islands,0.2164647406348352,0.1391820563912269,0.7757458658659034,0.5686015501345655,0.01,-1.2659409,60.52965
329,329,217,Orkney Islands,0.21592886641552966,0.13890717614163925,0.7762929420840936,0.5674785796596452,0.01,-2.9605206,58.980940000000004
330,330,215,Kirkwall,0.21592886641552966,0.13890717614163925,0.7762929420840936,0.5674785796596452,0.01,-2.9622491,58.984669999999994
331,331,199,Wick,0.21592886641552966,0.13890717614163925,0.7762929420840936,0.5674785796596452,0.01,-3.093716,58.43894
332,332,186,Elgin,0.21592886641552966,0.13890717614163925,0.7762929420840936,0.5674785796596452,0.01,-3.318485,57.64945
333,333,200,John o' Groats,0.21592886641552966,0.13890717614163925,0.7762929420840936,0.5674785796596452,0.01,-3.0688997000000002,58.63734
334,334,112,Altnaharra,0.21316563249373605,0.13890717614163925,0.7789515925046787,0.5674785796596452,0.01,-4.442655,58.28023
335,335,121,Alness,0.21316563249373605,0.13890717614163925,0.7789515925046787,0.5674785796596452,0.01,-4.256825,57.69595
336,336,127,Invergordon,0.21316563249373605,0.13890717614163925,0.7789515925046787,0.5674785796596452,0.01,-4.1728819999999995,57.688109999999995
337,337,114,Lairg,0.21316563249373605,0.13890717614163925,0.7789515925046787,0.5674785796596452,0.01,-4.402414,58.022059999999996
338,338,150,Brora,0.21316563249373605,0.13890717614163925,0.7789515925046787,0.5674785796596452,0.01,-3.852548000000001,58.012159999999994
339,339,137,Tain,0.21316563249373605,0.13890717614163925,0.7789515925046787,0.5674785796596452,0.01,-4.05523,57.8115
340,340,124,Inverness,0.21316563249373605,0.13890717614163925,0.7789515925046787,0.5674785796596452,0.01,-4.224721,57.47776999999999
341,341,141,Golspie,0.21316563249373605,0.13890717614163925,0.7789515925046787,0.5674785796596452,0.01,-3.976086,57.97341
342,342,249,Banff,0.2135048613995421,0.13491048448096762,0.7790841884876801,0.5511508633576307,0.01,-2.524038,57.666509999999995
343,343,169,Thurso,0.21238964252414397,0.14142091057120196,0.7794095534530754,0.5777479445969627,0.01,-3.5220800000000003,58.59356999999999
344,344,159,Grantown-on-Spey,0.21171686511077287,0.13674659592821345,0.7805936288505166,0.5586519871901058,0.01,-3.609628,57.33041
345,345,152,Aviemore,0.20627637275288133,0.13674659592821345,0.7858281413368179,0.5586519871901058,0.01,-3.823812,57.19449
346,346,305,Peterhead,0.2064765438308063,0.13270440211761006,0.7860997948329564,0.5421383662255765,0.01,-1.784066,57.50812
347,347,291,Fraserburgh,0.2064765438308063,0.13270440211761006,0.7860997948329564,0.5421383662255765,0.01,-2.007631,57.69335
348,348,178,Braemar,0.2041625370684461,0.13287153521735934,0.7883069458352813,0.5428211420436612,0.01,-3.3979439,57.00646999999999
349,349,257,Turriff,0.20347155719667145,0.13388324856584174,0.7888556374360055,0.5469542882846877,0.01,-2.4623,57.53893000000001
350,350,89,Inchnadamph,0.2017009099074568,0.14491758146595696,0.7892920599506148,0.5920329364445979,0.01,-4.974295,58.15221
351,351,24,Longford,0.21541599361176256,0.01,0.7927382093565378,0.01,0.01,-7.7932573000000005,53.72763000000001
352,352,45,Meath,0.21513706647053715,0.01,0.7930064974723974,0.01,0.01,-6.656416900000001,53.60555
353,353,78,Ullapool,0.1975403539828308,0.14256756896948194,0.793565015983537,0.5824324116590096,0.01,-5.161313,57.895419999999994
354,354,123,Dalwhinnie,0.20110357265989068,0.14622314748066528,0.7953142060374652,0.2986832806627401,0.01,-4.242783,56.9366
355,355,227,Hawick,0.20674972061814711,0.01,0.7969386077906397,0.2207991400688193,0.01,-2.780914,55.42706
356,356,148,Aberfeldy,0.19241789397080566,0.16356589155465118,0.8086046312209557,0.01,0.01,-3.866969,56.62175
357,357,81,Achnasheen,0.1840824412146639,0.15805243342958802,0.8107853976418912,0.32284643312309635,0.01,-5.078765799999998,57.57859000000001
358,358,263,Kelso,0.19095334459469954,0.01,0.8119417423058319,0.23122316216934946,0.01,-2.432207,55.600030000000004
359,359,156,Pitlochry,0.18741290347511927,0.16458658295312012,0.8133810481436495,0.01,0.01,-3.729711,56.70436
360,360,252,Banchory,0.16952483972392593,0.09586551478953506,0.8222135559940719,0.5874602420467213,0.01,-2.4909599,57.05386
361,361,67,Portree,0.1685783678514532,0.17280917205745291,0.8245728221850175,0.3529893512832379,0.01,-6.1960231,57.41246999999999
362,362,71,Kyle of Lochalsh,0.1685783678514532,0.17280917205745291,0.8245728221850175,0.3529893512832379,0.01,-5.7143293,57.28261
363,363,65,Stornoway,0.1617031132304002,0.17280917205745291,0.8245728221850175,0.7059787025664758,0.01,-6.3848692000000025,58.20943000000001
364,364,286,Aberdeen,0.16592009537696453,0.0897490432820431,0.8266184349339395,0.549978687050476,0.01,-2.094278,57.149719999999995
365,365,32,Mullingar,0.17831830606830787,0.01,0.8284315672131729,0.01,0.01,-7.3401868000000015,53.525819999999996
366,366,110,Newton Stewart,0.1735684997684888,0.06715467801593465,0.8304310069446641,0.01,0.01,-4.483164,54.9603
367,367,29,Westmeath,0.17467477831266484,0.01,0.8319372165424325,0.01,0.01,-7.4653217000000005,53.534530000000004
368,368,95,Invergarry,0.15797961218326215,0.14266396080267071,0.8370783060721824,0.2914131009917741,0.01,-4.800261,57.07095
369,369,256,Montrose,0.15345888263320653,0.09295154149390604,0.8416756847640214,0.3797357021859027,0.01,-2.4661150000000003,56.70692
370,370,48,Louth,0.16374420903686446,0.01,0.8424540299149998,0.01,0.01,-6.4889423,53.925230000000006
371,371,23,Athlone,0.16135935119890402,0.01,0.8447485461893731,0.01,0.01,-7.9406898,53.42393000000001
372,372,223,Selkirk,0.15662662806719468,0.01,0.8452187571219858,0.2178968579669702,0.01,-2.838524,55.55066
373,373,242,Arbroath,0.1497607894757387,0.09295154149390604,0.8452338340256369,0.3797357021859027,0.01,-2.591543,56.55911
374,374,221,Forfar,0.14949070472783466,0.0928288590607567,0.8455077759803652,0.3792344491970973,0.01,-2.889062,56.64356
375,375,64,Dunvegan,0.14853862241276394,0.08019764299637021,0.8509442112834198,0.16381605667477478,0.01,-6.5813982000000015,57.4366
376,376,70,Broadford,0.14729821091799966,0.08065749287901375,0.8521024405603168,0.16475534932046387,0.01,-5.9096592,57.24139
377,377,63,Western Isles,0.14637509023928216,0.08028919237956622,0.8530189009179545,0.1640030388372655,0.01,-7.0194034,57.75989000000001
378,378,185,Blairgowrie,0.14298716641336662,0.09687786817134987,0.8550085137390301,0.19788797074716866,0.01,-3.3378318,56.58941
379,379,62,Balivanich,0.1449030696004646,0.01,0.8578063562879639,0.14810998602554365,0.01,-7.3743509000000005,57.472269999999995
380,380,175,Perth,0.13820036756933607,0.0945340485248656,0.8597935460352387,0.19310035102075884,0.01,-3.4308381000000003,56.39499
381,381,79,Ballachulish,0.14244361106441966,0.07514244873728633,0.860071930291936,0.01,0.01,-5.133719999999999,56.67393000000001
382,382,250,Dunbar,0.1358910478350813,0.09920075310119887,0.8616582359403496,0.202632777807868,0.01,-2.516737,56.00209
383,383,80,Fort William,0.14049149883631584,0.07221081474168377,0.8620623508042787,0.01,0.01,-5.1052179,56.81981999999999
384,384,205,Cupar,0.134338955966868,0.09543193089018544,0.8634401374905918,0.1949343996464651,0.01,-3.010137,56.32023
385,385,226,St Andrews,0.13371998843437338,0.09608378725587433,0.8639857329414594,0.19626590228339488,0.01,-2.7967214,56.33978000000001
386,386,214,Dundee,0.13315077335544007,0.09777571888666976,0.8644038477873498,0.19972194753954325,0.01,-2.9707209999999997,56.462019999999995
387,387,87,Stranraer,0.1372121321777743,0.0679987096646686,0.8653788657618461,0.01,0.01,-5.0240550000000015,54.903369999999995
388,388,75,Lochgilphead,0.1354121734739897,0.07033333322783332,0.8670213059533172,0.01,0.01,-5.4323449,56.03829
389,389,68,Islay,0.1349134736835684,0.06963696289554455,0.8675277283777345,0.01,0.01,-6.177067,55.73625
390,390,195,Kirkcaldy,0.12968603823310962,0.0940285206589572,0.8680243238917364,0.1920677468771537,0.01,-3.158137,56.11682
391,391,69,Mull,0.13671259291963264,0.01,0.8684623617888798,0.01,0.01,-6.0008870000000005,56.4392
392,392,224,Galashiels,0.13214991796581524,0.01,0.8687936498235663,0.2165828826629823,0.01,-2.814449,55.62373
393,393,50,Craigavon,0.13420213671957448,0.01,0.8708778971380939,0.01,0.01,-6.4175653,54.442930000000004
394,394,72,Campbeltown,0.13140524014219354,0.06936226199595663,0.8709137047842649,0.01,0.01,-5.605373999999999,55.424119999999995
395,395,119,Cumnock,0.1306964635547468,0.06961398851224568,0.8715861077640534,0.01,0.01,-4.265828900000002,55.45355
396,396,59,Kilkeel,0.13264279744670854,0.01,0.8723781836665708,0.01,0.01,-6.007004,54.06312
397,397,19,Roscommon,0.13251400910727335,0.01,0.8725020296608464,0.01,0.01,-8.1890955,53.62759000000001
398,398,102,Irvine,0.12875782478355516,0.0688867137133366,0.8734792014787212,0.01,0.01,-4.6696364,55.61156999999999
399,399,93,Girvan,0.1282794820853531,0.06870726173027245,0.8739463162614772,0.01,0.01,-4.8542179,55.240159999999996
400,400,84,Rothesay,0.12804124114630885,0.06861788564707318,0.8741789313463768,0.01,0.01,-5.055793,55.83596
401,401,74,Oban,0.13030952490016562,0.01,0.8746231615432339,0.01,0.01,-5.471047,56.41516
402,402,105,Ayr,0.1267881396978381,0.06918032724622951,0.8753630067438178,0.01,0.01,-4.629179,55.45856
403,403,25,Offaly,0.12951204455693188,0.01,0.8753904682468967,0.01,0.01,-7.7122229,53.23569000000001
404,404,192,Edinburgh,0.12494713102252684,0.01,0.8756469102241731,0.22068614623800945,0.01,-3.1882669999999997,55.95325
405,405,201,Dalkeith,0.12412228403160865,0.01,0.8764594476387884,0.21967379909395188,0.01,-3.066606,55.893119999999996
406,406,31,Cavan,0.1281943180851204,0.01,0.8766582743056849,0.01,0.01,-7.3633319,53.98972
407,407,140,Motherwell,0.12817256188003387,0.01,0.8766791396634158,0.01,0.01,-3.9810968,55.78321
408,408,91,Dunoon,0.12539514095376572,0.06970598099544102,0.8766831781197509,0.01,0.01,-4.926214,55.95097
409,409,109,Kilmarnock,0.12519414439924909,0.0685732872804734,0.8769199662761973,0.01,0.01,-4.498792,55.61472
410,410,142,Airdrie,0.12738385397447813,0.01,0.8774381002239859,0.01,0.01,-3.9625660000000003,55.86626999999999
411,411,154,Falkirk,0.12336996705173145,0.01,0.8812999414019984,0.01,0.01,-3.7839131,56.00188000000001
412,412,174,Dunfermline,0.11390813049951044,0.10388970762749876,0.8824499591510141,0.21221074692729336,0.01,-3.452151,56.07174000000001
413,413,144,Stirling,0.12209379423207888,0.01,0.8825279013582806,0.01,0.01,-3.9369029,56.116519999999994
414,414,97,Greenock,0.1194903529908598,0.01,0.8850326865924999,0.01,0.01,-4.7719830000000005,55.956480000000006
415,415,98,Helensburgh,0.11948601574097115,0.01,0.8850368596640462,0.01,0.01,-4.734014,56.00232
416,416,122,Glasgow,0.11829718953762425,0.01,0.8861806851133478,0.01,0.01,-4.251806,55.86424
417,417,170,Livingston,0.11064191550192153,0.01,0.8894976039165486,0.2160401100084376,0.01,-3.518068,55.90071
418,418,191,Peebles,0.10957039092136928,0.01,0.8905548717850689,0.21464144320634115,0.01,-3.1936419999999996,55.65306999999999
419,419,106,Dumbarton,0.11212823507424297,0.01,0.8921161390042053,0.01,0.01,-4.564554,55.94529
420,420,15,Loughrea,0.10804323124445132,0.01,0.8960464993247027,0.01,0.01,-8.5660931,53.19891
421,421,33,Laois,0.10618178153014872,0.01,0.8978375547093046,0.01,0.01,-7.3323006999999985,52.99429
422,422,4,Mayo,0.09927237456400496,0.01,0.9044853922976676,0.01,0.01,-9.4289369,54.01526
423,423,46,Armagh,0.09721030605565993,0.01,0.906469351279874,0.01,0.01,-6.652792,54.35028000000001
424,424,18,Nenagh,0.09532007658967694,0.01,0.9082881373979768,0.01,0.01,-8.19834,52.8635
425,425,10,Clare,0.091174239332415,0.01,0.9122770553353324,0.01,0.01,-8.9811351,52.90453
426,426,7,Ennistymon,0.091174239332415,0.01,0.9122770553353324,0.01,0.01,-9.2934951,52.940369999999994
427,427,9,Claremorris,0.08887730174703587,0.01,0.9144870332570921,0.01,0.01,-9.0017356,53.72388
428,428,8,Galway,0.08887730174703587,0.01,0.9144870332570921,0.01,0.01,-9.0567905,53.270669999999996
429,429,0,Dingle,0.08853728933802403,0.01,0.9148141482202322,0.01,0.01,-10.264013499999999,52.14094
430,430,11,Adare,0.08853728933802403,0.01,0.9148141482202322,0.01,0.01,-8.7925892,52.56363
431,431,36,Kilkenny,0.08592405430673385,0.01,0.917328491134444,0.01,0.01,-7.2447879,52.65415
432,432,53,Newry,0.08350662512122264,0.01,0.9196543727530194,0.01,0.01,-6.34023,54.1751
433,433,14,Limerick,0.08141005448956992,0.01,0.9216715816923852,0.01,0.01,-8.6267343,52.66384
434,434,42,Dungannon,0.07838167468829375,0.01,0.9245853279381352,0.01,0.01,-6.7669352,54.508269999999996
435,435,51,Drogheda,0.07751218200577997,0.01,0.9254219614755496,0.01,0.01,-6.3560985,53.717859999999995
436,436,6,Abbeyfeale,0.07750617981157923,0.01,0.9254276153144188,0.01,0.01,-9.2970823,52.386179999999996
437,437,1,Tralee,0.07750617981157923,0.01,0.9254276153144188,0.01,0.01,-9.6999325,52.27131
438,438,61,Down,0.07474185458174906,0.01,0.928087342656693,0.01,0.01,-5.7156921999999994,54.32875
439,439,38,Waterford,0.07410132671996933,0.01,0.9287036110934241,0.01,0.01,-7.110070200000001,52.25932
440,440,5,Ballycastle,0.07338484102062375,0.01,0.92939297558982,0.01,0.01,-9.3724643,54.279669999999996
441,441,49,Wexford,0.07232490109461275,0.01,0.9304128204296348,0.01,0.01,-6.4633381,52.33692
442,442,41,Kildare,0.07167221494201616,0.01,0.9310408003897379,0.01,0.01,-6.8194707999999995,53.21204
443,443,60,Belfast,0.07114991211752347,0.01,0.9315433189730312,0.01,0.01,-5.93012,54.59728000000001
444,444,3,Bantry,0.06965213381081885,0.01,0.9329843748085938,0.01,0.01,-9.4539805,51.68035
445,445,2,Killarney,0.06965213381081885,0.01,0.9329843748085938,0.01,0.01,-9.5044265,52.05994000000001
446,446,47,Magherafelt,0.06949841328008832,0.01,0.9331323169256684,0.01,0.01,-6.607980499999999,54.75536999999999
447,447,43,Cookstown,0.06949841328008832,0.01,0.9331323169256684,0.01,0.01,-6.7443895000000005,54.641819999999996
448,448,55,Banbridge,0.06858395311001943,0.01,0.934012161945868,0.01,0.01,-6.2704803,54.34873
449,449,40,Carlow,0.0637017067861815,0.01,0.9387095597396056,0.01,0.01,-6.934135899999999,52.83651
450,450,13,Mallow,0.06276523857070994,0.01,0.93961067396317,0.01,0.01,-8.6539164,52.13898
451,451,12,Charleville,0.06276523857070994,0.01,0.93961067396317,0.01,0.01,-8.681017599999999,52.36206
452,452,57,Antrim,0.06226785394638393,0.01,0.9400892310388752,0.01,0.01,-6.2072498,54.719530000000006
453,453,37,Tyrone,0.061725557799017484,0.01,0.9406109995973658,0.01,0.01,-7.1312320000000025,54.491209999999995
454,454,39,Monaghan,0.06065590802970744,0.01,0.9416401328867521,0.01,0.01,-6.9683132,54.2492
455,455,17,Cork,0.05997108425454889,0.01,0.9422990743454236,0.01,0.01,-8.4756035,51.898509999999995
456,456,34,Omagh,0.0570618529050522,0.01,0.9450981284312576,0.01,0.01,-7.309959700000001,54.59771
457,457,52,Rosslare,0.05676416366027625,0.01,0.945384589600625,0.01,0.01,-6.3414908,52.25131
458,458,56,Dublin,0.05281824564062315,0.01,0.9491811424012204,0.01,0.01,-6.2603097000000005,53.34981
459,459,58,Wicklow,0.050299996381894134,0.01,0.9516040815870488,0.01,0.01,-6.044589,52.980819999999994
460,460,20,Tipperary,0.0493426114290564,0.01,0.9525251188618656,0.01,0.01,-8.161851400000002,52.47379
461,461,44,Coleraine,0.042745346543607794,0.01,0.9588727645293224,0.01,0.01,-6.6646103000000005,55.132580000000004
462,462,16,Sligo,0.041150371866011684,0.01,0.9604072433214365,0.01,0.01,-8.476088800000001,54.27661
463,463,35,Derry,0.040526885198955684,0.01,0.961007223317616,0.01,0.01,-7.308574799999999,54.99661
464,464,30,Strabane,0.040526885198955684,0.01,0.961007223317616,0.01,0.01,-7.4633103,54.82739
465,465,21,Donegal,0.02743358124400777,0.01,0.9736049186244315,0.01,0.01,-8.1096143,54.653830000000006
466,466,22,Leitrim,0.024627870255562803,0.01,0.976304357454001,0.01,0.01,-8.0020132,54.12469
467,467,54,Ballymena,0.02286132236704937,0.01,0.9780040091102188,0.01,0.01,-6.2802213,54.86529
468,468,28,Doon,0.016516135646902647,0.01,0.9841090781671492,0.01,0.01,-7.60964,54.185930000000006
469,469,27,Enniskillen,0.01,0.01,1.0,0.01,0.01,-7.631533599999999,54.343819999999994
470,470,26,Fermanagh,0.01,0.01,1.0,0.01,0.01,-7.6318728,54.343830000000004
