,placename,past_participle,past_participle_was,past_participle_were,present_participle,present_participle_was,present_participle_were,longitude,latitude
0,Dingle,0.11637931717039705,0.01,0.01,0.8857996612286902,0.01,0.01,-10.264013499999999,52.14094
1,Tralee,0.11637931717039705,0.01,0.01,0.8857996612286902,0.01,0.01,-9.6999325,52.27131
2,Killarney,0.1134537164606328,0.01,0.01,0.8886703996872501,0.01,0.01,-9.5044265,52.05994000000001
3,Bantry,0.1134537164606328,0.01,0.01,0.8886703996872501,0.01,0.01,-9.4539805,51.68035
4,Mayo,0.11309641631853468,0.01,0.01,0.8890210101107263,0.01,0.01,-9.4289369,54.01526
5,Ballycastle,0.12697016844181874,0.01,0.01,0.8754070157848686,0.01,0.01,-9.3724643,54.279669999999996
6,Abbeyfeale,0.10671065970224217,0.01,0.01,0.8952872310840867,0.01,0.01,-9.2970823,52.386179999999996
7,Ennistymon,0.1142519548892421,0.01,0.01,0.8878871683121184,0.01,0.01,-9.2934951,52.940369999999994
8,Galway,0.1172450442294343,0.01,0.01,0.8849500814864005,0.01,0.01,-9.0567905,53.270669999999996
9,Claremorris,0.09979423131317114,0.01,0.01,0.9020741264183042,0.01,0.01,-9.0017356,53.72388
10,Clare,0.11318893983756832,0.01,0.01,0.8889302435712686,0.01,0.01,-8.9811351,52.90453
11,Adare,0.12191925398847125,0.01,0.01,0.8803634114653184,0.01,0.01,-8.7925892,52.56363
12,Charleville,0.11948654649970407,0.01,0.01,0.8827505961178804,0.01,0.01,-8.681017599999999,52.36206
13,Mallow,0.1187235479444132,0.01,0.01,0.8834992967443054,0.01,0.01,-8.6539164,52.13898
14,Limerick,0.13136157947424673,0.01,0.01,0.8710978249944659,0.01,0.01,-8.6267343,52.66384
15,Loughrea,0.12486953769081655,0.01,0.01,0.8774683781585615,0.01,0.01,-8.5660931,53.19891
16,Sligo,0.0868641386506532,0.01,0.01,0.91476220338241,0.01,0.01,-8.476088800000001,54.27661
17,Cork,0.12781215508691215,0.01,0.01,0.8745808676220584,0.01,0.01,-8.4756035,51.898509999999995
18,Nenagh,0.12453034762626902,0.01,0.01,0.8778012299112745,0.01,0.01,-8.19834,52.8635
19,Roscommon,0.11294089084338645,0.01,0.01,0.8891736853496516,0.01,0.01,-8.1890955,53.62759000000001
20,Tipperary,0.09592903051463864,0.01,0.01,0.9058669591914376,0.01,0.01,-8.161851400000002,52.47379
21,Donegal,0.056817697675518135,0.01,0.01,0.9442460365174998,0.01,0.01,-8.1096143,54.653830000000006
22,Leitrim,0.09292442914735667,0.01,0.01,0.908815391834588,0.01,0.01,-8.0020132,54.12469
23,Athlone,0.08149082460021657,0.01,0.01,0.9200349253858348,0.01,0.01,-7.9406898,53.42393000000001
24,Longford,0.06948237276149828,0.01,0.01,0.931818543382028,0.01,0.01,-7.7932573000000005,53.72763000000001
25,Offaly,0.0863943574578418,0.01,0.01,0.9152231888776458,0.01,0.01,-7.7122229,53.23569000000001
26,Fermanagh,0.08134301570217874,0.01,0.01,0.9201799545304032,0.01,0.01,-7.6318728,54.343830000000004
27,Enniskillen,0.08134301570217874,0.01,0.01,0.9201799545304032,0.01,0.01,-7.631533599999999,54.343819999999994
28,Doon,0.07514060948240645,0.01,0.01,0.9262662456381806,0.01,0.01,-7.60964,54.185930000000006
29,Westmeath,0.0994773866461843,0.01,0.01,0.9023850264807678,0.01,0.01,-7.4653217000000005,53.534530000000004
30,Strabane,0.07214435307799304,0.01,0.01,0.9292064155664614,0.01,0.01,-7.4633103,54.82739
31,Cavan,0.10216270520973768,0.01,0.01,0.8997500837062343,0.01,0.01,-7.3633319,53.98972
32,Mullingar,0.0994773866461843,0.01,0.01,0.9023850264807678,0.01,0.01,-7.3401868000000015,53.525819999999996
33,Laois,0.07200931297856132,0.01,0.01,0.9293388656525726,0.01,0.01,-7.3323006999999985,52.99429
34,Omagh,0.06531535828331447,0.01,0.01,0.935907477325322,0.01,0.01,-7.309959700000001,54.59771
35,Derry,0.07963014923483101,0.01,0.01,0.9218607387237064,0.01,0.01,-7.308574799999999,54.99661
36,Kilkenny,0.07944268919545233,0.01,0.01,0.9220446149605699,0.01,0.01,-7.2447879,52.65415
37,Tyrone,0.01,0.01,0.01,1.0,0.01,0.01,-7.1312320000000025,54.491209999999995
38,Waterford,0.08989127393122327,0.01,0.01,0.9117916957249084,0.01,0.01,-7.110070200000001,52.25932
39,Monaghan,0.07034053405600713,0.01,0.01,0.9309763630858896,0.01,0.01,-6.9683132,54.2492
40,Carlow,0.11183266972026958,0.01,0.01,0.8902611572857103,0.01,0.01,-6.934135899999999,52.83651
41,Kildare,0.0796048755596372,0.01,0.01,0.9218855268683142,0.01,0.01,-6.8194707999999995,53.21204
42,Dungannon,0.02614543475610176,0.01,0.01,0.9743440236831604,0.01,0.01,-6.7669352,54.508269999999996
43,Cookstown,0.015827114388000416,0.01,0.01,0.9844691791486072,0.01,0.01,-6.7443895000000005,54.641819999999996
44,Coleraine,0.09501761981098207,0.01,0.01,0.9067613055829438,0.01,0.01,-6.6646103000000005,55.132580000000004
45,Meath,0.0684918231554572,0.01,0.01,0.9327904606340216,0.01,0.01,-6.656416900000001,53.60555
46,Armagh,0.038028146604609285,0.01,0.01,0.9626838531135946,0.01,0.01,-6.652792,54.35028000000001
47,Magherafelt,0.035775861234729256,0.01,0.01,0.9648939443549318,0.01,0.01,-6.607980499999999,54.75536999999999
48,Louth,0.11935677227292585,0.01,0.01,0.8828778665916858,0.01,0.01,-6.4889423,53.925230000000006
49,Wexford,0.09479949454660448,0.01,0.01,0.9069753962249258,0.01,0.01,-6.4633381,52.33692
50,Craigavon,0.09231355021640476,0.01,0.01,0.9094147469728556,0.01,0.01,-6.4175653,54.442930000000004
51,Drogheda,0.07235645840680734,0.01,0.01,0.9289982444814006,0.01,0.01,-6.3560985,53.717859999999995
52,Rosslare,0.09344342551274833,0.01,0.01,0.9083060632911626,0.01,0.01,-6.3414908,52.25131
53,Newry,0.15174912809590896,0.01,0.01,0.8510920657588779,0.01,0.01,-6.34023,54.1751
54,Ballymena,0.10559650661756813,0.01,0.01,0.8963804992529643,0.01,0.01,-6.2802213,54.86529
55,Banbridge,0.13301298981444498,0.01,0.01,0.8694773462872972,0.01,0.01,-6.2704803,54.34873
56,Dublin,0.06472325551881676,0.01,0.01,0.9364884571723138,0.01,0.01,-6.2603097000000005,53.34981
57,Antrim,0.06521295654016232,0.01,0.01,0.9360079864688794,0.01,0.01,-6.2072498,54.719530000000006
58,Wicklow,0.11853102311582366,0.01,0.01,0.8836882292693726,0.01,0.01,-6.044589,52.980819999999994
59,Kilkeel,0.17765140269902746,0.01,0.01,0.825674721580423,0.01,0.01,-6.007004,54.06312
60,Belfast,0.08295197230055469,0.01,0.01,0.9186011593698878,0.01,0.01,-5.93012,54.59728000000001
61,Down,0.09959869023294236,0.01,0.01,0.9022660187218318,0.01,0.01,-5.7156921999999994,54.32875
62,Balivanich,0.17874338633415307,0.01,0.01,0.8246031584535897,0.01,0.01,-7.3743509000000005,57.472269999999995
63,Western Isles,0.1836441165912968,0.01,0.01,0.8197942583997587,0.01,0.01,-7.0194034,57.75989000000001
64,Dunvegan,0.18455110345921585,0.01,0.01,0.8189042283518412,0.01,0.01,-6.5813982000000015,57.4366
65,Stornoway,0.2301893283559149,0.01,0.01,0.774120437085284,0.01,0.01,-6.3848692000000025,58.20943000000001
66,Scilly Isles,0.7715530345389217,0.01,0.01,0.24289273947845005,0.01,0.01,-6.327496599999999,49.92773
67,Portree,0.19954347020605706,0.01,0.01,0.8041925261894147,0.01,0.01,-6.1960231,57.41246999999999
68,Islay,0.12107252931476115,0.01,0.01,0.8811942459440243,0.01,0.01,-6.177067,55.73625
69,Mull,0.12337805152607376,0.01,0.01,0.8789318652832169,0.01,0.01,-6.0008870000000005,56.4392
70,Broadford,0.19115266031258069,0.01,0.01,0.8124262598944468,0.01,0.01,-5.9096592,57.24139
71,Kyle of Lochalsh,0.19576223431253176,0.01,0.01,0.807902978462062,0.01,0.01,-5.7143293,57.28261
72,Campbeltown,0.1178665428796994,0.01,0.01,0.8843402437994181,0.01,0.01,-5.605373999999999,55.424119999999995
73,Penzance,0.79654247828657,0.01,0.01,0.2183710982566288,0.01,0.01,-5.537592,50.1188
74,Oban,0.12268510541510425,0.01,0.01,0.8796118743845355,0.01,0.01,-5.471047,56.41516
75,Lochgilphead,0.11904206411751678,0.01,0.01,0.8831866701444063,0.01,0.01,-5.4323449,56.03829
76,Helston,0.8031883614713166,0.01,0.01,0.21184971971514602,0.01,0.01,-5.274996,50.10159
77,Redruth,0.79654247828657,0.01,0.01,0.2183710982566288,0.01,0.01,-5.226666000000002,50.23302
78,Ullapool,0.2309117331912276,0.01,0.01,0.7734115701439748,0.01,0.01,-5.161313,57.895419999999994
79,Ballachulish,0.12404786047342735,0.01,0.01,0.8782746711408651,0.01,0.01,-5.133719999999999,56.67393000000001
80,Fort William,0.17011205550787786,0.01,0.01,0.8330729344908533,0.01,0.01,-5.1052179,56.81981999999999
81,Achnasheen,0.21817895365677653,0.01,0.01,0.7859059049430149,0.01,0.01,-5.078765799999998,57.57859000000001
82,Newquay,0.7747491804530103,0.01,0.01,0.23975636090305305,0.01,0.01,-5.0737190000000005,50.4155
83,Falmouth,0.8040878831164284,0.01,0.01,0.2109669657892774,0.01,0.01,-5.066269999999999,50.152570000000004
84,Rothesay,0.11941440781466565,0.01,0.01,0.8828213841527295,0.01,0.01,-5.055793,55.83596
85,Truro,0.8062990469222935,0.01,0.01,0.20879720152946546,0.01,0.01,-5.0510410000000014,50.2632
86,Milford Haven,0.6615367892589469,0.3534404214797019,0.01,0.34003118866552834,0.22979323707680044,0.01,-5.0426971,51.71431
87,Stranraer,0.18629324013517934,0.01,0.01,0.8171947096426501,0.01,0.01,-5.0240550000000015,54.903369999999995
88,Fishguard,0.6479861656602315,0.4135563850324344,0.01,0.3514881211141345,0.26887829814723124,0.01,-4.975989,51.99393
89,Inchnadamph,0.2313047256443901,0.01,0.01,0.7730259356753814,0.01,0.01,-4.974295,58.15221
90,Haverfordwest,0.6615367892589469,0.3534404214797019,0.01,0.34003118866552834,0.22979323707680044,0.01,-4.971319,51.80048
91,Dunoon,0.12087913731382535,0.01,0.01,0.8813840417378092,0.01,0.01,-4.926214,55.95097
92,Pembroke,0.665907136800761,0.3525568181978435,0.01,0.3357697243028025,0.2292187507062803,0.01,-4.9086370000000015,51.67404000000001
93,Girvan,0.11825547596086405,0.01,0.01,0.8839585557021056,0.01,0.01,-4.8542179,55.240159999999996
94,Wadebridge,0.7799433291560761,0.01,0.01,0.2346594990698279,0.01,0.01,-4.836456,50.51665
95,Invergarry,0.21231892970120333,0.01,0.01,0.7916562611955162,0.01,0.01,-4.800261,57.07095
96,St Austell,0.8022386946427023,0.01,0.01,0.21278155663381929,0.01,0.01,-4.7834252,50.340379999999996
97,Greenock,0.12198527219622507,0.01,0.01,0.8802986663114932,0.01,0.01,-4.7719830000000005,55.956480000000006
98,Helensburgh,0.11943694172795374,0.01,0.01,0.8827991858142752,0.01,0.01,-4.734014,56.00232
99,Bodmin,0.8062990469222935,0.01,0.01,0.20879720152946546,0.01,0.01,-4.7188629,50.4715
100,Tenby,0.665907136800761,0.3525568181978435,0.01,0.3357697243028025,0.2292187507062803,0.01,-4.703579,51.67274000000001
101,Camelford,0.7791492506411859,0.01,0.01,0.2354386607495763,0.01,0.01,-4.682364,50.62206
102,Irvine,0.1099842730125987,0.01,0.01,0.8920748848615347,0.01,0.01,-4.6696364,55.61156999999999
103,Cardigan,0.6536146923024932,0.4260505361148205,0.01,0.34558249981655537,0.2770015081035109,0.01,-4.660864,52.0837
104,Holyhead,0.6822061940285808,0.18674384671303385,0.01,0.3199516816166309,0.4856543857464226,0.01,-4.633038,53.30944
105,Ayr,0.11396037132973387,0.01,0.01,0.8881732802299749,0.01,0.01,-4.629179,55.45856
106,Dumbarton,0.12091398758797367,0.01,0.01,0.8813498809614101,0.01,0.01,-4.564554,55.94529
107,Bude,0.7641339478141714,0.01,0.01,0.2501729312227646,0.01,0.01,-4.543678,50.82664000000001
108,Isle of Man,0.7894748100132215,0.4466572677839389,0.01,0.2155414267242097,0.01,0.01,-4.5126330999999995,54.27697
109,Kilmarnock,0.11168677111493656,0.01,0.01,0.8904043365687411,0.01,0.01,-4.498792,55.61472
110,Newton Stewart,0.1947904483052298,0.01,0.01,0.8088565204227797,0.01,0.01,-4.483164,54.9603
111,Liskeard,0.8071567306436261,0.01,0.01,0.20795563785384,0.01,0.01,-4.4647190000000005,50.45552
112,Altnaharra,0.2308081877859957,0.01,0.01,0.7735131892044547,0.01,0.01,-4.442655,58.28023
113,Pwllheli,0.7024979263898367,0.21022021601410093,0.01,0.2999310001646377,0.4555900635725369,0.01,-4.417633900000001,52.888819999999996
114,Lairg,0.2308081877859957,0.01,0.01,0.7735131892044547,0.01,0.01,-4.402414,58.022059999999996
115,Launceston,0.8126430033179523,0.01,0.01,0.202572047482246,0.01,0.01,-4.360451599999998,50.636829999999996
116,Carmarthen,0.6633279400240479,0.4209633668645893,0.01,0.33620690824625105,0.2736940282308197,0.01,-4.312131,51.857620000000004
117,Llangefni,0.6889386436353735,0.14673945018848816,0.01,0.3143359952840863,0.4770214666385724,0.01,-4.311401999999998,53.25578
118,Caernarfon,0.676362721753878,0.17686796871258492,0.01,0.3262471304022894,0.4599707364672848,0.01,-4.273911,53.13955
119,Cumnock,0.11659244048413955,0.01,0.01,0.8855905035508091,0.01,0.01,-4.265828900000002,55.45355
120,Aberaeron,0.6282538600040484,0.2686147207758461,0.01,0.3737212369654132,0.29107143179686384,0.01,-4.2581619,52.24279
121,Alness,0.2313047256443901,0.01,0.01,0.7730259356753814,0.01,0.01,-4.256825,57.69595
122,Glasgow,0.1206912122689856,0.01,0.01,0.8815684112710831,0.01,0.01,-4.251806,55.86424
123,Dalwhinnie,0.20378434514625665,0.01,0.01,0.8000310776738361,0.01,0.01,-4.242783,56.9366
124,Inverness,0.2299937872756861,0.01,0.01,0.7743123293888118,0.01,0.01,-4.224721,57.47776999999999
125,Saltash,0.8134218371943491,0.01,0.01,0.20180780801890308,0.01,0.01,-4.21643,50.409209999999995
126,Bideford,0.735257133818442,0.20599789966390905,0.01,0.2717535392475872,0.16741479235334686,0.01,-4.206666,51.01668
127,Invergordon,0.2308081877859957,0.01,0.01,0.7735131892044547,0.01,0.01,-4.1728819999999995,57.688109999999995
128,Llanelli,0.7078403615641164,0.3520068069978185,0.01,0.2938688805809551,0.28607644348147304,0.01,-4.160248,51.68089000000001
129,Plymouth,0.8134218371943491,0.01,0.01,0.20180780801890308,0.01,0.01,-4.1426565,50.37546
130,Tavistock,0.8145291031711135,0.01,0.01,0.20072132267566434,0.01,0.01,-4.141654,50.551120000000004
131,Porthmadog,0.6813799295951569,0.18223914645373807,0.01,0.3210185584275683,0.4739392629540754,0.01,-4.1333839999999995,52.92784
132,Bangor,0.6853418766650179,0.1383706256653805,0.01,0.3184143233545635,0.4498160249047457,0.01,-4.129263,53.22739
133,Tywyn,0.6632455460834362,0.2896074260086185,0.01,0.34284075836923605,0.01,0.01,-4.087249,52.58701
134,Aberystwyth,0.624798002256106,0.08465596574930255,0.01,0.3813477227896159,0.2752001054479604,0.01,-4.08292,52.4153
135,Lampeter,0.6597184922290927,0.42734159918306097,0.01,0.3395535544164519,0.2778409071685973,0.01,-4.0785089999999995,52.1129
136,Barnstaple,0.7349732919714747,0.2287627867422165,0.01,0.2712855242785078,0.18591585374160324,0.01,-4.058338,51.07816
137,Tain,0.23704021611040824,0.01,0.01,0.7673977936084817,0.01,0.01,-4.05523,57.8115
138,Okehampton,0.8147977632181634,0.01,0.01,0.20045765574446747,0.01,0.01,-4.004263,50.73831
139,Llandeilo,0.6773878577120489,0.4218027736237183,0.01,0.322384496187127,0.2742397797387513,0.01,-3.9914300000000003,51.88469
140,Motherwell,0.1307349029253343,0.01,0.01,0.8717128422937543,0.01,0.01,-3.9810968,55.78321
141,Golspie,0.23501321960254906,0.01,0.01,0.7693868880580955,0.01,0.01,-3.976086,57.97341
142,Airdrie,0.13093705462373909,0.01,0.01,0.8715144138127927,0.01,0.01,-3.9625660000000003,55.86626999999999
143,Swansea,0.7181265714199752,0.29964988569543866,0.01,0.28549221424109744,0.2435258974691142,0.01,-3.9436459999999998,51.62144
144,Stirling,0.13521582122515668,0.01,0.01,0.8673158447423543,0.01,0.01,-3.9369029,56.116519999999994
145,Tregaron,0.6483434532346144,0.26748251698943104,0.01,0.3540490694271534,0.2898445705243336,0.01,-3.934385,52.22
146,Castle Douglas,0.3934549450804672,0.01,0.01,0.6139116987093516,0.01,0.01,-3.9314139999999997,54.940419999999996
147,Dolgellau,0.7068777625565991,0.2415232225791601,0.01,0.30107680440119056,0.01,0.01,-3.8844,52.74215
148,Aberfeldy,0.14705811530169846,0.01,0.01,0.8556952612096986,0.01,0.01,-3.866969,56.62175
149,Machynlleth,0.6744201802919174,0.09454037844520638,0.01,0.3361400665826829,0.01,0.01,-3.853485,52.59027
150,Brora,0.2319558338315804,0.01,0.01,0.7723869935002031,0.01,0.01,-3.852548000000001,58.012159999999994
151,Llandudno,0.6949557514627752,0.13619901104709994,0.01,0.3091229621462833,0.4427565366517436,0.01,-3.827609,53.324059999999996
152,Aviemore,0.22077154761785373,0.01,0.01,0.7833619753561446,0.01,0.01,-3.823812,57.19449
153,Dalbeattie,0.4233863663264261,0.01,0.01,0.5845405838039689,0.01,0.01,-3.8225269999999996,54.934219999999996
154,Falkirk,0.15674190429891013,0.01,0.01,0.8461927691378966,0.01,0.01,-3.7839131,56.00188000000001
155,Kingsbridge,0.8088807698097542,0.01,0.01,0.2062638778154122,0.01,0.01,-3.777493,50.28395
156,Pitlochry,0.16449941445758282,0.01,0.01,0.8385804655854843,0.01,0.01,-3.729711,56.70436
157,Colwyn Bay,0.6940275879948058,0.1385405411290246,0.01,0.3098801721357824,0.4503684054189476,0.01,-3.72764,53.29318000000001
158,Totnes,0.8153019799505229,0.01,0.01,0.19996287944514016,0.01,0.01,-3.685797,50.43374
159,Grantown-on-Spey,0.219426739256784,0.01,0.01,0.7846815432531542,0.01,0.01,-3.609628,57.33041
160,Dumfries,0.3516558555410516,0.01,0.01,0.6549281852919976,0.01,0.01,-3.60512,55.070859999999996
161,Whitehaven,0.8598793137394107,0.5428696398883123,0.01,0.1443517252733633,0.01,0.01,-3.589233,54.5497
162,Dartmouth,0.8039763697797827,0.10511010518659593,0.01,0.20877845626588187,0.01,0.01,-3.578807,50.35252
163,Bridgend,0.7791338426223956,0.20294081462286093,0.01,0.2287986444214651,0.1649302994831915,0.01,-3.576945,51.50429000000001
164,Paignton,0.8085448222157189,0.11323336965514695,0.01,0.20411791510738755,0.01,0.01,-3.564235,50.43508
165,Workington,0.8024646495936267,0.3742586195488299,0.01,0.2043776356673037,0.01,0.01,-3.5427519999999997,54.64357
166,Llanidloes,0.7317923781281641,0.08846172352674826,0.01,0.279974940542367,0.01,0.01,-3.5401949999999998,52.44779000000001
167,Exeter,0.8204117113108356,0.01,0.01,0.19494876808470887,0.01,0.01,-3.533899,50.71841
168,Torquay,0.8093523356181188,0.11255555237784344,0.01,0.20334035664097205,0.01,0.01,-3.525315,50.46192
169,Thurso,0.2319558338315804,0.01,0.01,0.7723869935002031,0.01,0.01,-3.5220800000000003,58.59356999999999
170,Livingston,0.17881548731604605,0.01,0.01,0.8245323704187406,0.01,0.01,-3.518068,55.90071
171,Rhyl,0.7059800129593251,0.06897382104858972,0.01,0.29969828758317435,0.4484410058005089,0.01,-3.4916339999999995,53.319140000000004
172,Tiverton,0.8237625783663021,0.08237910304919906,0.01,0.18985967566994275,0.01,0.01,-3.491207,50.90205
173,Minehead,0.8311615441790755,0.1859384941220881,0.01,0.1803351085837892,0.01,0.01,-3.481152,51.20428
174,Dunfermline,0.17942694436189552,0.01,0.01,0.8239323986599602,0.01,0.01,-3.452151,56.07174000000001
175,Perth,0.18114394560753205,0.01,0.01,0.8222475447712739,0.01,0.01,-3.4308381000000003,56.39499
176,Prestatyn,0.7168782202727852,0.06740779750760945,0.01,0.2891752885629844,0.4382593106066365,0.01,-3.4076129999999996,53.33651
177,Builth Wells,0.7555789532897992,0.3153303212006968,0.01,0.2516737855504849,0.01,0.01,-3.4045919999999996,52.15002
178,Braemar,0.2162272880336073,0.01,0.01,0.7878211282552168,0.01,0.01,-3.3979439,57.00646999999999
179,Brecon,0.8171274531457355,0.3974803807771582,0.01,0.1851367325155712,0.3230328875453451,0.01,-3.391463,51.94895
180,Merthyr Tydfil,0.820889950575952,0.22132061127824185,0.01,0.18964089871206471,0.01,0.01,-3.381646,51.74873
181,Llandrindod Wells,0.7600752293375515,0.09670129789985006,0.01,0.2520414147001097,0.01,0.01,-3.377742,52.2417
182,Corwen,0.6946764465609818,0.06829188026674053,0.01,0.3108647917703359,0.4440072641805974,0.01,-3.369242,52.98005
183,Cockermouth,0.796973412671811,0.35218995603419045,0.01,0.21024847956797105,0.01,0.01,-3.367985,54.66326
184,Lockerbie,0.4136466509967368,0.01,0.01,0.5940979551013941,0.01,0.01,-3.349008,55.12224000000001
185,Blairgowrie,0.1726725138212819,0.01,0.01,0.8305603292260241,0.01,0.01,-3.3378318,56.58941
186,Elgin,0.2200890075750395,0.01,0.01,0.7840316252328513,0.01,0.01,-3.318485,57.64945
187,Newtown,0.7393506271629195,0.07744955208079315,0.01,0.2727989576646854,0.01,0.01,-3.313106,52.51211
188,Ruthin,0.7128586250934692,0.06826433006673928,0.01,0.2930260836643044,0.4438281618175455,0.01,-3.3103108,53.114869999999996
189,Sidmouth,0.8217709474089129,0.10928464303678566,0.01,0.19122573675360396,0.01,0.01,-3.2375599999999998,50.67865
190,Keswick,0.8319423386190379,0.3838803915174491,0.01,0.17524145317722967,0.01,0.01,-3.134706,54.60128
191,Peebles,0.18780962294366105,0.01,0.01,0.8157066810215922,0.01,0.01,-3.1936419999999996,55.65306999999999
192,Edinburgh,0.17897888018088665,0.01,0.01,0.8243720490854592,0.01,0.01,-3.1882669999999997,55.95325
193,Cardiff,0.8669020398633347,0.2062175453821008,0.01,0.14482048018705798,0.01,0.01,-3.17909,51.48158
194,Llangollen,0.7165494991149691,0.1240896602192768,0.01,0.28872762207082137,0.40339138860544976,0.01,-3.1716599999999997,52.96921
195,Kirkcaldy,0.17900827606665404,0.01,0.01,0.8243431912454686,0.01,0.01,-3.158137,56.11682
196,Welshpool,0.7338049720344458,0.07161543621234616,0.01,0.27836827413468096,0.01,0.01,-3.146407,52.66035
197,Mold,0.7217790385039352,0.1297257745377148,0.01,0.28322638050541915,0.42171330178690414,0.01,-3.1419029999999997,53.1672
198,Taunton,0.8304189178900645,0.12197659259645348,0.01,0.18246220270412755,0.01,0.01,-3.106849,51.01534
199,Wick,0.2332494161856437,0.01,0.01,0.7711176185129208,0.01,0.01,-3.093716,58.43894
200,John o' Groats,0.2332494161856437,0.01,0.01,0.7711176185129208,0.01,0.01,-3.0688997000000002,58.63734
201,Dalkeith,0.18398281651495296,0.01,0.01,0.8194618999434558,0.01,0.01,-3.066606,55.893119999999996
202,Oswestry,0.7648948475610301,0.11780527006444567,0.01,0.24427520266774705,0.19148102828375094,0.01,-3.056412,52.85715
203,Stanhope,0.6539738901695811,0.01,0.01,0.3582704534565588,0.01,0.01,-2.011302,54.74946
204,Reeth,0.8988630214310458,0.12484491025567475,0.01,0.11523687785302608,0.01,0.01,-1.9428115000000001,54.38946
205,Cupar,0.17743900831276438,0.01,0.01,0.8258831393136891,0.01,0.01,-3.010137,56.32023
206,Market Weighton,0.9727458916830356,0.4881086590267322,0.01,0.03479552555491222,0.01,0.01,-0.6677465,53.86484
207,Bridgwater,0.8430204904782088,0.06399821205745447,0.01,0.17136414339386696,0.01,0.01,-3.003632,51.12789
208,Langholm,0.5510075298459984,0.01,0.01,0.4593089040618643,0.01,0.01,-2.998913,55.153059999999996
209,Newport,0.8549232352646869,0.06888257934404013,0.01,0.1595774422951109,0.01,0.01,-2.997664,51.58415
210,Axminster,0.8183435932389613,0.12258404517375382,0.01,0.1942982334438934,0.01,0.01,-2.9949369999999997,50.78273
211,Wrexham,0.7294711211374667,0.12354610221925212,0.01,0.2760836951354191,0.4016243871000052,0.01,-2.9924939999999998,53.04304000000001
212,Horncastle,0.8901589612371197,0.5752768487670581,0.01,0.11393050563498655,0.01,0.01,-0.11245,53.20731
213,Weston-super-Mare,0.8536917374235314,0.06390154943926825,0.01,0.16089479035827495,0.01,0.01,-2.977255,51.347409999999996
214,Dundee,0.17405721211028052,0.01,0.01,0.8292016675885143,0.01,0.01,-2.9707209999999997,56.462019999999995
215,Kirkwall,0.2332494161856437,0.01,0.01,0.7711176185129208,0.01,0.01,-2.9622491,58.984669999999994
216,Ambleside,0.8906587415660263,0.6785794430944808,0.01,0.1111816113897208,0.01,0.01,-2.961333,54.42874000000001
217,Orkney Islands,0.2332494161856437,0.01,0.01,0.7711176185129208,0.01,0.01,-2.9605206,58.980940000000004
218,Lyme Regis,0.8276119061405831,0.13905281464722968,0.01,0.18484334447566605,0.01,0.01,-2.936639,50.725159999999995
219,Carlisle,0.6494279213760723,0.01,0.01,0.3627312095689638,0.01,0.01,-2.932931,54.892469999999996
220,Chester,0.7539652460950914,0.11614775097800673,0.01,0.2525333545450789,0.3775737838883992,0.01,-2.893075,53.19339
221,Forfar,0.1809242116756135,0.01,0.01,0.8224632386265888,0.01,0.01,-2.889062,56.64356
222,Hunstanton,0.6408527556688627,0.38519106238569056,0.01,0.3627246733915299,0.01,0.01,0.49103199999999997,52.93891
223,Selkirk,0.20574009527685408,0.01,0.01,0.7981119079903536,0.01,0.01,-2.838524,55.55066
224,Galashiels,0.1997122671884179,0.01,0.01,0.8040269019197246,0.01,0.01,-2.814449,55.62373
225,Holt,0.5319930418090935,0.1219656041055439,0.01,0.4739677001843078,0.09912162366166853,0.01,1.086747,52.90936
226,St Andrews,0.17873639868452218,0.01,0.01,0.824610064603331,0.01,0.01,-2.7967214,56.33978000000001
227,Hawick,0.2955507221798732,0.01,0.01,0.7099827777890825,0.01,0.01,-2.780914,55.42706
228,Bridport,0.8300865395271357,0.12227404337373975,0.01,0.18278185877787045,0.01,0.01,-2.758301,50.733579999999996
229,Shrewsbury,0.7076346783377507,0.01,0.01,0.3056142681053656,0.01,0.01,-2.7553267999999997,52.7073
230,Penrith,0.7755555376256152,0.01,0.01,0.23896511346125746,0.01,0.01,-2.752708,54.6641
231,Banham,0.4688355099484902,0.1621209682800964,0.01,0.5316722809964339,0.35134919669509473,0.01,1.0402849,52.45125
232,Street,0.8299521026780318,0.13339424386969975,0.01,0.1826707437614961,0.01,0.01,-2.7429189999999997,51.12468
233,Glastonbury,0.8364620911587154,0.08660556546757299,0.01,0.1773055286811782,0.01,0.01,-2.718454,51.14743
234,Hereford,0.8679344525285853,0.01,0.01,0.14679329585513853,0.11319444468003036,0.01,-2.715974,52.0564
235,Ludlow,0.7930203509765705,0.01,0.01,0.22182725622987115,0.01,0.01,-2.7139129,52.36775
236,St Neots,0.5321800368430111,0.01,0.01,0.4701725242532263,0.5658849002248829,0.01,-0.26510300000000003,52.23008
237,Whitchurch,0.7858727394670669,0.1037186057319872,0.01,0.22657350763961984,0.01,0.01,-2.682045,52.96872
238,Wells,0.8379080067882754,0.0867387360493972,0.01,0.17588372510317604,0.01,0.01,-2.6445979,51.20935
239,Yeovil,0.8121506379409921,0.1693119314986051,0.01,0.1993536583786704,0.01,0.01,-2.633308,50.94206
240,March,0.5571033115703237,0.12229613317374075,0.01,0.4466430254362128,0.29817073076248857,0.01,0.088622,52.551719999999996
241,Ely,0.4998427024770137,0.19263207018148326,0.01,0.4996891615995876,0.41747296578008863,0.01,0.262363,52.39954
242,Arbroath,0.18264409092802247,0.01,0.01,0.8207755482835443,0.01,0.01,-2.591543,56.55911
243,Bristol,0.8423227937709076,0.08640657111756395,0.01,0.17155887215175278,0.01,0.01,-2.58791,51.45451
244,Guernsey,0.8170335848811795,0.11618762092346308,0.01,0.19572349009676626,0.01,0.01,-2.5852779999999997,49.46569
245,Ross-on-Wye,0.86996800938376,0.01,0.01,0.14493677481573838,0.10286555437320448,0.01,-2.582446,51.91445
246,Jedburgh,0.2991531948929129,0.01,0.01,0.7064478157143271,0.01,0.01,-2.5549369,55.47772
247,Dereham,0.4998275332448114,0.1103716123731987,0.01,0.5022916701351571,0.35879667894304224,0.01,0.9378270000000001,52.681619999999995
248,Nantwich,0.8152531543771128,0.19306060440423006,0.01,0.19578996178802688,0.01,0.01,-2.524102,53.06718000000001
249,Banff,0.2162032208590692,0.01,0.01,0.7878446831587989,0.01,0.01,-2.524038,57.666509999999995
250,Dunbar,0.18740104652369585,0.01,0.01,0.8161076076788986,0.01,0.01,-2.516737,56.00209
251,Cinderford,0.8530368212186467,0.0767644693125802,0.01,0.16041715610919854,0.0623865957422287,0.01,-2.5009579,51.8253
252,Banchory,0.21079019282871594,0.01,0.01,0.7931563755786213,0.01,0.01,-2.4909599,57.05386
253,Swaffham,0.5034102872127596,0.10383633714562893,0.01,0.4992046212007698,0.33755176825258143,0.01,0.687481,52.64747
254,Market Drayton,0.7389836624478606,0.10051512781820524,0.01,0.2726547917888346,0.01,0.01,-2.483485,52.90355
255,Telford,0.7125236200780711,0.01,0.01,0.30081683719306945,0.01,0.01,-2.4672611,52.67759
256,Montrose,0.1857466073641432,0.01,0.01,0.8177310461645277,0.01,0.01,-2.4661150000000003,56.70692
257,Turriff,0.2159950994959617,0.01,0.01,0.7880489078725791,0.01,0.01,-2.4623,57.53893000000001
258,Weymouth,0.8171931571606103,0.14488636642476754,0.01,0.1949395187770195,0.01,0.01,-2.457621,50.61443
259,Crewe,0.8395650474648669,0.26988560631226755,0.01,0.1702537331747385,0.01,0.01,-2.4438209,53.1004
260,Fortuneswell,0.8220505665035855,0.1291318375785969,0.01,0.1905174864328072,0.01,0.01,-2.4422189999999997,50.55919
261,Dorchester,0.8129045249027894,0.1510957776159589,0.01,0.19901205061467814,0.01,0.01,-2.4411810000000003,50.71116
262,Alston,0.6901761614120925,0.01,0.01,0.3227459591316257,0.01,0.01,-2.438685,54.812169999999995
263,Kelso,0.2392500226030357,0.01,0.01,0.7652293859137977,0.01,0.01,-2.432207,55.600030000000004
264,Wincanton,0.8017805762895626,0.16338621290742664,0.01,0.2096591136820076,0.01,0.01,-2.416007,51.05569000000001
265,Lowestoft,0.4616326381954128,0.3307804383877628,0.01,0.5368861774029546,0.21506059613140546,0.01,1.7534490000000005,52.48114
266,Sark,0.8198876124530875,0.11654770835529762,0.01,0.1929150303099813,0.01,0.01,-2.3666256000000003,49.43007
267,Bath,0.8146233861702701,0.09202135715872824,0.01,0.19861692019019045,0.01,0.01,-2.3590167,51.38106
268,Kidderminster,0.6852456708054415,0.18511980642205086,0.01,0.32083887521019044,0.20059618696808693,0.01,-2.2496839,52.3886
269,Manchester,0.9470793371455236,0.4009412364500428,0.01,0.060134065631854125,0.1303382101578546,0.01,-2.2426305,53.48076
270,Great Yarmouth,0.4623777654597413,0.3347058398470321,0.01,0.5360347477991272,0.21761273603926928,0.01,1.728047,52.59823000000001
271,Gloucester,0.8597985913049156,0.01,0.01,0.15507019299605426,0.09138288690032352,0.01,-2.238156,51.86424
272,Newcastle-under-Lyme,0.7892438154085164,0.3522877073478313,0.01,0.21783130865988007,0.01,0.01,-2.2273002,53.01321
273,Worcester,0.7213330605636434,0.16836021988038002,0.01,0.2854242626606065,0.2280443255151616,0.01,-2.221575,52.19364
274,Trowbridge,0.8255091640134334,0.08568469269934932,0.01,0.18807344936898146,0.01,0.01,-2.208853,51.31966
275,Shaftesbury,0.7913069063943253,0.13581643331071894,0.01,0.22053938262721032,0.01,0.01,-2.198083,51.0046
276,Alderney,0.8019853672081517,0.16623504122573793,0.01,0.20939581672311824,0.01,0.01,-2.1973557,49.715
277,Stoke-on-Trent,0.7709144563637492,0.12795045634672506,0.01,0.24072198862581795,0.01,0.01,-2.179404,53.002669999999995
278,Ramsgate,0.3869717761039425,0.30740649107306395,0.01,0.6079521847789694,0.4163828380767296,0.01,1.4198950000000001,51.33555
279,Blandford Forum,0.8274417267095542,0.12647778421029446,0.01,0.1852853380591129,0.01,0.01,-2.165353,50.85691
280,Rochdale,0.9520884765136676,0.32913588775132435,0.01,0.0567427761365395,0.13374460250585055,0.01,-2.1561,53.60971
281,Jersey,0.8195487994199948,0.11159068615961774,0.01,0.1933559139765056,0.01,0.01,-2.13125,49.21444
282,Wolverhampton,0.6616625795200183,0.18957852763134447,0.01,0.3431271169352974,0.2567845793287175,0.01,-2.12882,52.586969999999994
283,Stafford,0.6831448012678513,0.01,0.01,0.32842996701696875,0.09038594120350167,0.01,-2.12066,52.80669
284,Macclesfield,0.9394738963403292,0.4009566022864072,0.01,0.06728735687467127,0.15334495117874414,0.01,-2.119287,53.25866
285,Hexham,0.5876136897507191,0.01,0.01,0.4233881693955207,0.01,0.01,-2.1121439,54.97266
286,Aberdeen,0.2165789075684515,0.01,0.01,0.7874760674163539,0.01,0.01,-2.094278,57.149719999999995
287,Dudley,0.6527844564710775,0.19245316310874788,0.01,0.3517237934740584,0.2606782724032149,0.01,-2.081112,52.51225
288,Cheltenham,0.8587499411516737,0.01,0.01,0.15607331124598658,0.0933047852687454,0.01,-2.0782533,51.899390000000004
289,Bromsgrove,0.6801500781246878,0.17785626726717527,0.01,0.32545563631228874,0.240906743167294,0.01,-2.061906,52.33559
290,Margate,0.3924970086952753,0.3051889481729631,0.01,0.6026192806135128,0.4133791739049746,0.01,1.3868339,51.38965
291,Fraserburgh,0.2178351763761944,0.01,0.01,0.7862433196875214,0.01,0.01,-2.007631,57.69335
292,Berwick,0.23066863587682016,0.01,0.01,0.7736500789582567,0.01,0.01,-2.005395,55.77024
293,Poole,0.8288628462370966,0.1219656041055439,0.01,0.18398944838978806,0.01,0.01,-1.987248,50.71505
294,Walsall,0.6500248501431927,0.1884875588903858,0.01,0.35459070888544003,0.2553068518866643,0.01,-1.9829189999999999,52.586209999999994
295,Cirencester,0.8198486399683657,0.01,0.01,0.19422473227878886,0.0949145977237056,0.01,-1.968243,51.71849
296,Felixstowe,0.4376528972517147,0.3599048750936321,0.01,0.559525522847948,0.2339961737522508,0.01,1.3512549999999999,51.961729999999996
297,Buxton,0.8677729573887344,0.4013295002227877,0.01,0.13677555568299046,0.2174407119512392,0.01,-1.91483,53.259080000000004
298,Dover,0.3881456509710735,0.3575583810117072,0.01,0.6057207584678953,0.4151260224978571,0.01,1.3134027,51.12788
299,Birmingham,0.6533516751595515,0.17148805884415858,0.01,0.35200756223396673,0.2322809848532158,0.01,-1.8904009999999998,52.48624
300,Bournemouth,0.8233782325011719,0.09385871970881177,0.01,0.18998583622682508,0.01,0.01,-1.880769,50.719159999999995
301,Cromer,0.5318271479689353,0.13118393261505384,0.01,0.4738282206243528,0.10661337263475247,0.01,1.301866,52.93145
302,Salisbury,0.8001992560968312,0.01,0.01,0.2135893295053532,0.08872983572964882,0.01,-1.794472,51.06878
303,Ringwood,0.8218736633449442,0.09398904163154496,0.01,0.19043202282975788,0.07638503069161139,0.01,-1.7888169999999999,50.84495
304,Norwich,0.4762599128167545,0.20202220950009192,0.01,0.5252959315995198,0.2189116636870216,0.01,1.297355,52.63089
305,Peterhead,0.21903201245892887,0.01,0.01,0.785068904259183,0.01,0.01,-1.784066,57.50812
306,Swindon,0.7565879397339853,0.01,0.01,0.2552695464077848,0.1715923315912189,0.01,-1.7797176,51.55577
307,Harwich,0.38323360977028254,0.4850463222993203,0.01,0.6086243011377265,0.3503980947484141,0.01,1.260297,51.93473
308,Ashbourne,0.8110275994816973,0.1651964765302362,0.01,0.19813780605188366,0.17900722810156602,0.01,-1.7321790000000001,53.016630000000006
309,Marlborough,0.7822074156104948,0.01,0.01,0.23092216214283026,0.11268435044095867,0.01,-1.7270619999999999,51.42007
310,Sheringham,0.531844189790697,0.1314897206559768,0.01,0.4738014592941052,0.10686189160426822,0.01,1.2109589,52.944419999999994
311,Alnwick,0.5691650128181898,0.01,0.01,0.4414914077014668,0.01,0.01,-1.7062990000000002,55.41274
312,Folkestone,0.4428656964440831,0.06373908561653359,0.01,0.5598520850714325,0.3108050849264182,0.01,1.169456,51.0814
313,Bishop Auckland,0.7396252317392419,0.01,0.01,0.274222734428328,0.01,0.01,-1.6787880000000002,54.663819999999994
314,Burton upon Trent,0.7382645126507752,0.01,0.01,0.2714914755297232,0.30233293068156336,0.01,-1.6371358999999999,52.81403
315,Newcastle,0.5992849246561706,0.01,0.01,0.4119354299664003,0.01,0.01,-1.61778,54.97825
316,Durham,0.6675652205977111,0.01,0.01,0.3449335683890728,0.01,0.01,-1.5848520000000001,54.77525
317,Ashington,0.5790902904622679,0.01,0.01,0.4317520100287159,0.01,0.01,-1.5659829,55.18298000000001
318,Darlington,0.8035252893471346,0.01,0.01,0.21151908779627845,0.01,0.01,-1.559458,54.52361
319,Clacton,0.38145129410894135,0.5018271694273557,0.01,0.6098433598911789,0.3625205942732666,0.01,1.153035,51.78953
320,Ipswich,0.4417430350162434,0.3037101105228959,0.01,0.5572319411892019,0.19746052030217529,0.01,1.14822,52.05674000000001
321,Canterbury,0.3858695749163889,0.3575583810117072,0.01,0.6057207584678953,0.5811764314969998,0.01,1.0789089,51.280229999999996
322,New Romney,0.44311581911126696,0.06410123762109551,0.01,0.5595749758130604,0.3125710228568595,0.01,0.939473,50.98512
323,Blyth,0.5808358329890408,0.01,0.01,0.4300391615687566,0.01,0.01,-1.510277,55.12696
324,Colchester,0.3896206608612369,0.4901980855995545,0.01,0.6021941824321115,0.3541197270598815,0.01,0.891874,51.89593
325,Andover,0.8197351283650088,0.09464612292702937,0.01,0.19250892404036896,0.07691904619950682,0.01,-1.4919233,51.2112
326,Witney,0.7715526323720363,0.01,0.01,0.24164568615372475,0.09273854160450064,0.01,-1.4850543999999999,51.785940000000004
327,Faversham,0.4059569939322317,0.20599789966390905,0.01,0.5892587173183421,0.5859517640679639,0.01,0.889358,51.31599
328,Derby,0.8454766618911862,0.14192949777463315,0.01,0.16311302099037886,0.1537950817926311,0.9333240226261312,-1.4746186000000001,52.92253
329,Ashford,0.43837658399397417,0.06571932675298725,0.01,0.5640839516495524,0.320461163187421,0.01,0.8750190000000001,51.14647
330,Thetford,0.4697494970337554,0.1648050030802184,0.01,0.5306384550449733,0.35716604425676796,0.01,0.751657,52.412859999999995
331,Northallerton,0.9234342367534836,0.01,0.01,0.093855191605575,0.01,0.01,-1.429959,54.337959999999995
332,South Shields,0.6150788225729938,0.01,0.01,0.3964372900021767,0.01,0.01,-1.427406,54.99941999999999
333,Bury St Edmunds,0.4795757159469149,0.06455360468475245,0.01,0.5223468823358571,0.4197024573744582,0.01,0.7104931999999999,52.24292
334,Southampton,0.835841560222518,0.01,0.01,0.17881328915863978,0.07394153130283235,0.01,-1.4043508999999998,50.9097
335,Southend,0.3611511916493867,0.3003145935000143,0.01,0.632479375585404,0.4881322129353074,0.01,0.7077123000000001,51.54593
336,Sunderland,0.6257035689722115,0.01,0.01,0.3860114703747757,0.01,0.01,-1.383801,54.90687
337,Maldon,0.3478389399041772,0.5049885435956812,0.01,0.6414997937404385,0.4560054721300669,0.01,0.6714479999999999,51.7318
338,Hastings,0.4816758565570257,0.04930864736133221,0.01,0.5230304678361491,0.2404392469408535,0.01,0.573453,50.85426
339,Gillingham,0.3642290250929264,0.1966615576953028,0.01,0.6296918808960482,0.6393085438511196,0.01,0.551438,51.38632
340,Braintree,0.3525901143508753,0.490829985876856,0.01,0.6397037015112752,0.26593215871315345,0.01,0.5509269,51.88009
341,Stockton,0.7994645349006579,0.01,0.01,0.21550381287293974,0.01,0.01,-1.3289821000000002,54.57046
342,Newbury,0.7372629914293963,0.1019441393182702,0.01,0.2731975411640438,0.08285015472403205,0.01,-1.3231138999999998,51.40141
343,Isle of Wight,0.8488861322024602,0.01,0.01,0.16700747282399245,0.01,0.01,-1.304734,50.69385
344,Abingdon,0.7564611063525553,0.11006651816409392,0.01,0.2552956911175199,0.01,0.01,-1.2879528999999998,51.67078
345,Shetland Islands,0.2317654203791383,0.01,0.01,0.7725738295155273,0.01,0.01,-1.2659409,60.52965
346,Medway,0.35449971583139245,0.20104220308186554,0.01,0.6367540356270999,0.8169364435359355,0.01,0.5417860999999999,51.404740000000004
347,Oxford,0.7478585053231437,0.11210816623691401,0.01,0.26369258261019163,0.01,0.01,-1.2577263,51.75202
348,Middlesbrough,0.7925200930744876,0.01,0.01,0.22231820948202025,0.01,0.01,-1.234956,54.57423000000001
349,Hartlepool,0.7247209269725512,0.01,0.01,0.288847986394885,0.01,0.01,-1.212926,54.69174
350,Loughborough,0.7909654792764785,0.16111129068005053,0.01,0.2132768262295567,0.3928061400478339,0.7945970819279173,-1.206166,52.7721
351,Mildenhall,0.4884538138604253,0.17606444377618474,0.01,0.5117099318449347,0.38156754470070503,0.01,0.5156095,52.34757000000001
352,Nottingham,0.8561983807806054,0.1342185894015554,0.01,0.1529853990428816,0.14543952654188555,0.8826172064094759,-1.1581086,52.95478000000001
353,Chelmsford,0.34175325005512824,0.3736879851851676,0.01,0.6448045097157811,0.8677050502236162,0.01,0.4685497,51.73559
354,Leicester,0.676263637887529,0.06752345306670561,0.01,0.3260643640823485,0.6585168826165552,0.01,-1.1397591999999999,52.63688000000001
355,Bexhill,0.4824063047300432,0.049743465556806525,0.01,0.5222757243287007,0.2425595203848865,0.01,0.4662071,50.849909999999994
356,King's Lynn,0.5379937110650612,0.1091260827231421,0.01,0.4673075820274852,0.1773738519590332,0.01,0.4022963,52.75168000000001
357,Downham Market,0.5242332820294064,0.10307736975013987,0.01,0.4788213668873551,0.3350845126324792,0.01,0.385472,52.606609999999996
358,Portsmouth,0.7792857234601464,0.01,0.01,0.2342588190607266,0.07776717391462011,0.01,-1.0879769,50.81977
359,Skegness,0.7600999248978478,0.5608194638891282,0.01,0.2418705059926264,0.01,0.01,0.337881,53.1464
360,Brentwood,0.3210596147306592,0.44076776382912586,0.01,0.6632699509108411,0.8955315005656066,0.01,0.30717490000000003,51.62047000000001
361,Helmsley,0.9599172456173172,0.01,0.01,0.0580551912356027,0.01,0.01,-1.0562636,54.24651
362,Eastbourne,0.4740158593003066,0.04626224056119374,0.01,0.5308134519464551,0.2255843407138317,0.01,0.29047199999999995,50.768029999999996
363,Reading,0.7025236525027763,0.1411992256836909,0.01,0.30445576148625275,0.22950563172591426,0.01,-0.9781303,51.45426
364,Tunbridge Wells,0.4380830021677549,0.12316395319196198,0.01,0.5606948819880833,0.5004776231108468,0.01,0.26369499999999996,51.13238
365,Petersfield,0.7871918719860577,0.01,0.01,0.2275466581326388,0.01,0.01,-0.93899,51.00759
366,Sevenoaks,0.4453138622225014,0.11577032339162592,0.01,0.5503685849114194,0.7526936893629876,0.01,0.190898,51.27241
367,Melton Mowbray,0.7810635273117439,0.08929020948587682,0.01,0.2237997019256442,0.4353977070478192,0.8807548794968212,-0.887126,52.7664
368,Aylesbury,0.6388825023949667,0.01,0.01,0.37070004310177374,0.17688907263878945,0.01,-0.8084,51.81561
369,Newark-on-Trent,0.8787451885445076,0.2315961025605271,0.01,0.12859361810101844,0.15057478756395856,0.9137815530037048,-0.80657,53.07004000000001
370,Malton,0.9403474656536284,0.2001505276590977,0.01,0.07288281805440196,0.01,0.01,-0.7978970000000001,54.13684
371,Chichester,0.7024557491377479,0.01,0.01,0.3106962077221853,0.01,0.01,-0.774936,50.83761
372,Wisbech,0.5739719125139229,0.12189971264644996,0.01,0.4314444397170205,0.198136147154257,0.01,0.158797,52.66631999999999
373,Milton Keynes,0.6248231502541481,0.01,0.01,0.3836416744206697,0.2404129784720225,0.01,-0.7594171,52.040620000000004
374,Bishop's Stortford,0.3950757781696727,0.1951121522725051,0.01,0.5971545429824578,0.8104582998784748,0.01,0.15365020000000001,51.87216
375,High Wycombe,0.6036581627724721,0.1411403458745973,0.01,0.4014727364323447,0.2294099283131193,0.01,-0.748229,51.628609999999995
376,Cambridge,0.4764205030811136,0.06396797114381672,0.01,0.5231761136012303,0.5891844636154246,0.01,0.12181700000000001,52.20534
377,Kettering,0.6508144419837697,0.048867246224948514,0.01,0.3538922011687424,0.476573784080943,0.01,-0.7302489999999999,52.39632
378,Wellingborough,0.6495734303822353,0.01,0.01,0.35693571669493873,0.4202635573699371,0.01,-0.693964,52.30242
379,Corby,0.6581414953303775,0.05192613635690574,0.01,0.3462341443742935,0.5064053391978616,0.01,-0.6842333,52.4923
380,Bognor Regis,0.6481983086921912,0.01,0.01,0.36393781258806107,0.01,0.01,-0.673061,50.783
381,Scunthorpe,0.978736996907764,0.7015640548637074,0.01,0.024249958223960272,0.01,0.01,-0.654413,53.58865
382,Grantham,0.8278251425637622,0.22129890506005906,0.01,0.1789654711011547,0.14387994966833012,0.8731531136525756,-0.643582,52.912519999999994
383,Whitby,0.8896338443944434,0.01,0.01,0.12702271568306445,0.01,0.01,-0.613347,54.48634000000001
384,Slough,0.4768702387682393,0.01,0.01,0.5267978958441627,0.391084120430028,0.01,-0.5950406,51.51054
385,Uckfield,0.4807835487804176,0.05478383782521745,0.01,0.5258226488414008,0.0890458091931224,0.01,0.095913,50.966409999999996
386,Chatteris,0.5275796624105596,0.13182260762417375,0.01,0.4750932792680468,0.3213972742278053,0.01,0.054012,52.4561
387,Lincoln,0.917066213183287,0.4206145950963915,0.01,0.09090823885165528,0.01,0.01,-0.540579,53.23069
388,Bedford,0.5549492177590161,0.01,0.01,0.4488240121893543,0.4919517124845763,0.01,-0.46677820000000003,52.13864
389,Heathrow,0.3917354805626586,0.01,0.01,0.6060880176452126,0.7071015480600067,0.01,-0.4542955,51.47002
390,Driffield,0.9703949874522676,0.29490665959522305,0.01,0.041326276728186916,0.01,0.01,-0.443377,54.006
391,Beverley,0.9759430555820524,0.5395130902654325,0.01,0.030534431164494023,0.01,0.01,-0.435093,53.84196
392,Luton,0.5225127241203787,0.01,0.01,0.484118137090772,0.2343450446908257,0.01,-0.4200255,51.87867
393,Scarborough,0.9715459639423706,0.1716736221896215,0.01,0.0428910129410147,0.01,0.01,-0.399752,54.28311
394,Worthing,0.6001898252833724,0.01,0.01,0.4110474964282256,0.01,0.01,-0.372882,50.81787
395,Lewes,0.4812042279100852,0.054256897943375314,0.01,0.5266190758955026,0.01,0.01,0.00878,50.873870000000004
396,Hull,0.9702182602416384,0.5692411888576928,0.01,0.03550204933827369,0.01,0.01,-0.3274198,53.767619999999994
397,Louth_Lincs,0.9245392154060884,0.5074281013957922,0.01,0.08167718312950943,0.01,0.01,-0.007711,53.36596
398,Biggleswade,0.52367586615876,0.01,0.01,0.4809727558558907,0.3833432931936765,0.01,-0.26421999999999995,52.08694000000001
399,Peterborough,0.624447476112481,0.12081190281458234,0.01,0.3819615068478791,0.19636801789255887,0.01,-0.2405299,52.5695
400,Welwyn Garden City,0.4082239960965682,0.01,0.01,0.5859686769111998,1.0,0.01,-0.208661,51.80317
401,Bridlington,0.9732114124204064,0.2938823833224493,0.01,0.038584905253175115,0.01,0.01,-0.198802,54.08535
402,Stevenage,0.4566052882079969,0.01,0.01,0.5429681521671437,0.667303497481129,0.01,-0.19661199999999998,51.90376
403,Crawley,0.4770787245950864,0.01,0.01,0.5293143241561702,0.1887868919441996,0.01,-0.18722750000000002,51.109140000000004
404,Huntingdon,0.5424665106208879,0.01,0.01,0.4602752717292443,0.5512669144985912,0.01,-0.182552,52.33146
405,Hove,0.496747487883403,0.0538083554160822,0.01,0.5113767101199143,0.01,0.01,-0.168749,50.82793
406,Spalding,0.7197083063473069,0.26818902393037225,0.01,0.2879034470936517,0.01,0.01,-0.1537024,52.7901
407,Brighton,0.496747487883403,0.0538083554160822,0.01,0.5113767101199143,0.01,0.01,-0.137163,50.82253
408,London,0.4488997581192404,0.0715397464941609,0.01,0.5558555208809288,0.15504121577772076,0.01,-0.12775830000000002,51.50735
409,Grimsby,0.9628508142584952,0.6671872210394175,0.01,0.040590278484322125,0.01,0.01,-0.08078400000000001,53.56746999999999
410,Boston,0.7859784465193072,0.3580266723617285,0.01,0.22090997155529574,0.01,0.01,-0.026576999999999996,52.97894
411,Royston,0.4783519095474394,0.01,0.01,0.5234231317785865,0.533888511538794,0.01,-0.024066,52.048140000000004
412,Midhurst,0.6750931311680617,0.01,0.16671342098110226,0.33650843567692285,0.01,0.01,-0.737274,50.9869
413,Horsham,0.4913309534605191,0.01,0.1743446797247598,0.516782622154065,0.01,0.01,-0.325858,51.06288
414,Mansfield,0.8972979387263058,0.20275844967285267,0.17797414677865414,0.1095283284712806,0.1647820866389848,1.0,-1.198674,53.1472
415,Dorking,0.4637827480410137,0.01,0.18059776889626253,0.5392779250473101,0.3344224922054393,0.01,-0.332378,51.2322
416,Basingstoke,0.6944968664790105,0.1092493704322386,0.19179040319436672,0.313729240699667,0.08878712207982532,0.01,-1.0923964,51.26654
417,Liverpool,0.77008277524509,0.1159686633961804,0.20358631470979988,0.23546172235674825,0.3769916049366054,0.01,-2.9915726,53.40837
418,Nuneaton,0.6313733302879245,0.20427151071837601,0.20491685192123,0.3689641330346423,0.4268873649590967,0.01,-1.465382,52.52049
419,Woking,0.5223185654888178,0.01,0.2081873432835916,0.4835718113165896,0.1927557779376788,0.01,-0.5600349,51.31677
420,Stratford-upon-Avon,0.6807249756871266,0.1818312071900832,0.2128065929683465,0.3240695967240185,0.19703265141335688,0.01,-1.7082979999999999,52.19173
421,Birkenhead,0.7537307702332862,0.12133161669187872,0.21300114293899072,0.25109712204708146,0.3944255246778237,0.01,-3.023009,53.389990000000004
422,Aldershot,0.6213520730031428,0.12214166251918825,0.2144231818163453,0.3862760005746904,0.01,0.01,-0.7557509,51.24837
423,Guildford,0.535108528127263,0.01,0.2176434660957808,0.4735550577372616,0.01,0.01,-0.570409,51.23622
424,Evesham,0.7343612065398669,0.1249624498784074,0.2193751648317348,0.2718752601367787,0.2538929114385576,0.01,-1.9467700000000001,52.09215
425,Wetherby,0.9322347290258596,0.4420775152291854,0.2217370763403548,0.07417377475962589,0.01,0.01,-1.384816,53.92706
426,Leamington Spa,0.648385240887533,0.19114166302687005,0.22370311440774127,0.35470034401258393,0.25890184542274136,0.01,-1.5200789,52.28519
427,Thirsk,0.9451277846317908,0.3867904575448541,0.22634058060857085,0.06270216674281931,0.01,0.01,-1.341377,54.23385
428,Coventry,0.6362033043086979,0.1933989122860636,0.2263448982196469,0.3665472272733718,0.2619592934821621,0.01,-1.519693,52.40682
429,Selby,0.9592299424104559,0.6890080737767729,0.2419146790933587,0.042159947661250925,0.01,0.01,-1.067189,53.783519999999996
430,York,0.9361476243034376,0.5758233118352647,0.25271858975572703,0.06721730878443749,0.01,0.01,-1.0872979,53.95997
431,Banbury,0.6820937883841586,0.01,0.3006916258388345,0.3269323191159142,0.13920166831641512,0.01,-1.339775,52.0629
432,Rugby,0.646748534774076,0.0463483998066522,0.325463780749016,0.3562409087013169,0.4520089331865026,0.01,-1.265032,52.37088
433,Warrington,0.8918452344191813,0.5190296970735923,0.3313350980347264,0.1114423185424571,0.01,0.01,-2.5969501,53.39004
434,Barrow-in-Furness,0.9059595326106948,0.7101863987640994,0.3562150347773669,0.09325817962525504,0.01,0.01,-3.2188939999999997,54.10896999999999
435,Kendal,0.910043499627078,0.6606470100163929,0.35685685360549435,0.09032972548671396,0.01,0.01,-2.74629,54.32801
436,Bicester,0.6727318962754295,0.01,0.3692769768103089,0.3375642133186331,0.01,0.01,-1.1535898999999998,51.8996
437,Oxenholme,0.9144672348229068,0.7246227092056646,0.3914141412140853,0.08437502119633013,0.01,0.01,-2.7243327999999996,54.30134
438,Southport,0.7849436962590361,0.5041527470183707,0.3933576009483217,0.2113826913388865,0.3642005935096931,0.01,-3.010113,53.64571
439,Towcester,0.6822650486386914,0.01,0.40864281560211935,0.3254198723225566,0.1891764079516498,0.01,-0.9896879999999999,52.13511
440,Burnley,0.9383353493205228,0.29482103059521914,0.4140534160582334,0.07020927483577853,0.01,0.01,-2.2405035,53.78929
441,Sedbergh,0.9290614689210837,0.5308628295059483,0.4141977391403961,0.07414824667040339,0.01,0.01,-2.5281740000000004,54.32363
442,Northampton,0.6545937047460141,0.01,0.4285370800796437,0.3496570048398544,0.3967724496225552,0.01,-0.9026559999999999,52.24048
443,Huddersfield,0.9479593536967016,0.44331832907924174,0.4447188724206136,0.05732807232711967,0.01,0.01,-1.7850351000000002,53.64579000000001
444,Colne,0.9190553180299282,0.12671454444666885,0.4449020341969057,0.09261146803161782,0.01,0.01,-2.176991,53.85564
445,Wakefield,0.9539702656405278,0.5750379280625016,0.4486646936108308,0.04852544453714308,0.01,0.01,-1.505924,53.6833
446,Harrogate,0.9181978353920379,0.3930034225087729,0.4599525134081629,0.08753754448146223,0.01,0.01,-1.5418120000000002,53.99211999999999
447,Otley,0.9280896703460664,0.4609123809436778,0.4623685138885665,0.0763312066091853,0.01,0.01,-1.691786,53.90583
448,Halifax,0.9339860401338924,0.3990268134408648,0.4670020037676504,0.07186934057985761,0.01,0.01,-1.8575400000000002,53.727019999999996
449,Retford,0.9788435585646352,0.4707763171395808,0.4722636070305285,0.02477988189250702,0.10931445888682516,0.01,-0.9455030000000001,53.32136
450,Bradford,0.9366538393025079,0.4094043149231547,0.4791473446969161,0.06894890250798065,0.01,0.01,-1.759398,53.79598000000001
451,Castleford,0.9623920423841668,0.7668067247984912,0.4895095320573115,0.03581442928996762,0.01,0.01,-1.345968,53.72346999999999
452,Leeds,0.9213669858539558,0.570425001321383,0.5006987201887769,0.08029508991252005,0.01,0.01,-1.5490774,53.80076
453,Doncaster,1.0,0.6422964501928317,0.5011421467685137,0.01,0.11599894526367174,0.01,-1.128462,53.522819999999996
454,Hawes,0.8875042701954197,0.1443918730520178,0.5069681489434805,0.12279886517160855,0.01,0.01,-2.1968695,54.30383000000001
455,Skipton,0.908740001345751,0.5105775224777535,0.5121905570122322,0.09392252656555324,0.01,0.01,-2.0162787,53.96285
456,Sheffield,0.9872689925133872,0.5204133613054733,0.5220574668488671,0.014961926766448209,0.12084020114733887,0.01,-1.470085,53.38113000000001
457,Worksop,0.9788979893390084,0.5231714273965078,0.5248242633264254,0.0230900950397196,0.1214806199993122,0.01,-1.122745,53.3093
458,Rotherham,0.9883437960818842,0.5998972790454499,0.5265684395622782,0.012127445594030624,0.12188434756930615,0.01,-1.3635008999999998,53.4326
459,Chesterfield,0.9607938563176859,0.3208480102736749,0.5632578942369082,0.04491957110343625,0.13037681976422358,0.01,-1.421629,53.23505
460,Barnsley,0.9888211933100848,0.4898985025586318,0.5733539147383516,0.013983843309328302,0.10617098961463936,0.01,-1.479726,53.55263000000001
461,Aysgarth,0.8713007401705575,0.16558441313025385,0.5813763728121694,0.13777238440369408,0.01,0.01,-1.9967433999999997,54.29159
462,Wigan,0.9348471674091798,0.5193011827463321,0.6077654136536805,0.06751834291869921,0.01,0.01,-2.6325074,53.54506
463,Preston,0.9520522060877058,1.0,0.638374067683188,0.03993555082402083,0.01,0.01,-2.70309,53.7632
464,Gainsborough,0.9714471062948944,0.7110389601232291,0.6808632425607759,0.026956552302060184,0.01,0.01,-0.774465,53.400569999999995
465,Blackpool,0.9238127511987776,0.6790432273581384,0.6811884893914711,0.07439662141288722,0.01,0.01,-3.0356748,53.81751
466,Clitheroe,0.9369380330455,0.5840458055356385,0.6835394484279578,0.06357924775997184,0.01,0.01,-2.3930830000000003,53.8711
467,Keighley,0.9197189562291366,0.4644361778802016,0.6988551636370637,0.08299551778549377,0.01,0.01,-1.9123580000000002,53.8678
468,Morecambe,0.9250236882579259,0.8182642369917393,0.7182431783131387,0.06993389211484186,0.01,0.01,-2.864968,54.074169999999995
469,Lancaster,0.9305191227966062,0.8190067667781367,0.7188949395300743,0.06452107393094961,0.01,0.01,-2.8007399,54.046569999999996
470,Blackburn,0.956546571842753,0.6645671315847531,1.0,0.0406069272381629,0.01,0.01,-2.487529,53.748580000000004
