placename,aint,arent,ent,innit,int,isnt,longitude,latitude
Dingle,0.04978953,0.0003946330,0.0000000000,0.05939227,0.0023677979,0.8880558,-10.2640135,52.14094
Tralee,0.05360812,0.0003852080,0.0000000000,0.05643297,0.0023112481,0.8872625, -9.6999325,52.27131
Killarney,0.05818153,0.0003385928,0.0000000000,0.05538250,0.0020315568,0.8840658, -9.5044265,52.05994
Bantry,0.05798058,0.0003475360,0.0000000000,0.05406501,0.0020852158,0.8855217, -9.4539805,51.68035
Mayo,0.05125746,0.0000000000,0.0000000000,0.07523444,0.0012787724,0.8722293, -9.4289369,54.01526
Ballycastle,0.05487013,0.0000000000,0.0000000000,0.06850649,0.0012987013,0.8753247, -9.3724643,54.27967
Abbeyfeale,0.05284073,0.0003690854,0.0000000000,0.05643316,0.0022145124,0.8881425, -9.2970823,52.38618
Ennistymon,0.05146026,0.0004212300,0.0000000000,0.06381634,0.0016849200,0.8826172, -9.2934951,52.94037
Galway,0.05504970,0.0000000000,0.0000000000,0.07784952,0.0032648915,0.8638359, -9.0567905,53.27067
Claremorris,0.04955230,0.0012210012,0.0000000000,0.07305657,0.0012210012,0.8749491, -9.0017356,53.72388
Clare,0.05011120,0.0004170142,0.0000000000,0.06317765,0.0025020851,0.8837920, -8.9811351,52.90453
Adare,0.05331405,0.0003526839,0.0000000000,0.05745221,0.0021161035,0.8867649, -8.7925892,52.56363
Charleville,0.05995493,0.0003448989,0.0000000000,0.05606907,0.0020693937,0.8815617, -8.6810176,52.36206
Mallow,0.05967107,0.0003534318,0.0000000000,0.05462878,0.0021205909,0.8832261, -8.6539164,52.13898
Limerick,0.05126079,0.0003605683,0.0000000000,0.05945771,0.0021634095,0.8867575, -8.6267343,52.66384
Loughrea,0.05349565,0.0000000000,0.0000000000,0.07825649,0.0032367115,0.8650111, -8.5660931,53.19891
Sligo,0.05751015,0.0013531800,0.0000000000,0.06867388,0.0000000000,0.8724628, -8.4760888,54.27661
Cork,0.05900843,0.0003454152,0.0000000000,0.05718924,0.0020724911,0.8813844, -8.4756035,51.89851
Nenagh,0.05078200,0.0000000000,0.0000000000,0.06015503,0.0024738188,0.8865892, -8.1983400,52.86350
Roscommon,0.05231961,0.0012839168,0.0000000000,0.07761277,0.0012839168,0.8674998, -8.1890955,53.62759
Tipperary,0.05878391,0.0003544758,0.0000000000,0.05514463,0.0021268551,0.8835901, -8.1618514,52.47379
Donegal,0.06776072,0.0021175225,0.0000000000,0.05876125,0.0000000000,0.8713605, -8.1096143,54.65383
Leitrim,0.06870799,0.0029873040,0.0014936520,0.07169529,0.0000000000,0.8551158, -8.0020132,54.12469
Athlone,0.05653388,0.0011636476,0.0000000000,0.07800318,0.0023272953,0.8619720, -7.9406898,53.42393
Longford,0.06025115,0.0025368906,0.0012684453,0.07921441,0.0012684453,0.8554607, -7.7932573,53.72763
Offaly,0.06671733,0.0010604079,0.0000000000,0.07355696,0.0031812237,0.8554841, -7.7122229,53.23569
Fermanagh,0.07246377,0.0018115942,0.0000000000,0.06250000,0.0000000000,0.8632246, -7.6318728,54.34383
Enniskillen,0.07246377,0.0018115942,0.0000000000,0.06250000,0.0000000000,0.8632246, -7.6315336,54.34382
Doon,0.06539075,0.0047846890,0.0015948963,0.07376396,0.0000000000,0.8544657, -7.6096400,54.18593
Westmeath,0.07142498,0.0015063266,0.0000000000,0.07913236,0.0000000000,0.8479363, -7.4653217,53.53453
Strabane,0.06084709,0.0023861603,0.0000000000,0.05070591,0.0000000000,0.8860608, -7.4633103,54.82739
Balivanich,0.07072439,0.0000000000,0.0000000000,0.07329619,0.0077153879,0.8482640, -7.3743509,57.47227
Cavan,0.06327207,0.0054233203,0.0018077734,0.07547454,0.0000000000,0.8540223, -7.3633319,53.98972
Mullingar,0.07132618,0.0013872191,0.0000000000,0.08258578,0.0000000000,0.8447008, -7.3401868,53.52582
Laois,0.07722710,0.0000000000,0.0000000000,0.07388100,0.0043644828,0.8445274, -7.3323007,52.99430
Omagh,0.06513724,0.0024580090,0.0000000000,0.05776321,0.0000000000,0.8746415, -7.3099597,54.59771
Derry,0.06078896,0.0025867644,0.0000000000,0.04914852,0.0000000000,0.8874757, -7.3085748,54.99661
Derry,0.06078896,0.0025867644,0.0000000000,0.04914852,0.0000000000,0.8874757, -7.3085748,54.99661
Kilkenny,0.07407472,0.0000000000,0.0000000000,0.05962622,0.0031409775,0.8631581, -7.2447879,52.65415
Tyrone,0.05913978,0.0026881720,0.0000000000,0.05107527,0.0000000000,0.8870968, -7.1312320,54.49121
Waterford,0.06640026,0.0000000000,0.0000000000,0.05620139,0.0024218939,0.8749765, -7.1100702,52.25932
Western Isles,0.07301980,0.0000000000,0.0000000000,0.08168317,0.0074257426,0.8378713, -7.0194034,57.75989
Monaghan,0.05986696,0.0066518847,0.0022172949,0.06430155,0.0000000000,0.8669623, -6.9683132,54.24920
Carlow,0.07490600,0.0000000000,0.0000000000,0.06086974,0.0011811721,0.8630431, -6.9341359,52.83651
Kildare,0.05208661,0.0004717278,0.0000000000,0.06283414,0.0000000000,0.8846075, -6.8194708,53.21204
Dungannon,0.04580153,0.0030534351,0.0000000000,0.05419847,0.0000000000,0.8969466, -6.7669352,54.50827
Cookstown,0.04857621,0.0033500838,0.0000000000,0.04941374,0.0000000000,0.8986600, -6.7443895,54.64182
Coleraine,0.05644546,0.0000000000,0.0000000000,0.04576659,0.0000000000,0.8977879, -6.6646103,55.13258
Meath,0.05117463,0.0014095536,0.0004698512,0.06648395,0.0000000000,0.8804620, -6.6564169,53.60555
Armagh,0.04993065,0.0027739251,0.0000000000,0.05894591,0.0000000000,0.8883495, -6.6527920,54.35028
Armagh,0.04993065,0.0027739251,0.0000000000,0.05894591,0.0000000000,0.8883495, -6.6527920,54.35028
Magherafelt,0.04329004,0.0034632035,0.0000000000,0.04761905,0.0000000000,0.9056277, -6.6079805,54.75537
Dunvegan,0.06892068,0.0000000000,0.0000000000,0.07672302,0.0078023407,0.8465540, -6.5813982,57.43660
Louth,0.06189624,0.0064400716,0.0021466905,0.08372093,0.0000000000,0.8457961, -6.4889423,53.92523
Wexford,0.07505251,0.0000000000,0.0000000000,0.06478216,0.0023122724,0.8578531, -6.4633381,52.33692
Craigavon,0.04724899,0.0031084862,0.0000000000,0.05211895,0.0000000000,0.8975236, -6.4175653,54.44293
Stornoway,0.07331976,0.0000000000,0.0000000000,0.07881874,0.0073319756,0.8405295, -6.3848692,58.20943
Drogheda,0.04984411,0.0014389639,0.0004796546,0.06571269,0.0000000000,0.8825246, -6.3560985,53.71786
Rosslare,0.07896932,0.0000000000,0.0000000000,0.06127944,0.0022752266,0.8574760, -6.3414908,52.25131
Newry,0.05513017,0.0061255743,0.0030627871,0.07120980,0.0000000000,0.8644717, -6.3402300,54.17510
Scilly Isles,0.09071683,0.0013357079,0.0000000000,0.10730187,0.0000000000,0.8006456, -6.3274966,49.92773
Ballymena,0.04622396,0.0019531250,0.0000000000,0.04904514,0.0000000000,0.9027778, -6.2802213,54.86529
Banbridge,0.04435346,0.0034118048,0.0000000000,0.05379279,0.0000000000,0.8984419, -6.2704803,54.34873
Dublin,0.05001411,0.0004836175,0.0000000000,0.06456293,0.0000000000,0.8849393, -6.2603097,53.34981
Antrim,0.04957555,0.0033955857,0.0000000000,0.05489530,0.0000000000,0.8921336, -6.2072498,54.71953
Antrim,0.04957555,0.0033955857,0.0000000000,0.05489530,0.0000000000,0.8921336, -6.2072498,54.71953
Portree,0.07275132,0.0000000000,0.0000000000,0.07341270,0.0079365079,0.8458995, -6.1960231,57.41247
Islay,0.07915567,0.0000000000,0.0000000000,0.12840809,0.0580474934,0.7343887, -6.1770670,55.73625
Wicklow,0.05053084,0.0004862631,0.0000000000,0.06394359,0.0000000000,0.8850393, -6.0445890,52.98082
Kilkeel,0.05235921,0.0042617960,0.0012176560,0.05834602,0.0000000000,0.8838153, -6.0070040,54.06312
Mull,0.11206897,0.0000000000,0.0000000000,0.12835249,0.0555555556,0.7040230, -6.0008870,56.43920
Belfast,0.04691113,0.0019821606,0.0000000000,0.05737254,0.0000000000,0.8937342, -5.9301200,54.59728
Broadford,0.07559682,0.0000000000,0.0000000000,0.07360743,0.0079575597,0.8428382, -5.9096592,57.24139
Down,0.04620020,0.0020087044,0.0000000000,0.05646691,0.0000000000,0.8953242, -5.7156922,54.32875
Kyle of Lochalsh,0.07275132,0.0000000000,0.0000000000,0.07605820,0.0079365079,0.8432540, -5.7143293,57.28261
Campbeltown,0.06987897,0.0000000000,0.0000000000,0.16236584,0.0808403745,0.6869148, -5.6053740,55.42412
Penzance,0.09132676,0.0013446885,0.0000000000,0.10802331,0.0000000000,0.7993052, -5.5375920,50.11880
Oban,0.11524501,0.0000000000,0.0000000000,0.14156080,0.0562613430,0.6869328, -5.4710470,56.41516
Lochgilphead,0.11087369,0.0000000000,0.0000000000,0.14577398,0.0707502374,0.6726021, -5.4323449,56.03829
Helston,0.09342521,0.0013556258,0.0000000000,0.10890194,0.0000000000,0.7963172, -5.2749960,50.10159
Redruth,0.09132676,0.0013446885,0.0000000000,0.10936800,0.0000000000,0.7979606, -5.2266660,50.23302
Ullapool,0.07422680,0.0000000000,0.0000000000,0.07917526,0.0074226804,0.8391753, -5.1613130,57.89542
Ballachulish,0.12689805,0.0000000000,0.0000000000,0.10520607,0.0325379610,0.7353579, -5.1337200,56.67393
Fort William,0.12054381,0.0000000000,0.0000000000,0.08791541,0.0163141994,0.7752266, -5.1052179,56.81982
Achnasheen,0.07204969,0.0000000000,0.0000000000,0.08260870,0.0074534161,0.8378882, -5.0787658,57.57859
Newquay,0.05622215,0.0020569078,0.0000000000,0.09941721,0.0000000000,0.8423037, -5.0737190,50.41550
Falmouth,0.09355204,0.0013574661,0.0000000000,0.10904977,0.0000000000,0.7960407, -5.0662700,50.15257
Rothesay,0.10096364,0.0000000000,0.0000000000,0.15812527,0.0784056067,0.6625055, -5.0557930,55.83596
Truro,0.09132676,0.0013446885,0.0000000000,0.10936800,0.0000000000,0.7979606, -5.0510410,50.26320
Milford Haven,0.14871279,0.0034517474,0.0000000000,0.09535452,0.0008629369,0.7516180, -5.0426971,51.71431
Stranraer,0.05530813,0.0018643190,0.0000000000,0.07167271,0.0111859140,0.8599689, -5.0240550,54.90337
Fishguard,0.12512501,0.0026669630,0.0000000000,0.09101011,0.0006667407,0.7805312, -4.9759890,51.99393
Inchnadamph,0.07422680,0.0000000000,0.0000000000,0.08164948,0.0074226804,0.8367010, -4.9742950,58.15221
Haverfordwest,0.14612398,0.0034517474,0.0000000000,0.09621746,0.0008629369,0.7533439, -4.9713190,51.80047
Dunoon,0.10601915,0.0000000000,0.0000000000,0.15458276,0.0729594163,0.6664387, -4.9262140,55.95097
Pembroke,0.14728792,0.0016994760,0.0000000000,0.09644526,0.0008497380,0.7537176, -4.9086370,51.67404
Girvan,0.07179728,0.0000000000,0.0000000000,0.18582825,0.1069920225,0.6353824, -4.8542179,55.24016
Wadebridge,0.10052276,0.0000000000,0.0000000000,0.10498802,0.0000000000,0.7944892, -4.8364560,50.51665
Invergarry,0.07162162,0.0000000000,0.0000000000,0.08581081,0.0081081081,0.8344595, -4.8002610,57.07095
St Austell,0.10233018,0.0000000000,0.0000000000,0.10749615,0.0000000000,0.7901737, -4.7834252,50.34038
Greenock,0.10377821,0.0000000000,0.0000000000,0.15750736,0.0667320903,0.6719823, -4.7719830,55.95648
Helensburgh,0.10454770,0.0000000000,0.0000000000,0.15719229,0.0672268908,0.6710331, -4.7340140,56.00232
Bodmin,0.10376542,0.0000000000,0.0000000000,0.10300801,0.0000000000,0.7932266, -4.7188629,50.47150
Tenby,0.15743280,0.0016456391,0.0000000000,0.09585848,0.0008228195,0.7442403, -4.7035790,51.67274
Camelford,0.10583371,0.0000000000,0.0000000000,0.09700492,0.0000000000,0.7971614, -4.6823640,50.62206
Irvine,0.07896764,0.0000000000,0.0000000000,0.16910632,0.1001540832,0.6517720, -4.6696364,55.61157
Cardigan,0.09761709,0.0019720624,0.0000000000,0.08726376,0.0009860312,0.8121611, -4.6608640,52.08370
Holyhead,0.05965909,0.0017045455,0.0000000000,0.12926136,0.0017045455,0.8076705, -4.6330380,53.30944
Ayr,0.07103594,0.0000000000,0.0000000000,0.16744186,0.1090909091,0.6524313, -4.6291790,55.45856
Dumbarton,0.08366660,0.0008419280,0.0000000000,0.18275100,0.0520416754,0.6806988, -4.5645540,55.94529
Bude,0.11154709,0.0000000000,0.0013452915,0.10605381,0.0020179372,0.7790359, -4.5436780,50.82664
Isle of Man,0.08386597,0.0023242301,0.0000000000,0.06643424,0.0046484602,0.8427271, -4.5126331,54.27697
Kilmarnock,0.07619382,0.0000000000,0.0000000000,0.16362360,0.0997191011,0.6604635, -4.4987920,55.61472
Newton Stewart,0.08117017,0.0024721879,0.0000000000,0.14544705,0.0824062629,0.6885043, -4.4831640,54.96030
Liskeard,0.10480596,0.0000000000,0.0000000000,0.10063177,0.0000000000,0.7945623, -4.4647190,50.45552
Altnaharra,0.06469345,0.0000000000,0.0000000000,0.08372093,0.0076109937,0.8439746, -4.4426550,58.28023
Pwllheli,0.06479956,0.0010982976,0.0000000000,0.09372140,0.0010982976,0.8392824, -4.4176339,52.88882
Lairg,0.07014614,0.0000000000,0.0000000000,0.08517745,0.0075156576,0.8371608, -4.4024140,58.02206
Launceston,0.13038585,0.0000000000,0.0000000000,0.11093248,0.0000000000,0.7586817, -4.3604516,50.63683
Carmarthen,0.15138953,0.0036849378,0.0000000000,0.09596192,0.0009212345,0.7480424, -4.3121310,51.85762
Llangefni,0.05558675,0.0016844469,0.0000000000,0.12942167,0.0016844469,0.8116227, -4.3114020,53.25579
Caernarfon,0.06031934,0.0017740982,0.0000000000,0.12034299,0.0017740982,0.8157895, -4.2739110,53.13955
Cumnock,0.08348794,0.0000000000,0.0000000000,0.14304267,0.1012987013,0.6721707, -4.2658289,55.45355
Aberaeron,0.08885851,0.0027341080,0.0000000000,0.08976988,0.0013670540,0.8172704, -4.2581619,52.24279
Alness,0.07652451,0.0000000000,0.0000000000,0.08728577,0.0071741730,0.8290155, -4.2568250,57.69595
Glasgow,0.08078141,0.0008447730,0.0000000000,0.17940866,0.0496832101,0.6892819, -4.2518060,55.86424
Dalwhinnie,0.08997955,0.0000000000,0.0000000000,0.08793456,0.0000000000,0.8220859, -4.2427830,56.93660
Inverness,0.07429963,0.0000000000,0.0000000000,0.09622412,0.0073081608,0.8221681, -4.2247210,57.47777
Saltash,0.11835069,0.0000000000,0.0000000000,0.11652125,0.0000000000,0.7651281, -4.2164300,50.40921
Bideford,0.07471764,0.0000000000,0.0013032146,0.09394005,0.0019548219,0.8280843, -4.2066660,51.01668
Invergordon,0.07544204,0.0000000000,0.0000000000,0.08840864,0.0070726916,0.8290766, -4.1728820,57.68811
Llanelli,0.16272272,0.0033407572,0.0000000000,0.10231069,0.0008351893,0.7307906, -4.1602480,51.68089
Plymouth,0.11933775,0.0000000000,0.0000000000,0.11761589,0.0000000000,0.7630464, -4.1426565,50.37546
Tavistock,0.11637805,0.0000000000,0.0000000000,0.11447021,0.0000000000,0.7691517, -4.1416540,50.55112
Porthmadog,0.06610499,0.0019442644,0.0000000000,0.12605314,0.0019442644,0.8039533, -4.1333840,52.92784
Bangor,0.05885559,0.0016348774,0.0000000000,0.13215259,0.0016348774,0.8057221, -4.1292630,53.22739
Tywyn,0.08311931,0.0000000000,0.0000000000,0.07424702,0.0000000000,0.8426337, -4.0872490,52.58701
Aberystwyth,0.08400275,0.0027541887,0.0000000000,0.07849438,0.0013770943,0.8333716, -4.0829200,52.41530
Lampeter,0.08135194,0.0023580271,0.0000000000,0.08547848,0.0011790136,0.8296325, -4.0785090,52.11290
Barnstaple,0.07968397,0.0000000000,0.0013544018,0.09085779,0.0020316027,0.8260722, -4.0583380,51.07816
Tain,0.07296311,0.0000000000,0.0000000000,0.08633968,0.0072963113,0.8334009, -4.0552300,57.81150
Okehampton,0.08043654,0.0000000000,0.0012126112,0.09407842,0.0018189167,0.8224535, -4.0042630,50.73831
Llandeilo,0.15834919,0.0035123665,0.0000000000,0.10229767,0.0008780916,0.7349627, -3.9914300,51.88469
Motherwell,0.08162202,0.0008339414,0.0000000000,0.17632649,0.0539455853,0.6872720, -3.9810968,55.78321
Golspie,0.06398390,0.0000000000,0.0000000000,0.08571429,0.0072434608,0.8430584, -3.9760860,57.97341
Airdrie,0.09514626,0.0019286403,0.0000000000,0.16120219,0.0675024108,0.6742205, -3.9625660,55.86627
Swansea,0.17179200,0.0016773833,0.0000000000,0.10357842,0.0000000000,0.7229522, -3.9436460,51.62144
Stirling,0.10259881,0.0000000000,0.0000000000,0.10341094,0.0146182999,0.7793720, -3.9369029,56.11652
Tregaron,0.08526957,0.0027069704,0.0000000000,0.07850214,0.0013534852,0.8321678, -3.9343850,52.22000
Tregaron,0.08526957,0.0027069704,0.0000000000,0.07850214,0.0013534852,0.8321678, -3.9343850,52.22000
Castle Douglas,0.07711738,0.0035661218,0.0000000000,0.10297177,0.0433878158,0.7729569, -3.9314140,54.94042
Dolgellau,0.07881317,0.0000000000,0.0000000000,0.07510431,0.0000000000,0.8460825, -3.8844000,52.74215
Aberfeldy,0.08047059,0.0000000000,0.0000000000,0.10400000,0.0014117647,0.8141176, -3.8669690,56.62175
Machynlleth,0.08867700,0.0000000000,0.0000000000,0.08295590,0.0000000000,0.8283671, -3.8534850,52.59027
Brora,0.06623846,0.0000000000,0.0000000000,0.08550783,0.0072260136,0.8410277, -3.8525480,58.01216
Llandudno,0.05188199,0.0015259410,0.0000000000,0.13402848,0.0015259410,0.8110376, -3.8276090,53.32406
Llandudno,0.05188199,0.0015259410,0.0000000000,0.13402848,0.0015259410,0.8110376, -3.8276090,53.32406
Aviemore,0.07345361,0.0000000000,0.0000000000,0.10051546,0.0077319588,0.8182990, -3.8238120,57.19449
Dalbeattie,0.07811038,0.0037418148,0.0000000000,0.09027128,0.0324290614,0.7954475, -3.8225270,54.93422
Falkirk,0.12106643,0.0000000000,0.0026223776,0.10358392,0.0196678322,0.7530594, -3.7839131,56.00188
Kingsbridge,0.10451883,0.0000000000,0.0000000000,0.10669456,0.0000000000,0.7887866, -3.7774930,50.28395
Pitlochry,0.06675749,0.0000000000,0.0000000000,0.08900999,0.0013623978,0.8428701, -3.7297110,56.70436
Colwyn Bay,0.05159252,0.0015793630,0.0000000000,0.12924454,0.0015793630,0.8160042, -3.7276400,53.29318
Totnes,0.10430934,0.0000000000,0.0000000000,0.10648071,0.0000000000,0.7892100, -3.6857970,50.43374
Grantown-on-Spey,0.07219917,0.0000000000,0.0000000000,0.09336100,0.0074688797,0.8269710, -3.6096280,57.33041
Dumfries,0.08156780,0.0042372881,0.0000000000,0.08845339,0.0367231638,0.7890184, -3.6051200,55.07086
Whitehaven,0.08754321,0.0026764804,0.0000000000,0.07248801,0.0091446415,0.8281477, -3.5892330,54.54970
Dartmouth,0.10425710,0.0000000000,0.0000000000,0.10692821,0.0000000000,0.7888147, -3.5788070,50.35252
Bridgend,0.22464757,0.0000000000,0.0000000000,0.10732151,0.0000000000,0.6680309, -3.5769450,51.50429
Paignton,0.10320014,0.0000000000,0.0000000000,0.10641720,0.0010159160,0.7893667, -3.5642350,50.43508
Workington,0.08092137,0.0028943560,0.0000000000,0.07296189,0.0127834057,0.8304390, -3.5427520,54.64357
Llanidloes,0.09561167,0.0000000000,0.0000000000,0.09414072,0.0000000000,0.8102476, -3.5401950,52.44779
Exeter,0.07652303,0.0000000000,0.0000000000,0.09843982,0.0014858841,0.8235513, -3.5338990,50.71841
Torquay,0.08225214,0.0000000000,0.0000000000,0.10024480,0.0014687882,0.8160343, -3.5253150,50.46192
Thurso,0.06799205,0.0000000000,0.0000000000,0.07992048,0.0095427435,0.8425447, -3.5220800,58.59357
Livingston,0.11005484,0.0000000000,0.0021937843,0.12029250,0.0109689214,0.7564899, -3.5180680,55.90071
Rhyl,0.03793892,0.0000000000,0.0000000000,0.10776268,0.0028252388,0.8514732, -3.4916340,53.31914
Tiverton,0.07614318,0.0012414649,0.0012414649,0.10045520,0.0024829299,0.8184358, -3.4912070,50.90205
Tiverton,0.07614318,0.0012414649,0.0012414649,0.10045520,0.0024829299,0.8184358, -3.4912070,50.90205
Minehead,0.15006635,0.0023417376,0.0000000000,0.10857857,0.0000000000,0.7390133, -3.4811520,51.20428
Dunfermline,0.07443366,0.0005247966,0.0015743899,0.08764104,0.0049855681,0.8308405, -3.4521510,56.07174
Perth,0.06897851,0.0000000000,0.0000000000,0.09121749,0.0011307953,0.8386732, -3.4308381,56.39499
Prestatyn,0.04018012,0.0000000000,0.0000000000,0.10010391,0.0024246623,0.8572913, -3.4076130,53.33651
Builth Wells,0.24840764,0.0042462845,0.0000000000,0.07218684,0.0000000000,0.6751592, -3.4045920,52.15002
Braemar,0.08215548,0.0000000000,0.0000000000,0.09628975,0.0000000000,0.8215548, -3.3979439,57.00647
Brecon,0.26760563,0.0031298905,0.0000000000,0.09389671,0.0000000000,0.6353678, -3.3914630,51.94895
Merthyr Tydfil,0.26631854,0.0000000000,0.0000000000,0.08746736,0.0000000000,0.6462141, -3.3816460,51.74873
Llandrindod Wells,0.11384217,0.0025873221,0.0000000000,0.09120310,0.0000000000,0.7923674, -3.3777420,52.24170
Corwen,0.14187150,0.0000000000,0.0000000000,0.10435533,0.0000000000,0.7537732, -3.3692420,52.98005
Cockermouth,0.07776954,0.0029673591,0.0000000000,0.06960930,0.0131058358,0.8365480, -3.3679850,54.66326
Lockerbie,0.07227332,0.0039421813,0.0000000000,0.08015769,0.0213534823,0.8222733, -3.3490080,55.12224
Blairgowrie,0.06216328,0.0000000000,0.0000000000,0.08744302,0.0000000000,0.8503937, -3.3378318,56.58941
Elgin,0.07944097,0.0000000000,0.0000000000,0.08937109,0.0066200809,0.8245679, -3.3184850,57.64945
Newtown,0.10523897,0.0000000000,0.0000000000,0.10386029,0.0000000000,0.7909007, -3.3131060,52.51211
Ruthin,0.12157330,0.0000000000,0.0000000000,0.11799762,0.0000000000,0.7604291, -3.3103108,53.11487
Ruthin,0.12157330,0.0000000000,0.0000000000,0.11799762,0.0000000000,0.7604291, -3.3103108,53.11487
Sidmouth,0.07142857,0.0000000000,0.0000000000,0.09135338,0.0015037594,0.8357143, -3.2375600,50.67865
Barrow-in-Furness,0.10016502,0.0000000000,0.0011513221,0.09751698,0.0043174579,0.7968492, -3.2188940,54.10897
Peebles,0.07293030,0.0004620716,0.0013862149,0.09303042,0.0039276088,0.8282634, -3.1936420,55.65307
Edinburgh,0.06710827,0.0004731488,0.0004731488,0.08863654,0.0030754672,0.8402334, -3.1882670,55.95325
Cardiff,0.12657835,0.0000000000,0.0007442137,0.11804470,0.0007442137,0.7538885, -3.1790900,51.48158
Llangollen,0.10467265,0.0000000000,0.0000000000,0.10744456,0.0015839493,0.7862988, -3.1716600,52.96921
Kirkcaldy,0.06453740,0.0004395282,0.0004395282,0.08863820,0.0028569336,0.8430884, -3.1581370,56.11682
Welshpool,0.15857503,0.0000000000,0.0000000000,0.09331652,0.0000000000,0.7481084, -3.1464070,52.66035
Mold,0.09172521,0.0000000000,0.0000000000,0.10226386,0.0015612802,0.8044496, -3.1419030,53.16720
Mold,0.09172521,0.0000000000,0.0000000000,0.10226386,0.0015612802,0.8044496, -3.1419030,53.16720
Taunton,0.09818664,0.0026536931,0.0000000000,0.11322424,0.0026536931,0.7832817, -3.1068490,51.01534
Wick,0.07599795,0.0000000000,0.0000000000,0.08495394,0.0076765609,0.8313715, -3.0937160,58.43894
John o' Groats,0.07690316,0.0000000000,0.0000000000,0.08259969,0.0077679959,0.8327292, -3.0688997,58.63734
Dalkeith,0.06492256,0.0004815023,0.0004815023,0.09036193,0.0031297649,0.8406227, -3.0666060,55.89312
Oswestry,0.13762811,0.0000000000,0.0000000000,0.10336750,0.0000000000,0.7590044, -3.0564120,52.85715
Blackpool,0.10243205,0.0009747697,0.0004873849,0.11408055,0.0046301561,0.7773951, -3.0356748,53.81751
Birkenhead,0.04917902,0.0006397270,0.0004797953,0.10848705,0.0010395565,0.8401749, -3.0230090,53.38999
Cupar,0.07147720,0.0000000000,0.0000000000,0.08815521,0.0020422056,0.8383254, -3.0101370,56.32023
Southport,0.09185188,0.0000000000,0.0000000000,0.11472068,0.0029915572,0.7904359, -3.0101130,53.64571
Bridgwater,0.13208241,0.0022075055,0.0000000000,0.11920530,0.0000000000,0.7465048, -3.0036320,51.12789
Langholm,0.07051482,0.0018720749,0.0000000000,0.08564743,0.0202808112,0.8216849, -2.9989130,55.15306
Newport,0.18536854,0.0000000000,0.0016501650,0.10203520,0.0016501650,0.7092959, -2.9976640,51.58415
Axminster,0.09954580,0.0022710068,0.0000000000,0.11241484,0.0022710068,0.7834974, -2.9949370,50.78273
Wrexham,0.10798935,0.0000000000,0.0000000000,0.10599201,0.0015978695,0.7844208, -2.9924940,53.04304
Liverpool,0.04975380,0.0006493155,0.0004869866,0.10881446,0.0010551377,0.8392403, -2.9915726,53.40837
Weston-super-Mare,0.11663436,0.0000000000,0.0008076240,0.11975717,0.0008076240,0.7619932, -2.9772550,51.34741
Dundee,0.07338129,0.0000000000,0.0000000000,0.08741007,0.0021582734,0.8370504, -2.9707210,56.46202
Kirkwall,0.07845676,0.0000000000,0.0000000000,0.08259969,0.0077679959,0.8311756, -2.9622491,58.98467
Ambleside,0.08161648,0.0000000000,0.0015847861,0.06458003,0.0031695721,0.8490491, -2.9613330,54.42874
Orkney Islands,0.07845676,0.0000000000,0.0000000000,0.08259969,0.0077679959,0.8311756, -2.9605206,58.98094
Lyme Regis,0.12115564,0.0027958993,0.0000000000,0.10251631,0.0055917987,0.7679404, -2.9366390,50.72516
Carlisle,0.06592654,0.0032894737,0.0000000000,0.06962719,0.0161732456,0.8449836, -2.9329310,54.89247
Chester,0.09355356,0.0000000000,0.0000000000,0.09762110,0.0014791076,0.8073462, -2.8930750,53.19339
Forfar,0.07347876,0.0000000000,0.0000000000,0.07845388,0.0000000000,0.8480674, -2.8890620,56.64356
Morecambe,0.10060601,0.0000000000,0.0011882600,0.09668475,0.0044559750,0.7970650, -2.8649680,54.07417
Selkirk,0.08355438,0.0000000000,0.0000000000,0.10079576,0.0053050398,0.8103448, -2.8385240,55.55066
Galashiels,0.06745685,0.0004772890,0.0004772890,0.08957124,0.0040569565,0.8379604, -2.8144490,55.62373
Lancaster,0.08133656,0.0000000000,0.0016487140,0.09122884,0.0016487140,0.8241372, -2.8007399,54.04657
St Andrews,0.06962025,0.0000000000,0.0000000000,0.07770745,0.0021097046,0.8505626, -2.7967214,56.33978
Hawick,0.07331166,0.0021668472,0.0000000000,0.08649332,0.0162513543,0.8217768, -2.7809140,55.42706
Bridport,0.10933977,0.0019323671,0.0000000000,0.10628019,0.0038647343,0.7785829, -2.7583010,50.73358
Shrewsbury,0.11932302,0.0018263728,0.0000000000,0.09000974,0.0000000000,0.7888409, -2.7553268,52.70730
Penrith,0.07800697,0.0017431726,0.0000000000,0.07103428,0.0078442766,0.8413713, -2.7527080,54.66410
Kendal,0.08111121,0.0000000000,0.0013651256,0.07428558,0.0027302512,0.8405078, -2.7462900,54.32801
Street,0.13149047,0.0022413149,0.0000000000,0.12850205,0.0000000000,0.7377662, -2.7429190,51.12468
Glastonbury,0.13104049,0.0000000000,0.0000000000,0.12929909,0.0000000000,0.7396604, -2.7184540,51.14743
Hereford,0.11290903,0.0000000000,0.0172599784,0.07353470,0.0000000000,0.7962963, -2.7159740,52.05640
Ludlow,0.11461022,0.0030975736,0.0061951471,0.08286009,0.0000000000,0.7932370, -2.7139129,52.36775
Preston,0.14309058,0.0026498256,0.0006624564,0.12509385,0.0046371947,0.7238661, -2.7030900,53.76320
Whitchurch,0.13482938,0.0000000000,0.0000000000,0.10255935,0.0000000000,0.7626113, -2.6820450,52.96872
Wells,0.11071901,0.0000000000,0.0000000000,0.13674460,0.0000000000,0.7525364, -2.6445979,51.20935
Yeovil,0.10403846,0.0000000000,0.0000000000,0.10538462,0.0000000000,0.7905769, -2.6333080,50.94206
Wigan,0.12573161,0.0000000000,0.0000000000,0.13053930,0.0041806020,0.7395485, -2.6325074,53.54506
Warrington,0.10980752,0.0005499542,0.0000000000,0.10348304,0.0021998167,0.7839597, -2.5969501,53.39004
Arbroath,0.06892779,0.0000000000,0.0000000000,0.07695113,0.0021881838,0.8519329, -2.5915430,56.55911
Bristol,0.11543135,0.0011138113,0.0000000000,0.14175780,0.0033414338,0.7383556, -2.5879100,51.45451
Guernsey,0.08177570,0.0000000000,0.0000000000,0.09532710,0.0028037383,0.8200935, -2.5852780,49.46569
Ross-on-Wye,0.10572554,0.0000000000,0.0145410482,0.07103908,0.0000000000,0.8086943, -2.5824460,51.91445
Jedburgh,0.07398274,0.0000000000,0.0000000000,0.08723798,0.0036991369,0.8350801, -2.5549369,55.47772
Sedbergh,0.07090445,0.0000000000,0.0015611990,0.08183285,0.0015611990,0.8441403, -2.5281740,54.32363
Sedbergh,0.07090445,0.0000000000,0.0015611990,0.08183285,0.0015611990,0.8441403, -2.5281740,54.32363
Nantwich,0.10671463,0.0000000000,0.0000000000,0.10256410,0.0103301974,0.7803911, -2.5241020,53.06719
Banff,0.08303707,0.0000000000,0.0000000000,0.08202133,0.0076180802,0.8273235, -2.5240380,57.66651
Dunbar,0.06855792,0.0004575612,0.0004575612,0.08541142,0.0038892702,0.8412263, -2.5167370,56.00209
Cinderford,0.08996042,0.0028787334,0.0151133501,0.06944944,0.0000000000,0.8225981, -2.5009579,51.82530
Banchory,0.09339207,0.0000000000,0.0000000000,0.08663730,0.0035242291,0.8164464, -2.4909599,57.05386
Blackburn,0.14001866,0.0022388060,0.0005597015,0.12677239,0.0044776119,0.7259328, -2.4875290,53.74858
Market Drayton,0.14260158,0.0000000000,0.0000000000,0.08496463,0.0115150518,0.7609187, -2.4834850,52.90355
Telford,0.15938197,0.0023529148,0.0017646861,0.07464622,0.0000000000,0.7618542, -2.4672611,52.67759
Montrose,0.07999003,0.0000000000,0.0000000000,0.08298031,0.0014951408,0.8355345, -2.4661150,56.70692
Turriff,0.08106041,0.0000000000,0.0000000000,0.08539383,0.0076472088,0.8258985, -2.4623000,57.53893
Weymouth,0.10142712,0.0015290520,0.0000000000,0.09072375,0.0022935780,0.8040265, -2.4576210,50.61443
Crewe,0.10565799,0.0000000000,0.0000000000,0.10674259,0.0101229212,0.7774765, -2.4438209,53.10041
Fortuneswell,0.10020294,0.0015220700,0.0000000000,0.09335363,0.0022831050,0.8026383, -2.4422190,50.55919
Dorchester,0.10226962,0.0016406891,0.0000000000,0.08586273,0.0024610336,0.8077659, -2.4411810,50.71116
Alston,0.06398810,0.0017857143,0.0000000000,0.08169643,0.0080357143,0.8444940, -2.4386850,54.81217
Kelso,0.07222548,0.0000000000,0.0000000000,0.06899589,0.0070463887,0.8517322, -2.4322070,55.60003
Wincanton,0.12975256,0.0000000000,0.0000000000,0.13699457,0.0000000000,0.7332529, -2.4160070,51.05569
Clitheroe,0.14866297,0.0018699744,0.0000000000,0.13993642,0.0074798978,0.7020507, -2.3930830,53.87110
Sark,0.08725048,0.0012878300,0.0000000000,0.09465551,0.0019317450,0.8148744, -2.3666256,49.43007
Bath,0.11380835,0.0008845209,0.0000000000,0.14191646,0.0032432432,0.7401474, -2.3590167,51.38106
Kidderminster,0.20315186,0.0017191977,0.0103151862,0.06962751,0.0000000000,0.7151862, -2.2496839,52.38860
Manchester,0.10022742,0.0004059877,0.0004059877,0.20218641,0.0096985960,0.6870756, -2.2426305,53.48076
Burnley,0.14658467,0.0017912587,0.0000000000,0.13598639,0.0089562933,0.7066814, -2.2405035,53.78929
Gloucester,0.10249785,0.0014765596,0.0118124769,0.06767565,0.0036913990,0.8128461, -2.2381560,51.86424
Newcastle-under-Lyme,0.13190454,0.0000000000,0.0000000000,0.09423121,0.0118746648,0.7619896, -2.2273002,53.01321
Worcester,0.11104350,0.0000000000,0.0292059629,0.06723456,0.0009126863,0.7916033, -2.2215750,52.19364
Trowbridge,0.08419722,0.0007585335,0.0000000000,0.10366625,0.0000000000,0.8113780, -2.2088530,51.31966
Shaftesbury,0.08760403,0.0000000000,0.0000000000,0.09286027,0.0000000000,0.8195357, -2.1980830,51.00460
Alderney,0.08957107,0.0012615643,0.0000000000,0.09398654,0.0018923465,0.8132885, -2.1973557,49.71500
Stoke-on-Trent,0.13107609,0.0000000000,0.0000000000,0.09192646,0.0118000837,0.7651974, -2.1794040,53.00267
Colne,0.09462759,0.0000000000,0.0000000000,0.14077426,0.0129282482,0.7516699, -2.1769910,53.85564
Blandford Forum,0.08088235,0.0017301038,0.0000000000,0.08650519,0.0008650519,0.8300173, -2.1653530,50.85691
Rochdale,0.09461539,0.0006990055,0.0004194033,0.19488741,0.0083880666,0.7009907, -2.1561000,53.60971
Jersey,0.09139564,0.0012350762,0.0000000000,0.09448333,0.0018526142,0.8110333, -2.1312500,49.21444
Wolverhampton,0.26796982,0.0010579745,0.0058188597,0.06321398,0.0000000000,0.6619394, -2.1288200,52.58697
Stafford,0.17832301,0.0000000000,0.0005930545,0.06355567,0.0104772959,0.7470510, -2.1206600,52.80669
Macclesfield,0.04864135,0.0000000000,0.0000000000,0.14502327,0.0081068909,0.7982285, -2.1192870,53.25866
Hexham,0.07168530,0.0003993610,0.0000000000,0.09970714,0.0027955272,0.8254127, -2.1121439,54.97266
Aberdeen,0.09263854,0.0000000000,0.0000000000,0.08877860,0.0033085194,0.8152743, -2.0942780,57.14972
Dudley,0.25695666,0.0011194627,0.0061570446,0.07164561,0.0000000000,0.6641212, -2.0811120,52.51226
Cheltenham,0.09522115,0.0014229811,0.0099608680,0.06877742,0.0035574529,0.8210601, -2.0782533,51.89939
Bromsgrove,0.17475890,0.0000000000,0.0239441304,0.07399401,0.0000000000,0.7273030, -2.0619060,52.33559
Skipton,0.07230307,0.0000000000,0.0000000000,0.12303673,0.0205061215,0.7841541, -2.0162787,53.96285
Fraserburgh,0.08657773,0.0000000000,0.0000000000,0.08957256,0.0081677103,0.8156820, -2.0076310,57.69335
Berwick,0.07807675,0.0000000000,0.0000000000,0.06109396,0.0052933392,0.8555360, -2.0053950,55.77024
Poole,0.08837580,0.0015923567,0.0000000000,0.08439490,0.0023885350,0.8232484, -1.9872480,50.71505
Walsall,0.23146282,0.0009900640,0.0079205120,0.08283535,0.0000000000,0.6767912, -1.9829190,52.58621
Cirencester,0.11469902,0.0022398507,0.0078394774,0.06812879,0.0011199253,0.8059729, -1.9682430,51.71849
Evesham,0.09820126,0.0000000000,0.0204180846,0.07122022,0.0036460865,0.8065143, -1.9467700,52.09215
Buxton,0.05742895,0.0000000000,0.0000000000,0.13429539,0.0079517008,0.8003240, -1.9148300,53.25908
Keighley,0.07572576,0.0000000000,0.0014823965,0.13712168,0.0181593576,0.7675108, -1.9123580,53.86780
Birmingham,0.15764158,0.0004684975,0.0135864261,0.08999055,0.0018739898,0.7364390, -1.8904010,52.48624
Bournemouth,0.08383751,0.0017286085,0.0000000000,0.08210890,0.0008643042,0.8314607, -1.8807690,50.71916
Halifax,0.08579189,0.0005619556,0.0011239112,0.15865880,0.0272548469,0.7266086, -1.8575400,53.72702
Salisbury,0.07865758,0.0000000000,0.0000000000,0.07393812,0.0031463031,0.8442580, -1.7944720,51.06878
Ringwood,0.09835636,0.0020982689,0.0000000000,0.08970100,0.0026228362,0.8072215, -1.7888170,50.84495
Huddersfield,0.06603071,0.0008943211,0.0000000000,0.17633030,0.0295125950,0.7272321, -1.7850351,53.64579
Peterhead,0.09570957,0.0000000000,0.0000000000,0.08855886,0.0033003300,0.8124312, -1.7840660,57.50812
Swindon,0.13288790,0.0017817372,0.0035634744,0.07245731,0.0000000000,0.7893096, -1.7797176,51.55577
Bradford,0.08495413,0.0000000000,0.0011009174,0.15174312,0.0233944954,0.7388073, -1.7593980,53.79598
Ashbourne,0.17255528,0.0000000000,0.0004558924,0.08331434,0.0186915888,0.7249829, -1.7321790,53.01663
Marlborough,0.13783404,0.0021097046,0.0021097046,0.07524613,0.0000000000,0.7827004, -1.7270620,51.42007
Stratford-upon-Avon,0.07249216,0.0000000000,0.0164576803,0.09286834,0.0000000000,0.8181818, -1.7082980,52.19173
Alnwick,0.08277926,0.0000000000,0.0000000000,0.10588431,0.0000000000,0.8113364, -1.7062990,55.41274
Otley,0.07928489,0.0000000000,0.0014120194,0.15294916,0.0168265648,0.7495274, -1.6917860,53.90583
Bishop Auckland,0.09532526,0.0033793298,0.0000000000,0.10954661,0.0016896649,0.7900591, -1.6787880,54.66382
Burton upon Trent,0.20106383,0.0000000000,0.0089361702,0.07691489,0.0129787234,0.7001064, -1.6371359,52.81403
Newcastle,0.06419271,0.0003906250,0.0000000000,0.12005208,0.0027343750,0.8126302, -1.6177800,54.97825
Durham,0.07665011,0.0021291696,0.0000000000,0.13626686,0.0000000000,0.7849539, -1.5848520,54.77525
Ashington,0.07571342,0.0003642987,0.0000000000,0.11026108,0.0025500911,0.8111111, -1.5659829,55.18298
Darlington,0.08576713,0.0035046729,0.0000000000,0.08859034,0.0011682243,0.8209696, -1.5594580,54.52361
Leeds,0.08398736,0.0001495856,0.0011966852,0.16122840,0.0175015208,0.7359365, -1.5490774,53.80076
Harrogate,0.07589865,0.0000000000,0.0011614177,0.15471052,0.0153887846,0.7528406, -1.5418120,53.99212
Leamington Spa,0.17023081,0.0000000000,0.0060292040,0.09213377,0.0011304757,0.7304757, -1.5200789,52.28519
Coventry,0.18622997,0.0000000000,0.0049423081,0.09067234,0.0011405326,0.7170148, -1.5196930,52.40682
Blyth,0.07743442,0.0003593245,0.0000000000,0.11258833,0.0025152713,0.8071026, -1.5102770,55.12696
Wakefield,0.07476017,0.0009923917,0.0000000000,0.17300695,0.0347337082,0.7165068, -1.5059240,53.68330
Andover,0.07563554,0.0000000000,0.0015101938,0.07337025,0.0015101938,0.8479738, -1.4919233,51.21120
Witney,0.08128316,0.0000000000,0.0065123010,0.06898215,0.0007235890,0.8424988, -1.4850544,51.78594
Barnsley,0.08076950,0.0006903376,0.0000000000,0.16388614,0.0522355432,0.7024185, -1.4797260,53.55263
Derby,0.18785579,0.0000000000,0.0018975332,0.09428368,0.0230075901,0.6929554, -1.4746186,52.92253
Sheffield,0.08209579,0.0000000000,0.0003096007,0.17770049,0.0338496785,0.7060444, -1.4700850,53.38113
Nuneaton,0.25142435,0.0000000000,0.0079130618,0.08941760,0.0015826124,0.6496624, -1.4653820,52.52049
Northallerton,0.08341426,0.0034958244,0.0000000000,0.08487085,0.0011652748,0.8270538, -1.4299590,54.33796
South Shields,0.06502627,0.0003031528,0.0006063056,0.11833064,0.0029304770,0.8128032, -1.4274060,54.99942
Chesterfield,0.09450004,0.0000000000,0.0003091604,0.17124396,0.0288549728,0.7050919, -1.4216290,53.23505
Southampton,0.13630337,0.0007955449,0.0003977725,0.10282418,0.0031821798,0.7564970, -1.4043509,50.90970
Wetherby,0.07559061,0.0000000000,0.0010992333,0.15403006,0.0162136910,0.7530664, -1.3848160,53.92706
Sunderland,0.06362253,0.0003044140,0.0006088280,0.11577879,0.0029426687,0.8167428, -1.3838010,54.90687
Rotherham,0.08319344,0.0000000000,0.0002980063,0.18346263,0.0393368366,0.6937091, -1.3635009,53.43260
Castleford,0.07157676,0.0012448133,0.0000000000,0.16804979,0.0304979253,0.7286307, -1.3459680,53.72347
Thirsk,0.04711316,0.0027713626,0.0000000000,0.11258661,0.0027713626,0.8347575, -1.3413770,54.23385
Banbury,0.06866953,0.0000000000,0.0064377682,0.07564378,0.0016094421,0.8476395, -1.3397750,52.06290
Stockton,0.08228674,0.0029358995,0.0000000000,0.08351003,0.0014679498,0.8297994, -1.3289821,54.57046
Newbury,0.11292256,0.0000000000,0.0035962599,0.09554064,0.0014385040,0.7865020, -1.3231139,51.40141
Isle of Wight,0.15936086,0.0008484163,0.0004242081,0.11665724,0.0042420814,0.7184672, -1.3047340,50.69385
Isle of Wight,0.15936086,0.0008484163,0.0004242081,0.11665724,0.0042420814,0.7184672, -1.3047340,50.69385
Abingdon,0.08339520,0.0000000000,0.0066815145,0.06780500,0.0000000000,0.8421183, -1.2879529,51.67078
Shetland Islands,0.07959184,0.0000000000,0.0000000000,0.08316327,0.0076530612,0.8295918, -1.2659409,60.52965
Rugby,0.19671906,0.0000000000,0.0039198777,0.09231312,0.0011759633,0.7058720, -1.2650320,52.37088
Oxford,0.08029545,0.0000000000,0.0064331665,0.07028830,0.0000000000,0.8429831, -1.2577263,51.75202
Middlesbrough,0.08261012,0.0029474374,0.0000000000,0.08432946,0.0014737187,0.8286393, -1.2349560,54.57423
Hartlepool,0.07199173,0.0023264831,0.0000000000,0.09318857,0.0014217397,0.8310715, -1.2129260,54.69174
Loughborough,0.19414317,0.0000000000,0.0026030369,0.12006508,0.0013015184,0.6818872, -1.2061660,52.77210
Mansfield,0.13752350,0.0000000000,0.0000000000,0.13510610,0.0278001612,0.6995702, -1.1986740,53.14720
Nottingham,0.12779631,0.0000000000,0.0000000000,0.12307817,0.0165948101,0.7325307, -1.1581086,52.95478
Bicester,0.07380541,0.0000000000,0.0103626943,0.07967761,0.0006908463,0.8354634, -1.1535899,51.89960
Leicester,0.21331828,0.0000000000,0.0033860045,0.12612867,0.0011286682,0.6560384, -1.1397592,52.63688
Doncaster,0.10238596,0.0000000000,0.0000000000,0.14084164,0.0405277752,0.7162446, -1.1284620,53.52282
Worksop,0.11780906,0.0000000000,0.0000000000,0.13623691,0.0397796818,0.7061744, -1.1227450,53.30930
Basingstoke,0.09454701,0.0000000000,0.0032013659,0.09956248,0.0012805464,0.8014086, -1.0923964,51.26654
Portsmouth,0.17364636,0.0000000000,0.0006345178,0.12119289,0.0050761421,0.6994501, -1.0879769,50.81977
York,0.04995017,0.0014947683,0.0014947683,0.13677130,0.0156950673,0.7945939, -1.0872979,53.95997
Selby,0.05560748,0.0014018692,0.0000000000,0.14474299,0.0234813084,0.7747664, -1.0671890,53.78352
Helmsley,0.05510827,0.0033314825,0.0016657413,0.12895614,0.0108273182,0.8001110, -1.0562636,54.24651
Towcester,0.11052744,0.0000000000,0.0102915952,0.08833619,0.0000000000,0.7908448, -0.9896880,52.13511
Reading,0.10063239,0.0000000000,0.0041242783,0.11080561,0.0016497113,0.7827880, -0.9781303,51.45426
Retford,0.09859155,0.0000000000,0.0000000000,0.14366197,0.0230473752,0.7346991, -0.9455030,53.32136
Petersfield,0.14593351,0.0000000000,0.0006272214,0.11039097,0.0025088856,0.7405394, -0.9389900,51.00759
Northampton,0.12919868,0.0000000000,0.0065861690,0.08111965,0.0000000000,0.7830955, -0.9026560,52.24048
Melton Mowbray,0.18603516,0.0000000000,0.0029296875,0.11840820,0.0019531250,0.6906738, -0.8871260,52.76640
Aylesbury,0.08647313,0.0000000000,0.0024706609,0.08729669,0.0024706609,0.8212889, -0.8084000,51.81561
Newark-on-Trent,0.12788202,0.0008308523,0.0000000000,0.11784255,0.0112165063,0.7422281, -0.8065700,53.07004
Malton,0.05474041,0.0013544018,0.0013544018,0.13002257,0.0169300226,0.7955982, -0.7978970,54.13684
Chichester,0.15748031,0.0000000000,0.0005249344,0.10831146,0.0031496063,0.7305337, -0.7749360,50.83761
Gainsborough,0.10256699,0.0013510471,0.0000000000,0.14557532,0.0153118667,0.7351948, -0.7744650,53.40058
Milton Keynes,0.09302012,0.0000000000,0.0056703119,0.10706089,0.0000000000,0.7942487, -0.7594171,52.04062
Aldershot,0.05344089,0.0000000000,0.0000000000,0.12106126,0.0015124779,0.8239854, -0.7557509,51.24837
High Wycombe,0.06594696,0.0000000000,0.0000000000,0.08730345,0.0028162403,0.8439333, -0.7482290,51.62861
Midhurst,0.08842505,0.0000000000,0.0000000000,0.08387097,0.0022770398,0.8254269, -0.7372740,50.98690
Kettering,0.14930362,0.0000000000,0.0083565460,0.07660167,0.0000000000,0.7657382, -0.7302490,52.39632
Wellingborough,0.14289252,0.0000000000,0.0074294205,0.08420010,0.0000000000,0.7654780, -0.6939640,52.30242
Corby,0.16329705,0.0000000000,0.0000000000,0.06972525,0.0000000000,0.7669777, -0.6842333,52.49230
Bognor Regis,0.15786558,0.0000000000,0.0000000000,0.11318316,0.0033234860,0.7256278, -0.6730610,50.78300
Scunthorpe,0.09514371,0.0000000000,0.0000000000,0.12041625,0.0148662042,0.7695738, -0.6544130,53.58865
Grantham,0.11890606,0.0000000000,0.0023781213,0.07015458,0.0023781213,0.8061831, -0.6435820,52.91252
Whitby,0.07418597,0.0020140987,0.0000000000,0.08929171,0.0035246727,0.8309836, -0.6133470,54.48633
Slough,0.08640092,0.0000000000,0.0000000000,0.10413885,0.0011443830,0.8083158, -0.5950406,51.51054
Guildford,0.05734767,0.0000000000,0.0000000000,0.11296723,0.0015360983,0.8281490, -0.5704090,51.23622
Woking,0.06598040,0.0000000000,0.0000000000,0.11689198,0.0000000000,0.8171276, -0.5600349,51.31677
Lincoln,0.10203480,0.0017693896,0.0000000000,0.11132409,0.0044234739,0.7804482, -0.5405790,53.23069
Bedford,0.11758475,0.0018159806,0.0027239709,0.10184625,0.0000000000,0.7760291, -0.4667782,52.13864
Heathrow,0.10367171,0.0000000000,0.0025917927,0.08898488,0.0038876890,0.8008639, -0.4542955,51.47002
Driffield,0.08359595,0.0000000000,0.0009951899,0.11229060,0.0195720683,0.7835462, -0.4433770,54.00600
Beverley,0.08737398,0.0000000000,0.0000000000,0.11697872,0.0188830213,0.7767643, -0.4350930,53.84196
Luton,0.11805752,0.0000000000,0.0011315417,0.09740688,0.0011315417,0.7822725, -0.4200255,51.87867
Scarborough,0.07151140,0.0000000000,0.0023192888,0.10919985,0.0092771550,0.8076923, -0.3997520,54.28311
Worthing,0.07653266,0.0008013891,0.0008013891,0.14425003,0.0000000000,0.7776145, -0.3728820,50.81787
Dorking,0.09046823,0.0000000000,0.0000000000,0.11906355,0.0000000000,0.7904682, -0.3323780,51.23220
Hull,0.08632882,0.0000000000,0.0000000000,0.10850029,0.0169416618,0.7882292, -0.3274198,53.76762
Horsham,0.07835371,0.0000000000,0.0000000000,0.08636129,0.0020664715,0.8332185, -0.3258580,51.06288
Biggleswade,0.11761331,0.0000000000,0.0034423408,0.08950086,0.0000000000,0.7894435, -0.2642200,52.08694
Peterborough,0.17082270,0.0000000000,0.0117808757,0.06558021,0.0035342627,0.7482820, -0.2405299,52.56950
Welwyn Garden City,0.11047094,0.0000000000,0.0000000000,0.10834168,0.0015030060,0.7796844, -0.2086610,51.80317
Bridlington,0.08334711,0.0000000000,0.0009922276,0.11096411,0.0195138085,0.7851827, -0.1988020,54.08535
Stevenage,0.13115693,0.0000000000,0.0013745704,0.08969072,0.0013745704,0.7764032, -0.1966120,51.90376
Crawley,0.08720673,0.0000000000,0.0000000000,0.09451085,0.0000000000,0.8182824, -0.1872275,51.10914
Huntingdon,0.09112054,0.0041045287,0.0065672459,0.06786154,0.0000000000,0.8303461, -0.1825520,52.33146
Hove,0.07317073,0.0007910349,0.0007910349,0.14713250,0.0000000000,0.7781147, -0.1687490,50.82793
Spalding,0.16430595,0.0000000000,0.0089458774,0.06560310,0.0053675265,0.7557775, -0.1537024,52.79010
Brighton,0.07377643,0.0008688097,0.0008688097,0.15435853,0.0000000000,0.7701274, -0.1371630,50.82253
London,0.08647745,0.0007509019,0.0002645223,0.16051297,0.0010239572,0.7509702, -0.1277583,51.50735
Grimsby,0.08761596,0.0000000000,0.0000000000,0.10889412,0.0169341776,0.7865557, -0.0807840,53.56747
Boston,0.14565135,0.0000000000,0.0022787695,0.06817319,0.0056969237,0.7781998, -0.0265770,52.97894
Royston,0.10023066,0.0018871881,0.0037743762,0.08492346,0.0000000000,0.8091843, -0.0240660,52.04814
Louth_Lincs,0.10646613,0.0014211274,0.0000000000,0.10255803,0.0063950734,0.7831596, -0.0077110,53.36596
Lewes,0.06991307,0.0008840430,0.0008840430,0.15942243,0.0000000000,0.7688964,  0.0087800,50.87387
Chatteris,0.15795091,0.0025613661,0.0102454642,0.06659552,0.0038420491,0.7588047,  0.0540120,52.45610
Uckfield,0.06632615,0.0009013746,0.0009013746,0.15860437,0.0000000000,0.7732667,  0.0959130,50.96641
Cambridge,0.08028442,0.0023270847,0.0046541694,0.07886231,0.0000000000,0.8338720,  0.1218170,52.20534
Bishop's Stortford,0.11914995,0.0000000000,0.0000000000,0.11222541,0.0000000000,0.7686246,  0.1536502,51.87216
Wisbech,0.17064911,0.0022577611,0.0090310442,0.06641580,0.0079021637,0.7437441,  0.1587970,52.66632
Sevenoaks,0.09660625,0.0000000000,0.0000000000,0.10894717,0.0000000000,0.7944466,  0.1908980,51.27241
Tunbridge Wells,0.08482467,0.0013626453,0.0013626453,0.08749319,0.0006813227,0.8242755,  0.2636950,51.13238
Eastbourne,0.07295315,0.0007929690,0.0007929690,0.14914425,0.0007929690,0.7755237,  0.2904720,50.76803
Brentwood,0.25365745,0.0000000000,0.0000000000,0.10375008,0.0011499393,0.6414425,  0.3071749,51.62047
Skegness,0.12143559,0.0000000000,0.0000000000,0.07014094,0.0078662734,0.8005572,  0.3378810,53.14640
Downham Market,0.14330922,0.0054249548,0.0027124774,0.05628391,0.0081374322,0.7841320,  0.3854720,52.60661
King's Lynn,0.13448845,0.0024752475,0.0024752475,0.06538779,0.0074257426,0.7877475,  0.4022963,52.75168
Bexhill,0.07279092,0.0014485756,0.0000000000,0.11654998,0.0014485756,0.8077620,  0.4662071,50.84991
Chelmsford,0.23514674,0.0000000000,0.0004772131,0.09122723,0.0023860654,0.6707627,  0.4685497,51.73559
Mildenhall,0.10157909,0.0038784745,0.0044325422,0.07239819,0.0011081356,0.8166036,  0.5156095,52.34757
Medway,0.14906322,0.0019471247,0.0012980832,0.08123837,0.0006490416,0.7658042,  0.5417861,51.40474
Braintree,0.11202186,0.0000000000,0.0000000000,0.12685402,0.0046838407,0.7564403,  0.5509269,51.88009
Gillingham,0.14687686,0.0020622336,0.0013748224,0.08191650,0.0006874112,0.7670822,  0.5514380,51.38632
Hastings,0.07417934,0.0000000000,0.0000000000,0.09691630,0.0017052721,0.8271991,  0.5734530,50.85426
Maldon,0.13240418,0.0000000000,0.0010452962,0.10365854,0.0020905923,0.7608014,  0.6714480,51.73181
Southend,0.24693374,0.0004354452,0.0004354452,0.08106539,0.0021772262,0.6689528,  0.7077123,51.54593
Bury St Edmunds,0.12577640,0.0018633540,0.0018633540,0.07484472,0.0000000000,0.7956522,  0.7104932,52.24292
Thetford,0.10762712,0.0043583535,0.0014527845,0.06634383,0.0014527845,0.8187651,  0.7516570,52.41286
Ashford,0.11654366,0.0011872020,0.0011872020,0.09458042,0.0029680049,0.7835335,  0.8750190,51.14647
Faversham,0.12067516,0.0017602535,0.0011735023,0.08605684,0.0005867512,0.7897475,  0.8893580,51.31599
Colchester,0.13529222,0.0000000000,0.0000000000,0.10542460,0.0077494349,0.7515337,  0.8918740,51.89593
New Romney,0.10347139,0.0000000000,0.0000000000,0.09914263,0.0067026001,0.7906834,  0.9394730,50.98512
Canterbury,0.11355613,0.0000000000,0.0000000000,0.09767004,0.0052953636,0.7834785,  1.0789089,51.28023
Ipswich,0.13186813,0.0000000000,0.0000000000,0.08737604,0.0064325918,0.7743232,  1.1482200,52.05674
Clacton,0.15451895,0.0000000000,0.0000000000,0.09606414,0.0087463557,0.7406706,  1.1530350,51.78953
Folkestone,0.10385932,0.0000000000,0.0000000000,0.09766317,0.0053109878,0.7931665,  1.1694560,51.08140
Sheringham,0.08848591,0.0030587721,0.0000000000,0.09329255,0.0109241861,0.8042386,  1.2109589,52.94442
Harwich,0.13186813,0.0000000000,0.0000000000,0.09139641,0.0064325918,0.7703029,  1.2602970,51.93473
Norwich,0.10588235,0.0027450980,0.0000000000,0.08705882,0.0098039216,0.7945098,  1.2973550,52.63089
Cromer,0.09174890,0.0029393240,0.0000000000,0.09006928,0.0104975856,0.8047449,  1.3018660,52.93145
Dover,0.10851856,0.0000000000,0.0000000000,0.09804492,0.0052368207,0.7881997,  1.3134027,51.12788
Felixstowe,0.13203521,0.0000000000,0.0000000000,0.09255802,0.0064017071,0.7690051,  1.3512550,51.96173
Margate,0.12398532,0.0000000000,0.0000000000,0.09396197,0.0050038919,0.7770488,  1.3868339,51.38965
Ramsgate,0.12176646,0.0000000000,0.0000000000,0.09146513,0.0050502216,0.7817182,  1.4198950,51.33555
Great Yarmouth,0.10784769,0.0032505224,0.0000000000,0.09159508,0.0116090086,0.7856977,  1.7280470,52.59823
Lowestoft,0.10814901,0.0032596042,0.0000000000,0.09254948,0.0130384168,0.7830035,  1.7534490,52.48114
Swaffham,0.11903882,0.0066543438,0.0000000000,0.07504621,0.0044362292,0.7948244,  0.6874810,52.64747
Dereham,0.09391771,0.0031305903,0.0000000000,0.08877460,0.0111806798,0.8029964,  0.9378270,52.68162
Ely,0.09211431,0.0041245213,0.0047137386,0.07424138,0.0011784346,0.8236276,  0.2623630,52.39954
March,0.16097002,0.0022913882,0.0091655528,0.06778690,0.0080198587,0.7517663,  0.0886220,52.55172
St Neots,0.11501788,0.0035756853,0.0000000000,0.09892729,0.0000000000,0.7824791, -0.2651030,52.23008
Banham,0.10149145,0.0025463805,0.0000000000,0.08521280,0.0080029101,0.8027465,  1.0402849,52.45125
Holt,0.09015707,0.0029319372,0.0000000000,0.08910995,0.0104712042,0.8073298,  1.0867470,52.90936
Cromer,0.09174890,0.0029393240,0.0000000000,0.09006928,0.0104975856,0.8047449,  1.3018660,52.93145
Hunstanton,0.12534341,0.0020604396,0.0000000000,0.06112637,0.0092719780,0.8021978,  0.4910320,52.93891
Horncastle,0.10721224,0.0014570180,0.0000000000,0.10174842,0.0065565809,0.7830257, -0.1124500,53.20731
Market Weighton,0.08240298,0.0000000000,0.0010632642,0.11412369,0.0193159667,0.7830941, -0.6677465,53.86484
Hawes,0.06925452,0.0000000000,0.0026466696,0.10674901,0.0000000000,0.8213498, -2.1968695,54.30383
Reeth,0.09017364,0.0047355959,0.0000000000,0.10181531,0.0023677979,0.8009077, -1.9428115,54.38946
Aysgarth,0.09077634,0.0029204186,0.0000000000,0.10805549,0.0029204186,0.7953273, -1.9967434,54.29159
Stanhope,0.07755261,0.0023382697,0.0000000000,0.11126267,0.0023382697,0.8065082, -2.0113020,54.74946
Keswick,0.07635135,0.0032432432,0.0000000000,0.06743243,0.0072972973,0.8456757, -3.1347060,54.60128
Oxenholme,0.08267510,0.0000000000,0.0014274838,0.07553769,0.0028549676,0.8375048, -2.7243328,54.30134
